{
    "001": {
        "name": "Ba Đình",
        "type": "quan",
        "slug": "ba-dinh",
        "name_with_type": "Quận Ba Đình",
        "path": "Ba Đình, Hà Nội",
        "path_with_type": "Quận Ba Đình, Thành phố Hà Nội",
        "code": "001",
        "parent_code": "01"
    },
    "002": {
        "name": "Hoàn Kiếm",
        "type": "quan",
        "slug": "hoan-kiem",
        "name_with_type": "Quận Hoàn Kiếm",
        "path": "Hoàn Kiếm, Hà Nội",
        "path_with_type": "Quận Hoàn Kiếm, Thành phố Hà Nội",
        "code": "002",
        "parent_code": "01"
    },
    "003": {
        "name": "Tây Hồ",
        "type": "quan",
        "slug": "tay-ho",
        "name_with_type": "Quận Tây Hồ",
        "path": "Tây Hồ, Hà Nội",
        "path_with_type": "Quận Tây Hồ, Thành phố Hà Nội",
        "code": "003",
        "parent_code": "01"
    },
    "004": {
        "name": "Long Biên",
        "type": "quan",
        "slug": "long-bien",
        "name_with_type": "Quận Long Biên",
        "path": "Long Biên, Hà Nội",
        "path_with_type": "Quận Long Biên, Thành phố Hà Nội",
        "code": "004",
        "parent_code": "01"
    },
    "005": {
        "name": "Cầu Giấy",
        "type": "quan",
        "slug": "cau-giay",
        "name_with_type": "Quận Cầu Giấy",
        "path": "Cầu Giấy, Hà Nội",
        "path_with_type": "Quận Cầu Giấy, Thành phố Hà Nội",
        "code": "005",
        "parent_code": "01"
    },
    "006": {
        "name": "Đống Đa",
        "type": "quan",
        "slug": "dong-da",
        "name_with_type": "Quận Đống Đa",
        "path": "Đống Đa, Hà Nội",
        "path_with_type": "Quận Đống Đa, Thành phố Hà Nội",
        "code": "006",
        "parent_code": "01"
    },
    "007": {
        "name": "Hai Bà Trưng",
        "type": "quan",
        "slug": "hai-ba-trung",
        "name_with_type": "Quận Hai Bà Trưng",
        "path": "Hai Bà Trưng, Hà Nội",
        "path_with_type": "Quận Hai Bà Trưng, Thành phố Hà Nội",
        "code": "007",
        "parent_code": "01"
    },
    "008": {
        "name": "Hoàng Mai",
        "type": "quan",
        "slug": "hoang-mai",
        "name_with_type": "Quận Hoàng Mai",
        "path": "Hoàng Mai, Hà Nội",
        "path_with_type": "Quận Hoàng Mai, Thành phố Hà Nội",
        "code": "008",
        "parent_code": "01"
    },
    "009": {
        "name": "Thanh Xuân",
        "type": "quan",
        "slug": "thanh-xuan",
        "name_with_type": "Quận Thanh Xuân",
        "path": "Thanh Xuân, Hà Nội",
        "path_with_type": "Quận Thanh Xuân, Thành phố Hà Nội",
        "code": "009",
        "parent_code": "01"
    },
    "016": {
        "name": "Sóc Sơn",
        "type": "huyen",
        "slug": "soc-son",
        "name_with_type": "Huyện Sóc Sơn",
        "path": "Sóc Sơn, Hà Nội",
        "path_with_type": "Huyện Sóc Sơn, Thành phố Hà Nội",
        "code": "016",
        "parent_code": "01"
    },
    "017": {
        "name": "Đông Anh",
        "type": "huyen",
        "slug": "dong-anh",
        "name_with_type": "Huyện Đông Anh",
        "path": "Đông Anh, Hà Nội",
        "path_with_type": "Huyện Đông Anh, Thành phố Hà Nội",
        "code": "017",
        "parent_code": "01"
    },
    "018": {
        "name": "Gia Lâm",
        "type": "huyen",
        "slug": "gia-lam",
        "name_with_type": "Huyện Gia Lâm",
        "path": "Gia Lâm, Hà Nội",
        "path_with_type": "Huyện Gia Lâm, Thành phố Hà Nội",
        "code": "018",
        "parent_code": "01"
    },
    "019": {
        "name": "Nam Từ Liêm",
        "type": "quan",
        "slug": "nam-tu-liem",
        "name_with_type": "Quận Nam Từ Liêm",
        "path": "Nam Từ Liêm, Hà Nội",
        "path_with_type": "Quận Nam Từ Liêm, Thành phố Hà Nội",
        "code": "019",
        "parent_code": "01"
    },
    "020": {
        "name": "Thanh Trì",
        "type": "huyen",
        "slug": "thanh-tri",
        "name_with_type": "Huyện Thanh Trì",
        "path": "Thanh Trì, Hà Nội",
        "path_with_type": "Huyện Thanh Trì, Thành phố Hà Nội",
        "code": "020",
        "parent_code": "01"
    },
    "021": {
        "name": "Bắc Từ Liêm",
        "type": "quan",
        "slug": "bac-tu-liem",
        "name_with_type": "Quận Bắc Từ Liêm",
        "path": "Bắc Từ Liêm, Hà Nội",
        "path_with_type": "Quận Bắc Từ Liêm, Thành phố Hà Nội",
        "code": "021",
        "parent_code": "01"
    },
    "250": {
        "name": "Mê Linh",
        "type": "huyen",
        "slug": "me-linh",
        "name_with_type": "Huyện Mê Linh",
        "path": "Mê Linh, Hà Nội",
        "path_with_type": "Huyện Mê Linh, Thành phố Hà Nội",
        "code": "250",
        "parent_code": "01"
    },
    "268": {
        "name": "Hà Đông",
        "type": "quan",
        "slug": "ha-dong",
        "name_with_type": "Quận Hà Đông",
        "path": "Hà Đông, Hà Nội",
        "path_with_type": "Quận Hà Đông, Thành phố Hà Nội",
        "code": "268",
        "parent_code": "01"
    },
    "269": {
        "name": "Sơn Tây",
        "type": "thi-xa",
        "slug": "son-tay",
        "name_with_type": "Thị xã Sơn Tây",
        "path": "Sơn Tây, Hà Nội",
        "path_with_type": "Thị xã Sơn Tây, Thành phố Hà Nội",
        "code": "269",
        "parent_code": "01"
    },
    "271": {
        "name": "Ba Vì",
        "type": "huyen",
        "slug": "ba-vi",
        "name_with_type": "Huyện Ba Vì",
        "path": "Ba Vì, Hà Nội",
        "path_with_type": "Huyện Ba Vì, Thành phố Hà Nội",
        "code": "271",
        "parent_code": "01"
    },
    "272": {
        "name": "Phúc Thọ",
        "type": "huyen",
        "slug": "phuc-tho",
        "name_with_type": "Huyện Phúc Thọ",
        "path": "Phúc Thọ, Hà Nội",
        "path_with_type": "Huyện Phúc Thọ, Thành phố Hà Nội",
        "code": "272",
        "parent_code": "01"
    },
    "273": {
        "name": "Đan Phượng",
        "type": "huyen",
        "slug": "dan-phuong",
        "name_with_type": "Huyện Đan Phượng",
        "path": "Đan Phượng, Hà Nội",
        "path_with_type": "Huyện Đan Phượng, Thành phố Hà Nội",
        "code": "273",
        "parent_code": "01"
    },
    "274": {
        "name": "Hoài Đức",
        "type": "huyen",
        "slug": "hoai-duc",
        "name_with_type": "Huyện Hoài Đức",
        "path": "Hoài Đức, Hà Nội",
        "path_with_type": "Huyện Hoài Đức, Thành phố Hà Nội",
        "code": "274",
        "parent_code": "01"
    },
    "275": {
        "name": "Quốc Oai",
        "type": "huyen",
        "slug": "quoc-oai",
        "name_with_type": "Huyện Quốc Oai",
        "path": "Quốc Oai, Hà Nội",
        "path_with_type": "Huyện Quốc Oai, Thành phố Hà Nội",
        "code": "275",
        "parent_code": "01"
    },
    "276": {
        "name": "Thạch Thất",
        "type": "huyen",
        "slug": "thach-that",
        "name_with_type": "Huyện Thạch Thất",
        "path": "Thạch Thất, Hà Nội",
        "path_with_type": "Huyện Thạch Thất, Thành phố Hà Nội",
        "code": "276",
        "parent_code": "01"
    },
    "277": {
        "name": "Chương Mỹ",
        "type": "huyen",
        "slug": "chuong-my",
        "name_with_type": "Huyện Chương Mỹ",
        "path": "Chương Mỹ, Hà Nội",
        "path_with_type": "Huyện Chương Mỹ, Thành phố Hà Nội",
        "code": "277",
        "parent_code": "01"
    },
    "278": {
        "name": "Thanh Oai",
        "type": "huyen",
        "slug": "thanh-oai",
        "name_with_type": "Huyện Thanh Oai",
        "path": "Thanh Oai, Hà Nội",
        "path_with_type": "Huyện Thanh Oai, Thành phố Hà Nội",
        "code": "278",
        "parent_code": "01"
    },
    "279": {
        "name": "Thường Tín",
        "type": "huyen",
        "slug": "thuong-tin",
        "name_with_type": "Huyện Thường Tín",
        "path": "Thường Tín, Hà Nội",
        "path_with_type": "Huyện Thường Tín, Thành phố Hà Nội",
        "code": "279",
        "parent_code": "01"
    },
    "280": {
        "name": "Phú Xuyên",
        "type": "huyen",
        "slug": "phu-xuyen",
        "name_with_type": "Huyện Phú Xuyên",
        "path": "Phú Xuyên, Hà Nội",
        "path_with_type": "Huyện Phú Xuyên, Thành phố Hà Nội",
        "code": "280",
        "parent_code": "01"
    },
    "281": {
        "name": "Ứng Hòa",
        "type": "huyen",
        "slug": "ung-hoa",
        "name_with_type": "Huyện Ứng Hòa",
        "path": "Ứng Hòa, Hà Nội",
        "path_with_type": "Huyện Ứng Hòa, Thành phố Hà Nội",
        "code": "281",
        "parent_code": "01"
    },
    "282": {
        "name": "Mỹ Đức",
        "type": "huyen",
        "slug": "my-duc",
        "name_with_type": "Huyện Mỹ Đức",
        "path": "Mỹ Đức, Hà Nội",
        "path_with_type": "Huyện Mỹ Đức, Thành phố Hà Nội",
        "code": "282",
        "parent_code": "01"
    }
}