{
    "024": {
        "name": "Hà Giang",
        "type": "thanh-pho",
        "slug": "ha-giang",
        "name_with_type": "Thành phố Hà Giang",
        "path": "Hà Giang, Hà Giang",
        "path_with_type": "Thành phố Hà Giang, Tỉnh Hà Giang",
        "code": "024",
        "parent_code": "02"
    },
    "026": {
        "name": "Đồng Văn",
        "type": "huyen",
        "slug": "dong-van",
        "name_with_type": "Huyện Đồng Văn",
        "path": "Đồng Văn, Hà Giang",
        "path_with_type": "Huyện Đồng Văn, Tỉnh Hà Giang",
        "code": "026",
        "parent_code": "02"
    },
    "027": {
        "name": "Mèo Vạc",
        "type": "huyen",
        "slug": "meo-vac",
        "name_with_type": "Huyện Mèo Vạc",
        "path": "Mèo Vạc, Hà Giang",
        "path_with_type": "Huyện Mèo Vạc, Tỉnh Hà Giang",
        "code": "027",
        "parent_code": "02"
    },
    "028": {
        "name": "Yên Minh",
        "type": "huyen",
        "slug": "yen-minh",
        "name_with_type": "Huyện Yên Minh",
        "path": "Yên Minh, Hà Giang",
        "path_with_type": "Huyện Yên Minh, Tỉnh Hà Giang",
        "code": "028",
        "parent_code": "02"
    },
    "029": {
        "name": "Quản Bạ",
        "type": "huyen",
        "slug": "quan-ba",
        "name_with_type": "Huyện Quản Bạ",
        "path": "Quản Bạ, Hà Giang",
        "path_with_type": "Huyện Quản Bạ, Tỉnh Hà Giang",
        "code": "029",
        "parent_code": "02"
    },
    "030": {
        "name": "Vị Xuyên",
        "type": "huyen",
        "slug": "vi-xuyen",
        "name_with_type": "Huyện Vị Xuyên",
        "path": "Vị Xuyên, Hà Giang",
        "path_with_type": "Huyện Vị Xuyên, Tỉnh Hà Giang",
        "code": "030",
        "parent_code": "02"
    },
    "031": {
        "name": "Bắc Mê",
        "type": "huyen",
        "slug": "bac-me",
        "name_with_type": "Huyện Bắc Mê",
        "path": "Bắc Mê, Hà Giang",
        "path_with_type": "Huyện Bắc Mê, Tỉnh Hà Giang",
        "code": "031",
        "parent_code": "02"
    },
    "032": {
        "name": "Hoàng Su Phì",
        "type": "huyen",
        "slug": "hoang-su-phi",
        "name_with_type": "Huyện Hoàng Su Phì",
        "path": "Hoàng Su Phì, Hà Giang",
        "path_with_type": "Huyện Hoàng Su Phì, Tỉnh Hà Giang",
        "code": "032",
        "parent_code": "02"
    },
    "033": {
        "name": "Xín Mần",
        "type": "huyen",
        "slug": "xin-man",
        "name_with_type": "Huyện Xín Mần",
        "path": "Xín Mần, Hà Giang",
        "path_with_type": "Huyện Xín Mần, Tỉnh Hà Giang",
        "code": "033",
        "parent_code": "02"
    },
    "034": {
        "name": "Bắc Quang",
        "type": "huyen",
        "slug": "bac-quang",
        "name_with_type": "Huyện Bắc Quang",
        "path": "Bắc Quang, Hà Giang",
        "path_with_type": "Huyện Bắc Quang, Tỉnh Hà Giang",
        "code": "034",
        "parent_code": "02"
    },
    "035": {
        "name": "Quang Bình",
        "type": "huyen",
        "slug": "quang-binh",
        "name_with_type": "Huyện Quang Bình",
        "path": "Quang Bình, Hà Giang",
        "path_with_type": "Huyện Quang Bình, Tỉnh Hà Giang",
        "code": "035",
        "parent_code": "02"
    }
}