{
    "058": {
        "name": "Bắc Kạn",
        "type": "thanh-pho",
        "slug": "bac-kan",
        "name_with_type": "Thành Phố Bắc Kạn",
        "path": "Bắc Kạn, Bắc Kạn",
        "path_with_type": "Thành Phố Bắc Kạn, Tỉnh Bắc Kạn",
        "code": "058",
        "parent_code": "06"
    },
    "060": {
        "name": "Pác Nặm",
        "type": "huyen",
        "slug": "pac-nam",
        "name_with_type": "Huyện Pác Nặm",
        "path": "Pác Nặm, Bắc Kạn",
        "path_with_type": "Huyện Pác Nặm, Tỉnh Bắc Kạn",
        "code": "060",
        "parent_code": "06"
    },
    "061": {
        "name": "Ba Bể",
        "type": "huyen",
        "slug": "ba-be",
        "name_with_type": "Huyện Ba Bể",
        "path": "Ba Bể, Bắc Kạn",
        "path_with_type": "Huyện Ba Bể, Tỉnh Bắc Kạn",
        "code": "061",
        "parent_code": "06"
    },
    "062": {
        "name": "Ngân Sơn",
        "type": "huyen",
        "slug": "ngan-son",
        "name_with_type": "Huyện Ngân Sơn",
        "path": "Ngân Sơn, Bắc Kạn",
        "path_with_type": "Huyện Ngân Sơn, Tỉnh Bắc Kạn",
        "code": "062",
        "parent_code": "06"
    },
    "063": {
        "name": "Bạch Thông",
        "type": "huyen",
        "slug": "bach-thong",
        "name_with_type": "Huyện Bạch Thông",
        "path": "Bạch Thông, Bắc Kạn",
        "path_with_type": "Huyện Bạch Thông, Tỉnh Bắc Kạn",
        "code": "063",
        "parent_code": "06"
    },
    "064": {
        "name": "Chợ Đồn",
        "type": "huyen",
        "slug": "cho-don",
        "name_with_type": "Huyện Chợ Đồn",
        "path": "Chợ Đồn, Bắc Kạn",
        "path_with_type": "Huyện Chợ Đồn, Tỉnh Bắc Kạn",
        "code": "064",
        "parent_code": "06"
    },
    "065": {
        "name": "Chợ Mới",
        "type": "huyen",
        "slug": "cho-moi",
        "name_with_type": "Huyện Chợ Mới",
        "path": "Chợ Mới, Bắc Kạn",
        "path_with_type": "Huyện Chợ Mới, Tỉnh Bắc Kạn",
        "code": "065",
        "parent_code": "06"
    },
    "066": {
        "name": "Na Rì",
        "type": "huyen",
        "slug": "na-ri",
        "name_with_type": "Huyện Na Rì",
        "path": "Na Rì, Bắc Kạn",
        "path_with_type": "Huyện Na Rì, Tỉnh Bắc Kạn",
        "code": "066",
        "parent_code": "06"
    }
}