{
    "080": {
        "name": "Lào Cai",
        "type": "thanh-pho",
        "slug": "lao-cai",
        "name_with_type": "Thành phố Lào Cai",
        "path": "Lào Cai, Lào Cai",
        "path_with_type": "Thành phố Lào Cai, Tỉnh Lào Cai",
        "code": "080",
        "parent_code": "10"
    },
    "082": {
        "name": "Bát Xát",
        "type": "huyen",
        "slug": "bat-xat",
        "name_with_type": "Huyện Bát Xát",
        "path": "Bát Xát, Lào Cai",
        "path_with_type": "Huyện Bát Xát, Tỉnh Lào Cai",
        "code": "082",
        "parent_code": "10"
    },
    "083": {
        "name": "Mường Khương",
        "type": "huyen",
        "slug": "muong-khuong",
        "name_with_type": "Huyện Mường Khương",
        "path": "Mường Khương, Lào Cai",
        "path_with_type": "Huyện Mường Khương, Tỉnh Lào Cai",
        "code": "083",
        "parent_code": "10"
    },
    "084": {
        "name": "Si Ma Cai",
        "type": "huyen",
        "slug": "si-ma-cai",
        "name_with_type": "Huyện Si Ma Cai",
        "path": "Si Ma Cai, Lào Cai",
        "path_with_type": "Huyện Si Ma Cai, Tỉnh Lào Cai",
        "code": "084",
        "parent_code": "10"
    },
    "085": {
        "name": "Bắc Hà",
        "type": "huyen",
        "slug": "bac-ha",
        "name_with_type": "Huyện Bắc Hà",
        "path": "Bắc Hà, Lào Cai",
        "path_with_type": "Huyện Bắc Hà, Tỉnh Lào Cai",
        "code": "085",
        "parent_code": "10"
    },
    "086": {
        "name": "Bảo Thắng",
        "type": "huyen",
        "slug": "bao-thang",
        "name_with_type": "Huyện Bảo Thắng",
        "path": "Bảo Thắng, Lào Cai",
        "path_with_type": "Huyện Bảo Thắng, Tỉnh Lào Cai",
        "code": "086",
        "parent_code": "10"
    },
    "087": {
        "name": "Bảo Yên",
        "type": "huyen",
        "slug": "bao-yen",
        "name_with_type": "Huyện Bảo Yên",
        "path": "Bảo Yên, Lào Cai",
        "path_with_type": "Huyện Bảo Yên, Tỉnh Lào Cai",
        "code": "087",
        "parent_code": "10"
    },
    "088": {
        "name": "Sa Pa",
        "type": "thi-xa",
        "slug": "sa-pa",
        "name_with_type": "Thị xã Sa Pa",
        "path": "Sa Pa, Lào Cai",
        "path_with_type": "Thị xã Sa Pa, Tỉnh Lào Cai",
        "code": "088",
        "parent_code": "10"
    },
    "089": {
        "name": "Văn Bàn",
        "type": "huyen",
        "slug": "van-ban",
        "name_with_type": "Huyện Văn Bàn",
        "path": "Văn Bàn, Lào Cai",
        "path_with_type": "Huyện Văn Bàn, Tỉnh Lào Cai",
        "code": "089",
        "parent_code": "10"
    }
}