{
    "105": {
        "name": "Lai Châu",
        "type": "thanh-pho",
        "slug": "lai-chau",
        "name_with_type": "Thành phố Lai Châu",
        "path": "Lai Châu, Lai Châu",
        "path_with_type": "Thành phố Lai Châu, Tỉnh Lai Châu",
        "code": "105",
        "parent_code": "12"
    },
    "106": {
        "name": "Tam Đường",
        "type": "huyen",
        "slug": "tam-duong",
        "name_with_type": "Huyện Tam Đường",
        "path": "Tam Đường, Lai Châu",
        "path_with_type": "Huyện Tam Đường, Tỉnh Lai Châu",
        "code": "106",
        "parent_code": "12"
    },
    "107": {
        "name": "Mường Tè",
        "type": "huyen",
        "slug": "muong-te",
        "name_with_type": "Huyện Mường Tè",
        "path": "Mường Tè, Lai Châu",
        "path_with_type": "Huyện Mường Tè, Tỉnh Lai Châu",
        "code": "107",
        "parent_code": "12"
    },
    "108": {
        "name": "Sìn Hồ",
        "type": "huyen",
        "slug": "sin-ho",
        "name_with_type": "Huyện Sìn Hồ",
        "path": "Sìn Hồ, Lai Châu",
        "path_with_type": "Huyện Sìn Hồ, Tỉnh Lai Châu",
        "code": "108",
        "parent_code": "12"
    },
    "109": {
        "name": "Phong Thổ",
        "type": "huyen",
        "slug": "phong-tho",
        "name_with_type": "Huyện Phong Thổ",
        "path": "Phong Thổ, Lai Châu",
        "path_with_type": "Huyện Phong Thổ, Tỉnh Lai Châu",
        "code": "109",
        "parent_code": "12"
    },
    "110": {
        "name": "Than Uyên",
        "type": "huyen",
        "slug": "than-uyen",
        "name_with_type": "Huyện Than Uyên",
        "path": "Than Uyên, Lai Châu",
        "path_with_type": "Huyện Than Uyên, Tỉnh Lai Châu",
        "code": "110",
        "parent_code": "12"
    },
    "111": {
        "name": "Tân Uyên",
        "type": "huyen",
        "slug": "tan-uyen",
        "name_with_type": "Huyện Tân Uyên",
        "path": "Tân Uyên, Lai Châu",
        "path_with_type": "Huyện Tân Uyên, Tỉnh Lai Châu",
        "code": "111",
        "parent_code": "12"
    },
    "112": {
        "name": "Nậm Nhùn",
        "type": "huyen",
        "slug": "nam-nhun",
        "name_with_type": "Huyện Nậm Nhùn",
        "path": "Nậm Nhùn, Lai Châu",
        "path_with_type": "Huyện Nậm Nhùn, Tỉnh Lai Châu",
        "code": "112",
        "parent_code": "12"
    }
}