{
    "116": {
        "name": "Sơn La",
        "type": "thanh-pho",
        "slug": "son-la",
        "name_with_type": "Thành phố Sơn La",
        "path": "Sơn La, Sơn La",
        "path_with_type": "Thành phố Sơn La, Tỉnh Sơn La",
        "code": "116",
        "parent_code": "14"
    },
    "118": {
        "name": "Quỳnh Nhai",
        "type": "huyen",
        "slug": "quynh-nhai",
        "name_with_type": "Huyện Quỳnh Nhai",
        "path": "Quỳnh Nhai, Sơn La",
        "path_with_type": "Huyện Quỳnh Nhai, Tỉnh Sơn La",
        "code": "118",
        "parent_code": "14"
    },
    "119": {
        "name": "Thuận Châu",
        "type": "huyen",
        "slug": "thuan-chau",
        "name_with_type": "Huyện Thuận Châu",
        "path": "Thuận Châu, Sơn La",
        "path_with_type": "Huyện Thuận Châu, Tỉnh Sơn La",
        "code": "119",
        "parent_code": "14"
    },
    "120": {
        "name": "Mường La",
        "type": "huyen",
        "slug": "muong-la",
        "name_with_type": "Huyện Mường La",
        "path": "Mường La, Sơn La",
        "path_with_type": "Huyện Mường La, Tỉnh Sơn La",
        "code": "120",
        "parent_code": "14"
    },
    "121": {
        "name": "Bắc Yên",
        "type": "huyen",
        "slug": "bac-yen",
        "name_with_type": "Huyện Bắc Yên",
        "path": "Bắc Yên, Sơn La",
        "path_with_type": "Huyện Bắc Yên, Tỉnh Sơn La",
        "code": "121",
        "parent_code": "14"
    },
    "122": {
        "name": "Phù Yên",
        "type": "huyen",
        "slug": "phu-yen",
        "name_with_type": "Huyện Phù Yên",
        "path": "Phù Yên, Sơn La",
        "path_with_type": "Huyện Phù Yên, Tỉnh Sơn La",
        "code": "122",
        "parent_code": "14"
    },
    "123": {
        "name": "Mộc Châu",
        "type": "huyen",
        "slug": "moc-chau",
        "name_with_type": "Huyện Mộc Châu",
        "path": "Mộc Châu, Sơn La",
        "path_with_type": "Huyện Mộc Châu, Tỉnh Sơn La",
        "code": "123",
        "parent_code": "14"
    },
    "124": {
        "name": "Yên Châu",
        "type": "huyen",
        "slug": "yen-chau",
        "name_with_type": "Huyện Yên Châu",
        "path": "Yên Châu, Sơn La",
        "path_with_type": "Huyện Yên Châu, Tỉnh Sơn La",
        "code": "124",
        "parent_code": "14"
    },
    "125": {
        "name": "Mai Sơn",
        "type": "huyen",
        "slug": "mai-son",
        "name_with_type": "Huyện Mai Sơn",
        "path": "Mai Sơn, Sơn La",
        "path_with_type": "Huyện Mai Sơn, Tỉnh Sơn La",
        "code": "125",
        "parent_code": "14"
    },
    "126": {
        "name": "Sông Mã",
        "type": "huyen",
        "slug": "song-ma",
        "name_with_type": "Huyện Sông Mã",
        "path": "Sông Mã, Sơn La",
        "path_with_type": "Huyện Sông Mã, Tỉnh Sơn La",
        "code": "126",
        "parent_code": "14"
    },
    "127": {
        "name": "Sốp Cộp",
        "type": "huyen",
        "slug": "sop-cop",
        "name_with_type": "Huyện Sốp Cộp",
        "path": "Sốp Cộp, Sơn La",
        "path_with_type": "Huyện Sốp Cộp, Tỉnh Sơn La",
        "code": "127",
        "parent_code": "14"
    },
    "128": {
        "name": "Vân Hồ",
        "type": "huyen",
        "slug": "van-ho",
        "name_with_type": "Huyện Vân Hồ",
        "path": "Vân Hồ, Sơn La",
        "path_with_type": "Huyện Vân Hồ, Tỉnh Sơn La",
        "code": "128",
        "parent_code": "14"
    }
}