{
    "148": {
        "name": "Hòa Bình",
        "type": "thanh-pho",
        "slug": "hoa-binh",
        "name_with_type": "Thành phố Hòa Bình",
        "path": "Hòa Bình, Hoà Bình",
        "path_with_type": "Thành phố Hòa Bình, Tỉnh Hoà Bình",
        "code": "148",
        "parent_code": "17"
    },
    "150": {
        "name": "Đà Bắc",
        "type": "huyen",
        "slug": "da-bac",
        "name_with_type": "Huyện Đà Bắc",
        "path": "Đà Bắc, Hoà Bình",
        "path_with_type": "Huyện Đà Bắc, Tỉnh Hoà Bình",
        "code": "150",
        "parent_code": "17"
    },
    "152": {
        "name": "Lương Sơn",
        "type": "huyen",
        "slug": "luong-son",
        "name_with_type": "Huyện Lương Sơn",
        "path": "Lương Sơn, Hoà Bình",
        "path_with_type": "Huyện Lương Sơn, Tỉnh Hoà Bình",
        "code": "152",
        "parent_code": "17"
    },
    "153": {
        "name": "Kim Bôi",
        "type": "huyen",
        "slug": "kim-boi",
        "name_with_type": "Huyện Kim Bôi",
        "path": "Kim Bôi, Hoà Bình",
        "path_with_type": "Huyện Kim Bôi, Tỉnh Hoà Bình",
        "code": "153",
        "parent_code": "17"
    },
    "154": {
        "name": "Cao Phong",
        "type": "huyen",
        "slug": "cao-phong",
        "name_with_type": "Huyện Cao Phong",
        "path": "Cao Phong, Hoà Bình",
        "path_with_type": "Huyện Cao Phong, Tỉnh Hoà Bình",
        "code": "154",
        "parent_code": "17"
    },
    "155": {
        "name": "Tân Lạc",
        "type": "huyen",
        "slug": "tan-lac",
        "name_with_type": "Huyện Tân Lạc",
        "path": "Tân Lạc, Hoà Bình",
        "path_with_type": "Huyện Tân Lạc, Tỉnh Hoà Bình",
        "code": "155",
        "parent_code": "17"
    },
    "156": {
        "name": "Mai Châu",
        "type": "huyen",
        "slug": "mai-chau",
        "name_with_type": "Huyện Mai Châu",
        "path": "Mai Châu, Hoà Bình",
        "path_with_type": "Huyện Mai Châu, Tỉnh Hoà Bình",
        "code": "156",
        "parent_code": "17"
    },
    "157": {
        "name": "Lạc Sơn",
        "type": "huyen",
        "slug": "lac-son",
        "name_with_type": "Huyện Lạc Sơn",
        "path": "Lạc Sơn, Hoà Bình",
        "path_with_type": "Huyện Lạc Sơn, Tỉnh Hoà Bình",
        "code": "157",
        "parent_code": "17"
    },
    "158": {
        "name": "Yên Thủy",
        "type": "huyen",
        "slug": "yen-thuy",
        "name_with_type": "Huyện Yên Thủy",
        "path": "Yên Thủy, Hoà Bình",
        "path_with_type": "Huyện Yên Thủy, Tỉnh Hoà Bình",
        "code": "158",
        "parent_code": "17"
    },
    "159": {
        "name": "Lạc Thủy",
        "type": "huyen",
        "slug": "lac-thuy",
        "name_with_type": "Huyện Lạc Thủy",
        "path": "Lạc Thủy, Hoà Bình",
        "path_with_type": "Huyện Lạc Thủy, Tỉnh Hoà Bình",
        "code": "159",
        "parent_code": "17"
    }
}