{
    "164": {
        "name": "Thái Nguyên",
        "type": "thanh-pho",
        "slug": "thai-nguyen",
        "name_with_type": "Thành phố Thái Nguyên",
        "path": "Thái Nguyên, Thái Nguyên",
        "path_with_type": "Thành phố Thái Nguyên, Tỉnh Thái Nguyên",
        "code": "164",
        "parent_code": "19"
    },
    "165": {
        "name": "Sông Công",
        "type": "thanh-pho",
        "slug": "song-cong",
        "name_with_type": "Thành phố Sông Công",
        "path": "Sông Công, Thái Nguyên",
        "path_with_type": "Thành phố Sông Công, Tỉnh Thái Nguyên",
        "code": "165",
        "parent_code": "19"
    },
    "167": {
        "name": "Định Hóa",
        "type": "huyen",
        "slug": "dinh-hoa",
        "name_with_type": "Huyện Định Hóa",
        "path": "Định Hóa, Thái Nguyên",
        "path_with_type": "Huyện Định Hóa, Tỉnh Thái Nguyên",
        "code": "167",
        "parent_code": "19"
    },
    "168": {
        "name": "Phú Lương",
        "type": "huyen",
        "slug": "phu-luong",
        "name_with_type": "Huyện Phú Lương",
        "path": "Phú Lương, Thái Nguyên",
        "path_with_type": "Huyện Phú Lương, Tỉnh Thái Nguyên",
        "code": "168",
        "parent_code": "19"
    },
    "169": {
        "name": "Đồng Hỷ",
        "type": "huyen",
        "slug": "dong-hy",
        "name_with_type": "Huyện Đồng Hỷ",
        "path": "Đồng Hỷ, Thái Nguyên",
        "path_with_type": "Huyện Đồng Hỷ, Tỉnh Thái Nguyên",
        "code": "169",
        "parent_code": "19"
    },
    "170": {
        "name": "Võ Nhai",
        "type": "huyen",
        "slug": "vo-nhai",
        "name_with_type": "Huyện Võ Nhai",
        "path": "Võ Nhai, Thái Nguyên",
        "path_with_type": "Huyện Võ Nhai, Tỉnh Thái Nguyên",
        "code": "170",
        "parent_code": "19"
    },
    "171": {
        "name": "Đại Từ",
        "type": "huyen",
        "slug": "dai-tu",
        "name_with_type": "Huyện Đại Từ",
        "path": "Đại Từ, Thái Nguyên",
        "path_with_type": "Huyện Đại Từ, Tỉnh Thái Nguyên",
        "code": "171",
        "parent_code": "19"
    },
    "172": {
        "name": "Phổ Yên",
        "type": "thi-xa",
        "slug": "pho-yen",
        "name_with_type": "Thị xã Phổ Yên",
        "path": "Phổ Yên, Thái Nguyên",
        "path_with_type": "Thị xã Phổ Yên, Tỉnh Thái Nguyên",
        "code": "172",
        "parent_code": "19"
    },
    "173": {
        "name": "Phú Bình",
        "type": "huyen",
        "slug": "phu-binh",
        "name_with_type": "Huyện Phú Bình",
        "path": "Phú Bình, Thái Nguyên",
        "path_with_type": "Huyện Phú Bình, Tỉnh Thái Nguyên",
        "code": "173",
        "parent_code": "19"
    }
}