{
    "213": {
        "name": "Bắc Giang",
        "type": "thanh-pho",
        "slug": "bac-giang",
        "name_with_type": "Thành phố Bắc Giang",
        "path": "Bắc Giang, Bắc Giang",
        "path_with_type": "Thành phố Bắc Giang, Tỉnh Bắc Giang",
        "code": "213",
        "parent_code": "24"
    },
    "215": {
        "name": "Yên Thế",
        "type": "huyen",
        "slug": "yen-the",
        "name_with_type": "Huyện Yên Thế",
        "path": "Yên Thế, Bắc Giang",
        "path_with_type": "Huyện Yên Thế, Tỉnh Bắc Giang",
        "code": "215",
        "parent_code": "24"
    },
    "216": {
        "name": "Tân Yên",
        "type": "huyen",
        "slug": "tan-yen",
        "name_with_type": "Huyện Tân Yên",
        "path": "Tân Yên, Bắc Giang",
        "path_with_type": "Huyện Tân Yên, Tỉnh Bắc Giang",
        "code": "216",
        "parent_code": "24"
    },
    "217": {
        "name": "Lạng Giang",
        "type": "huyen",
        "slug": "lang-giang",
        "name_with_type": "Huyện Lạng Giang",
        "path": "Lạng Giang, Bắc Giang",
        "path_with_type": "Huyện Lạng Giang, Tỉnh Bắc Giang",
        "code": "217",
        "parent_code": "24"
    },
    "218": {
        "name": "Lục Nam",
        "type": "huyen",
        "slug": "luc-nam",
        "name_with_type": "Huyện Lục Nam",
        "path": "Lục Nam, Bắc Giang",
        "path_with_type": "Huyện Lục Nam, Tỉnh Bắc Giang",
        "code": "218",
        "parent_code": "24"
    },
    "219": {
        "name": "Lục Ngạn",
        "type": "huyen",
        "slug": "luc-ngan",
        "name_with_type": "Huyện Lục Ngạn",
        "path": "Lục Ngạn, Bắc Giang",
        "path_with_type": "Huyện Lục Ngạn, Tỉnh Bắc Giang",
        "code": "219",
        "parent_code": "24"
    },
    "220": {
        "name": "Sơn Động",
        "type": "huyen",
        "slug": "son-dong",
        "name_with_type": "Huyện Sơn Động",
        "path": "Sơn Động, Bắc Giang",
        "path_with_type": "Huyện Sơn Động, Tỉnh Bắc Giang",
        "code": "220",
        "parent_code": "24"
    },
    "221": {
        "name": "Yên Dũng",
        "type": "huyen",
        "slug": "yen-dung",
        "name_with_type": "Huyện Yên Dũng",
        "path": "Yên Dũng, Bắc Giang",
        "path_with_type": "Huyện Yên Dũng, Tỉnh Bắc Giang",
        "code": "221",
        "parent_code": "24"
    },
    "222": {
        "name": "Việt Yên",
        "type": "huyen",
        "slug": "viet-yen",
        "name_with_type": "Huyện Việt Yên",
        "path": "Việt Yên, Bắc Giang",
        "path_with_type": "Huyện Việt Yên, Tỉnh Bắc Giang",
        "code": "222",
        "parent_code": "24"
    },
    "223": {
        "name": "Hiệp Hòa",
        "type": "huyen",
        "slug": "hiep-hoa",
        "name_with_type": "Huyện Hiệp Hòa",
        "path": "Hiệp Hòa, Bắc Giang",
        "path_with_type": "Huyện Hiệp Hòa, Tỉnh Bắc Giang",
        "code": "223",
        "parent_code": "24"
    }
}