{
    "227": {
        "name": "Việt Trì",
        "type": "thanh-pho",
        "slug": "viet-tri",
        "name_with_type": "Thành phố Việt Trì",
        "path": "Việt Trì, Phú Thọ",
        "path_with_type": "Thành phố Việt Trì, Tỉnh Phú Thọ",
        "code": "227",
        "parent_code": "25"
    },
    "228": {
        "name": "Phú Thọ",
        "type": "thi-xa",
        "slug": "phu-tho",
        "name_with_type": "Thị xã Phú Thọ",
        "path": "Phú Thọ, Phú Thọ",
        "path_with_type": "Thị xã Phú Thọ, Tỉnh Phú Thọ",
        "code": "228",
        "parent_code": "25"
    },
    "230": {
        "name": "Đoan Hùng",
        "type": "huyen",
        "slug": "doan-hung",
        "name_with_type": "Huyện Đoan Hùng",
        "path": "Đoan Hùng, Phú Thọ",
        "path_with_type": "Huyện Đoan Hùng, Tỉnh Phú Thọ",
        "code": "230",
        "parent_code": "25"
    },
    "231": {
        "name": "Hạ Hoà",
        "type": "huyen",
        "slug": "ha-hoa",
        "name_with_type": "Huyện Hạ Hoà",
        "path": "Hạ Hoà, Phú Thọ",
        "path_with_type": "Huyện Hạ Hoà, Tỉnh Phú Thọ",
        "code": "231",
        "parent_code": "25"
    },
    "232": {
        "name": "Thanh Ba",
        "type": "huyen",
        "slug": "thanh-ba",
        "name_with_type": "Huyện Thanh Ba",
        "path": "Thanh Ba, Phú Thọ",
        "path_with_type": "Huyện Thanh Ba, Tỉnh Phú Thọ",
        "code": "232",
        "parent_code": "25"
    },
    "233": {
        "name": "Phù Ninh",
        "type": "huyen",
        "slug": "phu-ninh",
        "name_with_type": "Huyện Phù Ninh",
        "path": "Phù Ninh, Phú Thọ",
        "path_with_type": "Huyện Phù Ninh, Tỉnh Phú Thọ",
        "code": "233",
        "parent_code": "25"
    },
    "234": {
        "name": "Yên Lập",
        "type": "huyen",
        "slug": "yen-lap",
        "name_with_type": "Huyện Yên Lập",
        "path": "Yên Lập, Phú Thọ",
        "path_with_type": "Huyện Yên Lập, Tỉnh Phú Thọ",
        "code": "234",
        "parent_code": "25"
    },
    "235": {
        "name": "Cẩm Khê",
        "type": "huyen",
        "slug": "cam-khe",
        "name_with_type": "Huyện Cẩm Khê",
        "path": "Cẩm Khê, Phú Thọ",
        "path_with_type": "Huyện Cẩm Khê, Tỉnh Phú Thọ",
        "code": "235",
        "parent_code": "25"
    },
    "236": {
        "name": "Tam Nông",
        "type": "huyen",
        "slug": "tam-nong",
        "name_with_type": "Huyện Tam Nông",
        "path": "Tam Nông, Phú Thọ",
        "path_with_type": "Huyện Tam Nông, Tỉnh Phú Thọ",
        "code": "236",
        "parent_code": "25"
    },
    "237": {
        "name": "Lâm Thao",
        "type": "huyen",
        "slug": "lam-thao",
        "name_with_type": "Huyện Lâm Thao",
        "path": "Lâm Thao, Phú Thọ",
        "path_with_type": "Huyện Lâm Thao, Tỉnh Phú Thọ",
        "code": "237",
        "parent_code": "25"
    },
    "238": {
        "name": "Thanh Sơn",
        "type": "huyen",
        "slug": "thanh-son",
        "name_with_type": "Huyện Thanh Sơn",
        "path": "Thanh Sơn, Phú Thọ",
        "path_with_type": "Huyện Thanh Sơn, Tỉnh Phú Thọ",
        "code": "238",
        "parent_code": "25"
    },
    "239": {
        "name": "Thanh Thuỷ",
        "type": "huyen",
        "slug": "thanh-thuy",
        "name_with_type": "Huyện Thanh Thuỷ",
        "path": "Thanh Thuỷ, Phú Thọ",
        "path_with_type": "Huyện Thanh Thuỷ, Tỉnh Phú Thọ",
        "code": "239",
        "parent_code": "25"
    },
    "240": {
        "name": "Tân Sơn",
        "type": "huyen",
        "slug": "tan-son",
        "name_with_type": "Huyện Tân Sơn",
        "path": "Tân Sơn, Phú Thọ",
        "path_with_type": "Huyện Tân Sơn, Tỉnh Phú Thọ",
        "code": "240",
        "parent_code": "25"
    }
}