{
    "256": {
        "name": "Bắc Ninh",
        "type": "thanh-pho",
        "slug": "bac-ninh",
        "name_with_type": "Thành phố Bắc Ninh",
        "path": "Bắc Ninh, Bắc Ninh",
        "path_with_type": "Thành phố Bắc Ninh, Tỉnh Bắc Ninh",
        "code": "256",
        "parent_code": "27"
    },
    "258": {
        "name": "Yên Phong",
        "type": "huyen",
        "slug": "yen-phong",
        "name_with_type": "Huyện Yên Phong",
        "path": "Yên Phong, Bắc Ninh",
        "path_with_type": "Huyện Yên Phong, Tỉnh Bắc Ninh",
        "code": "258",
        "parent_code": "27"
    },
    "259": {
        "name": "Quế Võ",
        "type": "huyen",
        "slug": "que-vo",
        "name_with_type": "Huyện Quế Võ",
        "path": "Quế Võ, Bắc Ninh",
        "path_with_type": "Huyện Quế Võ, Tỉnh Bắc Ninh",
        "code": "259",
        "parent_code": "27"
    },
    "260": {
        "name": "Tiên Du",
        "type": "huyen",
        "slug": "tien-du",
        "name_with_type": "Huyện Tiên Du",
        "path": "Tiên Du, Bắc Ninh",
        "path_with_type": "Huyện Tiên Du, Tỉnh Bắc Ninh",
        "code": "260",
        "parent_code": "27"
    },
    "261": {
        "name": "Từ Sơn",
        "type": "thi-xa",
        "slug": "tu-son",
        "name_with_type": "Thị xã Từ Sơn",
        "path": "Từ Sơn, Bắc Ninh",
        "path_with_type": "Thị xã Từ Sơn, Tỉnh Bắc Ninh",
        "code": "261",
        "parent_code": "27"
    },
    "262": {
        "name": "Thuận Thành",
        "type": "huyen",
        "slug": "thuan-thanh",
        "name_with_type": "Huyện Thuận Thành",
        "path": "Thuận Thành, Bắc Ninh",
        "path_with_type": "Huyện Thuận Thành, Tỉnh Bắc Ninh",
        "code": "262",
        "parent_code": "27"
    },
    "263": {
        "name": "Gia Bình",
        "type": "huyen",
        "slug": "gia-binh",
        "name_with_type": "Huyện Gia Bình",
        "path": "Gia Bình, Bắc Ninh",
        "path_with_type": "Huyện Gia Bình, Tỉnh Bắc Ninh",
        "code": "263",
        "parent_code": "27"
    },
    "264": {
        "name": "Lương Tài",
        "type": "huyen",
        "slug": "luong-tai",
        "name_with_type": "Huyện Lương Tài",
        "path": "Lương Tài, Bắc Ninh",
        "path_with_type": "Huyện Lương Tài, Tỉnh Bắc Ninh",
        "code": "264",
        "parent_code": "27"
    }
}