{
    "303": {
        "name": "Hồng Bàng",
        "type": "quan",
        "slug": "hong-bang",
        "name_with_type": "Quận Hồng Bàng",
        "path": "Hồng Bàng, Hải Phòng",
        "path_with_type": "Quận Hồng Bàng, Thành phố Hải Phòng",
        "code": "303",
        "parent_code": "31"
    },
    "304": {
        "name": "Ngô Quyền",
        "type": "quan",
        "slug": "ngo-quyen",
        "name_with_type": "Quận Ngô Quyền",
        "path": "Ngô Quyền, Hải Phòng",
        "path_with_type": "Quận Ngô Quyền, Thành phố Hải Phòng",
        "code": "304",
        "parent_code": "31"
    },
    "305": {
        "name": "Lê Chân",
        "type": "quan",
        "slug": "le-chan",
        "name_with_type": "Quận Lê Chân",
        "path": "Lê Chân, Hải Phòng",
        "path_with_type": "Quận Lê Chân, Thành phố Hải Phòng",
        "code": "305",
        "parent_code": "31"
    },
    "306": {
        "name": "Hải An",
        "type": "quan",
        "slug": "hai-an",
        "name_with_type": "Quận Hải An",
        "path": "Hải An, Hải Phòng",
        "path_with_type": "Quận Hải An, Thành phố Hải Phòng",
        "code": "306",
        "parent_code": "31"
    },
    "307": {
        "name": "Kiến An",
        "type": "quan",
        "slug": "kien-an",
        "name_with_type": "Quận Kiến An",
        "path": "Kiến An, Hải Phòng",
        "path_with_type": "Quận Kiến An, Thành phố Hải Phòng",
        "code": "307",
        "parent_code": "31"
    },
    "308": {
        "name": "Đồ Sơn",
        "type": "quan",
        "slug": "do-son",
        "name_with_type": "Quận Đồ Sơn",
        "path": "Đồ Sơn, Hải Phòng",
        "path_with_type": "Quận Đồ Sơn, Thành phố Hải Phòng",
        "code": "308",
        "parent_code": "31"
    },
    "309": {
        "name": "Dương Kinh",
        "type": "quan",
        "slug": "duong-kinh",
        "name_with_type": "Quận Dương Kinh",
        "path": "Dương Kinh, Hải Phòng",
        "path_with_type": "Quận Dương Kinh, Thành phố Hải Phòng",
        "code": "309",
        "parent_code": "31"
    },
    "311": {
        "name": "Thuỷ Nguyên",
        "type": "huyen",
        "slug": "thuy-nguyen",
        "name_with_type": "Huyện Thuỷ Nguyên",
        "path": "Thuỷ Nguyên, Hải Phòng",
        "path_with_type": "Huyện Thuỷ Nguyên, Thành phố Hải Phòng",
        "code": "311",
        "parent_code": "31"
    },
    "312": {
        "name": "An Dương",
        "type": "huyen",
        "slug": "an-duong",
        "name_with_type": "Huyện An Dương",
        "path": "An Dương, Hải Phòng",
        "path_with_type": "Huyện An Dương, Thành phố Hải Phòng",
        "code": "312",
        "parent_code": "31"
    },
    "313": {
        "name": "An Lão",
        "type": "huyen",
        "slug": "an-lao",
        "name_with_type": "Huyện An Lão",
        "path": "An Lão, Hải Phòng",
        "path_with_type": "Huyện An Lão, Thành phố Hải Phòng",
        "code": "313",
        "parent_code": "31"
    },
    "314": {
        "name": "Kiến Thuỵ",
        "type": "huyen",
        "slug": "kien-thuy",
        "name_with_type": "Huyện Kiến Thuỵ",
        "path": "Kiến Thuỵ, Hải Phòng",
        "path_with_type": "Huyện Kiến Thuỵ, Thành phố Hải Phòng",
        "code": "314",
        "parent_code": "31"
    },
    "315": {
        "name": "Tiên Lãng",
        "type": "huyen",
        "slug": "tien-lang",
        "name_with_type": "Huyện Tiên Lãng",
        "path": "Tiên Lãng, Hải Phòng",
        "path_with_type": "Huyện Tiên Lãng, Thành phố Hải Phòng",
        "code": "315",
        "parent_code": "31"
    },
    "316": {
        "name": "Vĩnh Bảo",
        "type": "huyen",
        "slug": "vinh-bao",
        "name_with_type": "Huyện Vĩnh Bảo",
        "path": "Vĩnh Bảo, Hải Phòng",
        "path_with_type": "Huyện Vĩnh Bảo, Thành phố Hải Phòng",
        "code": "316",
        "parent_code": "31"
    },
    "317": {
        "name": "Cát Hải",
        "type": "huyen",
        "slug": "cat-hai",
        "name_with_type": "Huyện Cát Hải",
        "path": "Cát Hải, Hải Phòng",
        "path_with_type": "Huyện Cát Hải, Thành phố Hải Phòng",
        "code": "317",
        "parent_code": "31"
    },
    "318": {
        "name": "Bạch Long Vĩ",
        "type": "huyen",
        "slug": "bach-long-vi",
        "name_with_type": "Huyện Bạch Long Vĩ",
        "path": "Bạch Long Vĩ, Hải Phòng",
        "path_with_type": "Huyện Bạch Long Vĩ, Thành phố Hải Phòng",
        "code": "318",
        "parent_code": "31"
    }
}