{
    "323": {
        "name": "Hưng Yên",
        "type": "thanh-pho",
        "slug": "hung-yen",
        "name_with_type": "Thành phố Hưng Yên",
        "path": "Hưng Yên, Hưng Yên",
        "path_with_type": "Thành phố Hưng Yên, Tỉnh Hưng Yên",
        "code": "323",
        "parent_code": "33"
    },
    "325": {
        "name": "Văn Lâm",
        "type": "huyen",
        "slug": "van-lam",
        "name_with_type": "Huyện Văn Lâm",
        "path": "Văn Lâm, Hưng Yên",
        "path_with_type": "Huyện Văn Lâm, Tỉnh Hưng Yên",
        "code": "325",
        "parent_code": "33"
    },
    "326": {
        "name": "Văn Giang",
        "type": "huyen",
        "slug": "van-giang",
        "name_with_type": "Huyện Văn Giang",
        "path": "Văn Giang, Hưng Yên",
        "path_with_type": "Huyện Văn Giang, Tỉnh Hưng Yên",
        "code": "326",
        "parent_code": "33"
    },
    "327": {
        "name": "Yên Mỹ",
        "type": "huyen",
        "slug": "yen-my",
        "name_with_type": "Huyện Yên Mỹ",
        "path": "Yên Mỹ, Hưng Yên",
        "path_with_type": "Huyện Yên Mỹ, Tỉnh Hưng Yên",
        "code": "327",
        "parent_code": "33"
    },
    "328": {
        "name": "Mỹ Hào",
        "type": "thi-xa",
        "slug": "my-hao",
        "name_with_type": "Thị xã Mỹ Hào",
        "path": "Mỹ Hào, Hưng Yên",
        "path_with_type": "Thị xã Mỹ Hào, Tỉnh Hưng Yên",
        "code": "328",
        "parent_code": "33"
    },
    "329": {
        "name": "Ân Thi",
        "type": "huyen",
        "slug": "an-thi",
        "name_with_type": "Huyện Ân Thi",
        "path": "Ân Thi, Hưng Yên",
        "path_with_type": "Huyện Ân Thi, Tỉnh Hưng Yên",
        "code": "329",
        "parent_code": "33"
    },
    "330": {
        "name": "Khoái Châu",
        "type": "huyen",
        "slug": "khoai-chau",
        "name_with_type": "Huyện Khoái Châu",
        "path": "Khoái Châu, Hưng Yên",
        "path_with_type": "Huyện Khoái Châu, Tỉnh Hưng Yên",
        "code": "330",
        "parent_code": "33"
    },
    "331": {
        "name": "Kim Động",
        "type": "huyen",
        "slug": "kim-dong",
        "name_with_type": "Huyện Kim Động",
        "path": "Kim Động, Hưng Yên",
        "path_with_type": "Huyện Kim Động, Tỉnh Hưng Yên",
        "code": "331",
        "parent_code": "33"
    },
    "332": {
        "name": "Tiên Lữ",
        "type": "huyen",
        "slug": "tien-lu",
        "name_with_type": "Huyện Tiên Lữ",
        "path": "Tiên Lữ, Hưng Yên",
        "path_with_type": "Huyện Tiên Lữ, Tỉnh Hưng Yên",
        "code": "332",
        "parent_code": "33"
    },
    "333": {
        "name": "Phù Cừ",
        "type": "huyen",
        "slug": "phu-cu",
        "name_with_type": "Huyện Phù Cừ",
        "path": "Phù Cừ, Hưng Yên",
        "path_with_type": "Huyện Phù Cừ, Tỉnh Hưng Yên",
        "code": "333",
        "parent_code": "33"
    }
}