{
    "347": {
        "name": "Phủ Lý",
        "type": "thanh-pho",
        "slug": "phu-ly",
        "name_with_type": "Thành phố Phủ Lý",
        "path": "Phủ Lý, Hà Nam",
        "path_with_type": "Thành phố Phủ Lý, Tỉnh Hà Nam",
        "code": "347",
        "parent_code": "35"
    },
    "349": {
        "name": "Duy Tiên",
        "type": "thi-xa",
        "slug": "duy-tien",
        "name_with_type": "Thị xã Duy Tiên",
        "path": "Duy Tiên, Hà Nam",
        "path_with_type": "Thị xã Duy Tiên, Tỉnh Hà Nam",
        "code": "349",
        "parent_code": "35"
    },
    "350": {
        "name": "Kim Bảng",
        "type": "huyen",
        "slug": "kim-bang",
        "name_with_type": "Huyện Kim Bảng",
        "path": "Kim Bảng, Hà Nam",
        "path_with_type": "Huyện Kim Bảng, Tỉnh Hà Nam",
        "code": "350",
        "parent_code": "35"
    },
    "351": {
        "name": "Thanh Liêm",
        "type": "huyen",
        "slug": "thanh-liem",
        "name_with_type": "Huyện Thanh Liêm",
        "path": "Thanh Liêm, Hà Nam",
        "path_with_type": "Huyện Thanh Liêm, Tỉnh Hà Nam",
        "code": "351",
        "parent_code": "35"
    },
    "352": {
        "name": "Bình Lục",
        "type": "huyen",
        "slug": "binh-luc",
        "name_with_type": "Huyện Bình Lục",
        "path": "Bình Lục, Hà Nam",
        "path_with_type": "Huyện Bình Lục, Tỉnh Hà Nam",
        "code": "352",
        "parent_code": "35"
    },
    "353": {
        "name": "Lý Nhân",
        "type": "huyen",
        "slug": "ly-nhan",
        "name_with_type": "Huyện Lý Nhân",
        "path": "Lý Nhân, Hà Nam",
        "path_with_type": "Huyện Lý Nhân, Tỉnh Hà Nam",
        "code": "353",
        "parent_code": "35"
    }
}