{
    "369": {
        "name": "Ninh Bình",
        "type": "thanh-pho",
        "slug": "ninh-binh",
        "name_with_type": "Thành phố Ninh Bình",
        "path": "Ninh Bình, Ninh Bình",
        "path_with_type": "Thành phố Ninh Bình, Tỉnh Ninh Bình",
        "code": "369",
        "parent_code": "37"
    },
    "370": {
        "name": "Tam Điệp",
        "type": "thanh-pho",
        "slug": "tam-diep",
        "name_with_type": "Thành phố Tam Điệp",
        "path": "Tam Điệp, Ninh Bình",
        "path_with_type": "Thành phố Tam Điệp, Tỉnh Ninh Bình",
        "code": "370",
        "parent_code": "37"
    },
    "372": {
        "name": "Nho Quan",
        "type": "huyen",
        "slug": "nho-quan",
        "name_with_type": "Huyện Nho Quan",
        "path": "Nho Quan, Ninh Bình",
        "path_with_type": "Huyện Nho Quan, Tỉnh Ninh Bình",
        "code": "372",
        "parent_code": "37"
    },
    "373": {
        "name": "Gia Viễn",
        "type": "huyen",
        "slug": "gia-vien",
        "name_with_type": "Huyện Gia Viễn",
        "path": "Gia Viễn, Ninh Bình",
        "path_with_type": "Huyện Gia Viễn, Tỉnh Ninh Bình",
        "code": "373",
        "parent_code": "37"
    },
    "374": {
        "name": "Hoa Lư",
        "type": "huyen",
        "slug": "hoa-lu",
        "name_with_type": "Huyện Hoa Lư",
        "path": "Hoa Lư, Ninh Bình",
        "path_with_type": "Huyện Hoa Lư, Tỉnh Ninh Bình",
        "code": "374",
        "parent_code": "37"
    },
    "375": {
        "name": "Yên Khánh",
        "type": "huyen",
        "slug": "yen-khanh",
        "name_with_type": "Huyện Yên Khánh",
        "path": "Yên Khánh, Ninh Bình",
        "path_with_type": "Huyện Yên Khánh, Tỉnh Ninh Bình",
        "code": "375",
        "parent_code": "37"
    },
    "376": {
        "name": "Kim Sơn",
        "type": "huyen",
        "slug": "kim-son",
        "name_with_type": "Huyện Kim Sơn",
        "path": "Kim Sơn, Ninh Bình",
        "path_with_type": "Huyện Kim Sơn, Tỉnh Ninh Bình",
        "code": "376",
        "parent_code": "37"
    },
    "377": {
        "name": "Yên Mô",
        "type": "huyen",
        "slug": "yen-mo",
        "name_with_type": "Huyện Yên Mô",
        "path": "Yên Mô, Ninh Bình",
        "path_with_type": "Huyện Yên Mô, Tỉnh Ninh Bình",
        "code": "377",
        "parent_code": "37"
    }
}