{
    "380": {
        "name": "Thanh Hóa",
        "type": "thanh-pho",
        "slug": "thanh-hoa",
        "name_with_type": "Thành phố Thanh Hóa",
        "path": "Thanh Hóa, Thanh Hóa",
        "path_with_type": "Thành phố Thanh Hóa, Tỉnh Thanh Hóa",
        "code": "380",
        "parent_code": "38"
    },
    "381": {
        "name": "Bỉm Sơn",
        "type": "thi-xa",
        "slug": "bim-son",
        "name_with_type": "Thị xã Bỉm Sơn",
        "path": "Bỉm Sơn, Thanh Hóa",
        "path_with_type": "Thị xã Bỉm Sơn, Tỉnh Thanh Hóa",
        "code": "381",
        "parent_code": "38"
    },
    "382": {
        "name": "Sầm Sơn",
        "type": "thanh-pho",
        "slug": "sam-son",
        "name_with_type": "Thành phố Sầm Sơn",
        "path": "Sầm Sơn, Thanh Hóa",
        "path_with_type": "Thành phố Sầm Sơn, Tỉnh Thanh Hóa",
        "code": "382",
        "parent_code": "38"
    },
    "384": {
        "name": "Mường Lát",
        "type": "huyen",
        "slug": "muong-lat",
        "name_with_type": "Huyện Mường Lát",
        "path": "Mường Lát, Thanh Hóa",
        "path_with_type": "Huyện Mường Lát, Tỉnh Thanh Hóa",
        "code": "384",
        "parent_code": "38"
    },
    "385": {
        "name": "Quan Hóa",
        "type": "huyen",
        "slug": "quan-hoa",
        "name_with_type": "Huyện Quan Hóa",
        "path": "Quan Hóa, Thanh Hóa",
        "path_with_type": "Huyện Quan Hóa, Tỉnh Thanh Hóa",
        "code": "385",
        "parent_code": "38"
    },
    "386": {
        "name": "Bá Thước",
        "type": "huyen",
        "slug": "ba-thuoc",
        "name_with_type": "Huyện Bá Thước",
        "path": "Bá Thước, Thanh Hóa",
        "path_with_type": "Huyện Bá Thước, Tỉnh Thanh Hóa",
        "code": "386",
        "parent_code": "38"
    },
    "387": {
        "name": "Quan Sơn",
        "type": "huyen",
        "slug": "quan-son",
        "name_with_type": "Huyện Quan Sơn",
        "path": "Quan Sơn, Thanh Hóa",
        "path_with_type": "Huyện Quan Sơn, Tỉnh Thanh Hóa",
        "code": "387",
        "parent_code": "38"
    },
    "388": {
        "name": "Lang Chánh",
        "type": "huyen",
        "slug": "lang-chanh",
        "name_with_type": "Huyện Lang Chánh",
        "path": "Lang Chánh, Thanh Hóa",
        "path_with_type": "Huyện Lang Chánh, Tỉnh Thanh Hóa",
        "code": "388",
        "parent_code": "38"
    },
    "389": {
        "name": "Ngọc Lặc",
        "type": "huyen",
        "slug": "ngoc-lac",
        "name_with_type": "Huyện Ngọc Lặc",
        "path": "Ngọc Lặc, Thanh Hóa",
        "path_with_type": "Huyện Ngọc Lặc, Tỉnh Thanh Hóa",
        "code": "389",
        "parent_code": "38"
    },
    "390": {
        "name": "Cẩm Thủy",
        "type": "huyen",
        "slug": "cam-thuy",
        "name_with_type": "Huyện Cẩm Thủy",
        "path": "Cẩm Thủy, Thanh Hóa",
        "path_with_type": "Huyện Cẩm Thủy, Tỉnh Thanh Hóa",
        "code": "390",
        "parent_code": "38"
    },
    "391": {
        "name": "Thạch Thành",
        "type": "huyen",
        "slug": "thach-thanh",
        "name_with_type": "Huyện Thạch Thành",
        "path": "Thạch Thành, Thanh Hóa",
        "path_with_type": "Huyện Thạch Thành, Tỉnh Thanh Hóa",
        "code": "391",
        "parent_code": "38"
    },
    "392": {
        "name": "Hà Trung",
        "type": "huyen",
        "slug": "ha-trung",
        "name_with_type": "Huyện Hà Trung",
        "path": "Hà Trung, Thanh Hóa",
        "path_with_type": "Huyện Hà Trung, Tỉnh Thanh Hóa",
        "code": "392",
        "parent_code": "38"
    },
    "393": {
        "name": "Vĩnh Lộc",
        "type": "huyen",
        "slug": "vinh-loc",
        "name_with_type": "Huyện Vĩnh Lộc",
        "path": "Vĩnh Lộc, Thanh Hóa",
        "path_with_type": "Huyện Vĩnh Lộc, Tỉnh Thanh Hóa",
        "code": "393",
        "parent_code": "38"
    },
    "394": {
        "name": "Yên Định",
        "type": "huyen",
        "slug": "yen-dinh",
        "name_with_type": "Huyện Yên Định",
        "path": "Yên Định, Thanh Hóa",
        "path_with_type": "Huyện Yên Định, Tỉnh Thanh Hóa",
        "code": "394",
        "parent_code": "38"
    },
    "395": {
        "name": "Thọ Xuân",
        "type": "huyen",
        "slug": "tho-xuan",
        "name_with_type": "Huyện Thọ Xuân",
        "path": "Thọ Xuân, Thanh Hóa",
        "path_with_type": "Huyện Thọ Xuân, Tỉnh Thanh Hóa",
        "code": "395",
        "parent_code": "38"
    },
    "396": {
        "name": "Thường Xuân",
        "type": "huyen",
        "slug": "thuong-xuan",
        "name_with_type": "Huyện Thường Xuân",
        "path": "Thường Xuân, Thanh Hóa",
        "path_with_type": "Huyện Thường Xuân, Tỉnh Thanh Hóa",
        "code": "396",
        "parent_code": "38"
    },
    "397": {
        "name": "Triệu Sơn",
        "type": "huyen",
        "slug": "trieu-son",
        "name_with_type": "Huyện Triệu Sơn",
        "path": "Triệu Sơn, Thanh Hóa",
        "path_with_type": "Huyện Triệu Sơn, Tỉnh Thanh Hóa",
        "code": "397",
        "parent_code": "38"
    },
    "398": {
        "name": "Thiệu Hóa",
        "type": "huyen",
        "slug": "thieu-hoa",
        "name_with_type": "Huyện Thiệu Hóa",
        "path": "Thiệu Hóa, Thanh Hóa",
        "path_with_type": "Huyện Thiệu Hóa, Tỉnh Thanh Hóa",
        "code": "398",
        "parent_code": "38"
    },
    "399": {
        "name": "Hoằng Hóa",
        "type": "huyen",
        "slug": "hoang-hoa",
        "name_with_type": "Huyện Hoằng Hóa",
        "path": "Hoằng Hóa, Thanh Hóa",
        "path_with_type": "Huyện Hoằng Hóa, Tỉnh Thanh Hóa",
        "code": "399",
        "parent_code": "38"
    },
    "400": {
        "name": "Hậu Lộc",
        "type": "huyen",
        "slug": "hau-loc",
        "name_with_type": "Huyện Hậu Lộc",
        "path": "Hậu Lộc, Thanh Hóa",
        "path_with_type": "Huyện Hậu Lộc, Tỉnh Thanh Hóa",
        "code": "400",
        "parent_code": "38"
    },
    "401": {
        "name": "Nga Sơn",
        "type": "huyen",
        "slug": "nga-son",
        "name_with_type": "Huyện Nga Sơn",
        "path": "Nga Sơn, Thanh Hóa",
        "path_with_type": "Huyện Nga Sơn, Tỉnh Thanh Hóa",
        "code": "401",
        "parent_code": "38"
    },
    "402": {
        "name": "Như Xuân",
        "type": "huyen",
        "slug": "nhu-xuan",
        "name_with_type": "Huyện Như Xuân",
        "path": "Như Xuân, Thanh Hóa",
        "path_with_type": "Huyện Như Xuân, Tỉnh Thanh Hóa",
        "code": "402",
        "parent_code": "38"
    },
    "403": {
        "name": "Như Thanh",
        "type": "huyen",
        "slug": "nhu-thanh",
        "name_with_type": "Huyện Như Thanh",
        "path": "Như Thanh, Thanh Hóa",
        "path_with_type": "Huyện Như Thanh, Tỉnh Thanh Hóa",
        "code": "403",
        "parent_code": "38"
    },
    "404": {
        "name": "Nông Cống",
        "type": "huyen",
        "slug": "nong-cong",
        "name_with_type": "Huyện Nông Cống",
        "path": "Nông Cống, Thanh Hóa",
        "path_with_type": "Huyện Nông Cống, Tỉnh Thanh Hóa",
        "code": "404",
        "parent_code": "38"
    },
    "405": {
        "name": "Đông Sơn",
        "type": "huyen",
        "slug": "dong-son",
        "name_with_type": "Huyện Đông Sơn",
        "path": "Đông Sơn, Thanh Hóa",
        "path_with_type": "Huyện Đông Sơn, Tỉnh Thanh Hóa",
        "code": "405",
        "parent_code": "38"
    },
    "406": {
        "name": "Quảng Xương",
        "type": "huyen",
        "slug": "quang-xuong",
        "name_with_type": "Huyện Quảng Xương",
        "path": "Quảng Xương, Thanh Hóa",
        "path_with_type": "Huyện Quảng Xương, Tỉnh Thanh Hóa",
        "code": "406",
        "parent_code": "38"
    },
    "407": {
        "name": "Nghi Sơn",
        "type": "thi-xa",
        "slug": "nghi-son",
        "name_with_type": "Thị xã Nghi Sơn",
        "path": "Nghi Sơn, Thanh Hóa",
        "path_with_type": "Thị xã Nghi Sơn, Tỉnh Thanh Hóa",
        "code": "407",
        "parent_code": "38"
    }
}