{
    "450": {
        "name": "Đồng Hới",
        "type": "thanh-pho",
        "slug": "dong-hoi",
        "name_with_type": "Thành Phố Đồng Hới",
        "path": "Đồng Hới, Quảng Bình",
        "path_with_type": "Thành Phố Đồng Hới, Tỉnh Quảng Bình",
        "code": "450",
        "parent_code": "44"
    },
    "452": {
        "name": "Minh Hóa",
        "type": "huyen",
        "slug": "minh-hoa",
        "name_with_type": "Huyện Minh Hóa",
        "path": "Minh Hóa, Quảng Bình",
        "path_with_type": "Huyện Minh Hóa, Tỉnh Quảng Bình",
        "code": "452",
        "parent_code": "44"
    },
    "453": {
        "name": "Tuyên Hóa",
        "type": "huyen",
        "slug": "tuyen-hoa",
        "name_with_type": "Huyện Tuyên Hóa",
        "path": "Tuyên Hóa, Quảng Bình",
        "path_with_type": "Huyện Tuyên Hóa, Tỉnh Quảng Bình",
        "code": "453",
        "parent_code": "44"
    },
    "454": {
        "name": "Quảng Trạch",
        "type": "huyen",
        "slug": "quang-trach",
        "name_with_type": "Huyện Quảng Trạch",
        "path": "Quảng Trạch, Quảng Bình",
        "path_with_type": "Huyện Quảng Trạch, Tỉnh Quảng Bình",
        "code": "454",
        "parent_code": "44"
    },
    "455": {
        "name": "Bố Trạch",
        "type": "huyen",
        "slug": "bo-trach",
        "name_with_type": "Huyện Bố Trạch",
        "path": "Bố Trạch, Quảng Bình",
        "path_with_type": "Huyện Bố Trạch, Tỉnh Quảng Bình",
        "code": "455",
        "parent_code": "44"
    },
    "456": {
        "name": "Quảng Ninh",
        "type": "huyen",
        "slug": "quang-ninh",
        "name_with_type": "Huyện Quảng Ninh",
        "path": "Quảng Ninh, Quảng Bình",
        "path_with_type": "Huyện Quảng Ninh, Tỉnh Quảng Bình",
        "code": "456",
        "parent_code": "44"
    },
    "457": {
        "name": "Lệ Thủy",
        "type": "huyen",
        "slug": "le-thuy",
        "name_with_type": "Huyện Lệ Thủy",
        "path": "Lệ Thủy, Quảng Bình",
        "path_with_type": "Huyện Lệ Thủy, Tỉnh Quảng Bình",
        "code": "457",
        "parent_code": "44"
    },
    "458": {
        "name": "Ba Đồn",
        "type": "thi-xa",
        "slug": "ba-don",
        "name_with_type": "Thị xã Ba Đồn",
        "path": "Ba Đồn, Quảng Bình",
        "path_with_type": "Thị xã Ba Đồn, Tỉnh Quảng Bình",
        "code": "458",
        "parent_code": "44"
    }
}