{
    "490": {
        "name": "Liên Chiểu",
        "type": "quan",
        "slug": "lien-chieu",
        "name_with_type": "Quận Liên Chiểu",
        "path": "Liên Chiểu, Đà Nẵng",
        "path_with_type": "Quận Liên Chiểu, Thành phố Đà Nẵng",
        "code": "490",
        "parent_code": "48"
    },
    "491": {
        "name": "Thanh Khê",
        "type": "quan",
        "slug": "thanh-khe",
        "name_with_type": "Quận Thanh Khê",
        "path": "Thanh Khê, Đà Nẵng",
        "path_with_type": "Quận Thanh Khê, Thành phố Đà Nẵng",
        "code": "491",
        "parent_code": "48"
    },
    "492": {
        "name": "Hải Châu",
        "type": "quan",
        "slug": "hai-chau",
        "name_with_type": "Quận Hải Châu",
        "path": "Hải Châu, Đà Nẵng",
        "path_with_type": "Quận Hải Châu, Thành phố Đà Nẵng",
        "code": "492",
        "parent_code": "48"
    },
    "493": {
        "name": "Sơn Trà",
        "type": "quan",
        "slug": "son-tra",
        "name_with_type": "Quận Sơn Trà",
        "path": "Sơn Trà, Đà Nẵng",
        "path_with_type": "Quận Sơn Trà, Thành phố Đà Nẵng",
        "code": "493",
        "parent_code": "48"
    },
    "494": {
        "name": "Ngũ Hành Sơn",
        "type": "quan",
        "slug": "ngu-hanh-son",
        "name_with_type": "Quận Ngũ Hành Sơn",
        "path": "Ngũ Hành Sơn, Đà Nẵng",
        "path_with_type": "Quận Ngũ Hành Sơn, Thành phố Đà Nẵng",
        "code": "494",
        "parent_code": "48"
    },
    "495": {
        "name": "Cẩm Lệ",
        "type": "quan",
        "slug": "cam-le",
        "name_with_type": "Quận Cẩm Lệ",
        "path": "Cẩm Lệ, Đà Nẵng",
        "path_with_type": "Quận Cẩm Lệ, Thành phố Đà Nẵng",
        "code": "495",
        "parent_code": "48"
    },
    "497": {
        "name": "Hòa Vang",
        "type": "huyen",
        "slug": "hoa-vang",
        "name_with_type": "Huyện Hòa Vang",
        "path": "Hòa Vang, Đà Nẵng",
        "path_with_type": "Huyện Hòa Vang, Thành phố Đà Nẵng",
        "code": "497",
        "parent_code": "48"
    },
    "498": {
        "name": "Hoàng Sa",
        "type": "huyen",
        "slug": "hoang-sa",
        "name_with_type": "Huyện Hoàng Sa",
        "path": "Hoàng Sa, Đà Nẵng",
        "path_with_type": "Huyện Hoàng Sa, Thành phố Đà Nẵng",
        "code": "498",
        "parent_code": "48"
    }
}