{
    "502": {
        "name": "Tam Kỳ",
        "type": "thanh-pho",
        "slug": "tam-ky",
        "name_with_type": "Thành phố Tam Kỳ",
        "path": "Tam Kỳ, Quảng Nam",
        "path_with_type": "Thành phố Tam Kỳ, Tỉnh Quảng Nam",
        "code": "502",
        "parent_code": "49"
    },
    "503": {
        "name": "Hội An",
        "type": "thanh-pho",
        "slug": "hoi-an",
        "name_with_type": "Thành phố Hội An",
        "path": "Hội An, Quảng Nam",
        "path_with_type": "Thành phố Hội An, Tỉnh Quảng Nam",
        "code": "503",
        "parent_code": "49"
    },
    "504": {
        "name": "Tây Giang",
        "type": "huyen",
        "slug": "tay-giang",
        "name_with_type": "Huyện Tây Giang",
        "path": "Tây Giang, Quảng Nam",
        "path_with_type": "Huyện Tây Giang, Tỉnh Quảng Nam",
        "code": "504",
        "parent_code": "49"
    },
    "505": {
        "name": "Đông Giang",
        "type": "huyen",
        "slug": "dong-giang",
        "name_with_type": "Huyện Đông Giang",
        "path": "Đông Giang, Quảng Nam",
        "path_with_type": "Huyện Đông Giang, Tỉnh Quảng Nam",
        "code": "505",
        "parent_code": "49"
    },
    "506": {
        "name": "Đại Lộc",
        "type": "huyen",
        "slug": "dai-loc",
        "name_with_type": "Huyện Đại Lộc",
        "path": "Đại Lộc, Quảng Nam",
        "path_with_type": "Huyện Đại Lộc, Tỉnh Quảng Nam",
        "code": "506",
        "parent_code": "49"
    },
    "507": {
        "name": "Điện Bàn",
        "type": "thi-xa",
        "slug": "dien-ban",
        "name_with_type": "Thị xã Điện Bàn",
        "path": "Điện Bàn, Quảng Nam",
        "path_with_type": "Thị xã Điện Bàn, Tỉnh Quảng Nam",
        "code": "507",
        "parent_code": "49"
    },
    "508": {
        "name": "Duy Xuyên",
        "type": "huyen",
        "slug": "duy-xuyen",
        "name_with_type": "Huyện Duy Xuyên",
        "path": "Duy Xuyên, Quảng Nam",
        "path_with_type": "Huyện Duy Xuyên, Tỉnh Quảng Nam",
        "code": "508",
        "parent_code": "49"
    },
    "509": {
        "name": "Quế Sơn",
        "type": "huyen",
        "slug": "que-son",
        "name_with_type": "Huyện Quế Sơn",
        "path": "Quế Sơn, Quảng Nam",
        "path_with_type": "Huyện Quế Sơn, Tỉnh Quảng Nam",
        "code": "509",
        "parent_code": "49"
    },
    "510": {
        "name": "Nam Giang",
        "type": "huyen",
        "slug": "nam-giang",
        "name_with_type": "Huyện Nam Giang",
        "path": "Nam Giang, Quảng Nam",
        "path_with_type": "Huyện Nam Giang, Tỉnh Quảng Nam",
        "code": "510",
        "parent_code": "49"
    },
    "511": {
        "name": "Phước Sơn",
        "type": "huyen",
        "slug": "phuoc-son",
        "name_with_type": "Huyện Phước Sơn",
        "path": "Phước Sơn, Quảng Nam",
        "path_with_type": "Huyện Phước Sơn, Tỉnh Quảng Nam",
        "code": "511",
        "parent_code": "49"
    },
    "512": {
        "name": "Hiệp Đức",
        "type": "huyen",
        "slug": "hiep-duc",
        "name_with_type": "Huyện Hiệp Đức",
        "path": "Hiệp Đức, Quảng Nam",
        "path_with_type": "Huyện Hiệp Đức, Tỉnh Quảng Nam",
        "code": "512",
        "parent_code": "49"
    },
    "513": {
        "name": "Thăng Bình",
        "type": "huyen",
        "slug": "thang-binh",
        "name_with_type": "Huyện Thăng Bình",
        "path": "Thăng Bình, Quảng Nam",
        "path_with_type": "Huyện Thăng Bình, Tỉnh Quảng Nam",
        "code": "513",
        "parent_code": "49"
    },
    "514": {
        "name": "Tiên Phước",
        "type": "huyen",
        "slug": "tien-phuoc",
        "name_with_type": "Huyện Tiên Phước",
        "path": "Tiên Phước, Quảng Nam",
        "path_with_type": "Huyện Tiên Phước, Tỉnh Quảng Nam",
        "code": "514",
        "parent_code": "49"
    },
    "515": {
        "name": "Bắc Trà My",
        "type": "huyen",
        "slug": "bac-tra-my",
        "name_with_type": "Huyện Bắc Trà My",
        "path": "Bắc Trà My, Quảng Nam",
        "path_with_type": "Huyện Bắc Trà My, Tỉnh Quảng Nam",
        "code": "515",
        "parent_code": "49"
    },
    "516": {
        "name": "Nam Trà My",
        "type": "huyen",
        "slug": "nam-tra-my",
        "name_with_type": "Huyện Nam Trà My",
        "path": "Nam Trà My, Quảng Nam",
        "path_with_type": "Huyện Nam Trà My, Tỉnh Quảng Nam",
        "code": "516",
        "parent_code": "49"
    },
    "517": {
        "name": "Núi Thành",
        "type": "huyen",
        "slug": "nui-thanh",
        "name_with_type": "Huyện Núi Thành",
        "path": "Núi Thành, Quảng Nam",
        "path_with_type": "Huyện Núi Thành, Tỉnh Quảng Nam",
        "code": "517",
        "parent_code": "49"
    },
    "518": {
        "name": "Phú Ninh",
        "type": "huyen",
        "slug": "phu-ninh",
        "name_with_type": "Huyện Phú Ninh",
        "path": "Phú Ninh, Quảng Nam",
        "path_with_type": "Huyện Phú Ninh, Tỉnh Quảng Nam",
        "code": "518",
        "parent_code": "49"
    },
    "519": {
        "name": "Nông Sơn",
        "type": "huyen",
        "slug": "nong-son",
        "name_with_type": "Huyện Nông Sơn",
        "path": "Nông Sơn, Quảng Nam",
        "path_with_type": "Huyện Nông Sơn, Tỉnh Quảng Nam",
        "code": "519",
        "parent_code": "49"
    }
}