{
    "522": {
        "name": "Quảng Ngãi",
        "type": "thanh-pho",
        "slug": "quang-ngai",
        "name_with_type": "Thành phố Quảng Ngãi",
        "path": "Quảng Ngãi, Quảng Ngãi",
        "path_with_type": "Thành phố Quảng Ngãi, Tỉnh Quảng Ngãi",
        "code": "522",
        "parent_code": "51"
    },
    "524": {
        "name": "Bình Sơn",
        "type": "huyen",
        "slug": "binh-son",
        "name_with_type": "Huyện Bình Sơn",
        "path": "Bình Sơn, Quảng Ngãi",
        "path_with_type": "Huyện Bình Sơn, Tỉnh Quảng Ngãi",
        "code": "524",
        "parent_code": "51"
    },
    "525": {
        "name": "Trà Bồng",
        "type": "huyen",
        "slug": "tra-bong",
        "name_with_type": "Huyện Trà Bồng",
        "path": "Trà Bồng, Quảng Ngãi",
        "path_with_type": "Huyện Trà Bồng, Tỉnh Quảng Ngãi",
        "code": "525",
        "parent_code": "51"
    },
    "527": {
        "name": "Sơn Tịnh",
        "type": "huyen",
        "slug": "son-tinh",
        "name_with_type": "Huyện Sơn Tịnh",
        "path": "Sơn Tịnh, Quảng Ngãi",
        "path_with_type": "Huyện Sơn Tịnh, Tỉnh Quảng Ngãi",
        "code": "527",
        "parent_code": "51"
    },
    "528": {
        "name": "Tư Nghĩa",
        "type": "huyen",
        "slug": "tu-nghia",
        "name_with_type": "Huyện Tư Nghĩa",
        "path": "Tư Nghĩa, Quảng Ngãi",
        "path_with_type": "Huyện Tư Nghĩa, Tỉnh Quảng Ngãi",
        "code": "528",
        "parent_code": "51"
    },
    "529": {
        "name": "Sơn Hà",
        "type": "huyen",
        "slug": "son-ha",
        "name_with_type": "Huyện Sơn Hà",
        "path": "Sơn Hà, Quảng Ngãi",
        "path_with_type": "Huyện Sơn Hà, Tỉnh Quảng Ngãi",
        "code": "529",
        "parent_code": "51"
    },
    "530": {
        "name": "Sơn Tây",
        "type": "huyen",
        "slug": "son-tay",
        "name_with_type": "Huyện Sơn Tây",
        "path": "Sơn Tây, Quảng Ngãi",
        "path_with_type": "Huyện Sơn Tây, Tỉnh Quảng Ngãi",
        "code": "530",
        "parent_code": "51"
    },
    "531": {
        "name": "Minh Long",
        "type": "huyen",
        "slug": "minh-long",
        "name_with_type": "Huyện Minh Long",
        "path": "Minh Long, Quảng Ngãi",
        "path_with_type": "Huyện Minh Long, Tỉnh Quảng Ngãi",
        "code": "531",
        "parent_code": "51"
    },
    "532": {
        "name": "Nghĩa Hành",
        "type": "huyen",
        "slug": "nghia-hanh",
        "name_with_type": "Huyện Nghĩa Hành",
        "path": "Nghĩa Hành, Quảng Ngãi",
        "path_with_type": "Huyện Nghĩa Hành, Tỉnh Quảng Ngãi",
        "code": "532",
        "parent_code": "51"
    },
    "533": {
        "name": "Mộ Đức",
        "type": "huyen",
        "slug": "mo-duc",
        "name_with_type": "Huyện Mộ Đức",
        "path": "Mộ Đức, Quảng Ngãi",
        "path_with_type": "Huyện Mộ Đức, Tỉnh Quảng Ngãi",
        "code": "533",
        "parent_code": "51"
    },
    "534": {
        "name": "Đức Phổ",
        "type": "thi-xa",
        "slug": "duc-pho",
        "name_with_type": "Thị xã Đức Phổ",
        "path": "Đức Phổ, Quảng Ngãi",
        "path_with_type": "Thị xã Đức Phổ, Tỉnh Quảng Ngãi",
        "code": "534",
        "parent_code": "51"
    },
    "535": {
        "name": "Ba Tơ",
        "type": "huyen",
        "slug": "ba-to",
        "name_with_type": "Huyện Ba Tơ",
        "path": "Ba Tơ, Quảng Ngãi",
        "path_with_type": "Huyện Ba Tơ, Tỉnh Quảng Ngãi",
        "code": "535",
        "parent_code": "51"
    },
    "536": {
        "name": "Lý Sơn",
        "type": "huyen",
        "slug": "ly-son",
        "name_with_type": "Huyện Lý Sơn",
        "path": "Lý Sơn, Quảng Ngãi",
        "path_with_type": "Huyện Lý Sơn, Tỉnh Quảng Ngãi",
        "code": "536",
        "parent_code": "51"
    }
}