{
    "540": {
        "name": "Quy Nhơn",
        "type": "thanh-pho",
        "slug": "quy-nhon",
        "name_with_type": "Thành phố Quy Nhơn",
        "path": "Quy Nhơn, Bình Định",
        "path_with_type": "Thành phố Quy Nhơn, Tỉnh Bình Định",
        "code": "540",
        "parent_code": "52"
    },
    "542": {
        "name": "An Lão",
        "type": "huyen",
        "slug": "an-lao",
        "name_with_type": "Huyện An Lão",
        "path": "An Lão, Bình Định",
        "path_with_type": "Huyện An Lão, Tỉnh Bình Định",
        "code": "542",
        "parent_code": "52"
    },
    "543": {
        "name": "Hoài Nhơn",
        "type": "thi-xa",
        "slug": "hoai-nhon",
        "name_with_type": "Thị xã Hoài Nhơn",
        "path": "Hoài Nhơn, Bình Định",
        "path_with_type": "Thị xã Hoài Nhơn, Tỉnh Bình Định",
        "code": "543",
        "parent_code": "52"
    },
    "544": {
        "name": "Hoài Ân",
        "type": "huyen",
        "slug": "hoai-an",
        "name_with_type": "Huyện Hoài Ân",
        "path": "Hoài Ân, Bình Định",
        "path_with_type": "Huyện Hoài Ân, Tỉnh Bình Định",
        "code": "544",
        "parent_code": "52"
    },
    "545": {
        "name": "Phù Mỹ",
        "type": "huyen",
        "slug": "phu-my",
        "name_with_type": "Huyện Phù Mỹ",
        "path": "Phù Mỹ, Bình Định",
        "path_with_type": "Huyện Phù Mỹ, Tỉnh Bình Định",
        "code": "545",
        "parent_code": "52"
    },
    "546": {
        "name": "Vĩnh Thạnh",
        "type": "huyen",
        "slug": "vinh-thanh",
        "name_with_type": "Huyện Vĩnh Thạnh",
        "path": "Vĩnh Thạnh, Bình Định",
        "path_with_type": "Huyện Vĩnh Thạnh, Tỉnh Bình Định",
        "code": "546",
        "parent_code": "52"
    },
    "547": {
        "name": "Tây Sơn",
        "type": "huyen",
        "slug": "tay-son",
        "name_with_type": "Huyện Tây Sơn",
        "path": "Tây Sơn, Bình Định",
        "path_with_type": "Huyện Tây Sơn, Tỉnh Bình Định",
        "code": "547",
        "parent_code": "52"
    },
    "548": {
        "name": "Phù Cát",
        "type": "huyen",
        "slug": "phu-cat",
        "name_with_type": "Huyện Phù Cát",
        "path": "Phù Cát, Bình Định",
        "path_with_type": "Huyện Phù Cát, Tỉnh Bình Định",
        "code": "548",
        "parent_code": "52"
    },
    "549": {
        "name": "An Nhơn",
        "type": "thi-xa",
        "slug": "an-nhon",
        "name_with_type": "Thị xã An Nhơn",
        "path": "An Nhơn, Bình Định",
        "path_with_type": "Thị xã An Nhơn, Tỉnh Bình Định",
        "code": "549",
        "parent_code": "52"
    },
    "550": {
        "name": "Tuy Phước",
        "type": "huyen",
        "slug": "tuy-phuoc",
        "name_with_type": "Huyện Tuy Phước",
        "path": "Tuy Phước, Bình Định",
        "path_with_type": "Huyện Tuy Phước, Tỉnh Bình Định",
        "code": "550",
        "parent_code": "52"
    },
    "551": {
        "name": "Vân Canh",
        "type": "huyen",
        "slug": "van-canh",
        "name_with_type": "Huyện Vân Canh",
        "path": "Vân Canh, Bình Định",
        "path_with_type": "Huyện Vân Canh, Tỉnh Bình Định",
        "code": "551",
        "parent_code": "52"
    }
}