{
    "555": {
        "name": "Tuy Hoà",
        "type": "thanh-pho",
        "slug": "tuy-hoa",
        "name_with_type": "Thành phố Tuy Hoà",
        "path": "Tuy Hoà, Phú Yên",
        "path_with_type": "Thành phố Tuy Hoà, Tỉnh Phú Yên",
        "code": "555",
        "parent_code": "54"
    },
    "557": {
        "name": "Sông Cầu",
        "type": "thi-xa",
        "slug": "song-cau",
        "name_with_type": "Thị xã Sông Cầu",
        "path": "Sông Cầu, Phú Yên",
        "path_with_type": "Thị xã Sông Cầu, Tỉnh Phú Yên",
        "code": "557",
        "parent_code": "54"
    },
    "558": {
        "name": "Đồng Xuân",
        "type": "huyen",
        "slug": "dong-xuan",
        "name_with_type": "Huyện Đồng Xuân",
        "path": "Đồng Xuân, Phú Yên",
        "path_with_type": "Huyện Đồng Xuân, Tỉnh Phú Yên",
        "code": "558",
        "parent_code": "54"
    },
    "559": {
        "name": "Tuy An",
        "type": "huyen",
        "slug": "tuy-an",
        "name_with_type": "Huyện Tuy An",
        "path": "Tuy An, Phú Yên",
        "path_with_type": "Huyện Tuy An, Tỉnh Phú Yên",
        "code": "559",
        "parent_code": "54"
    },
    "560": {
        "name": "Sơn Hòa",
        "type": "huyen",
        "slug": "son-hoa",
        "name_with_type": "Huyện Sơn Hòa",
        "path": "Sơn Hòa, Phú Yên",
        "path_with_type": "Huyện Sơn Hòa, Tỉnh Phú Yên",
        "code": "560",
        "parent_code": "54"
    },
    "561": {
        "name": "Sông Hinh",
        "type": "huyen",
        "slug": "song-hinh",
        "name_with_type": "Huyện Sông Hinh",
        "path": "Sông Hinh, Phú Yên",
        "path_with_type": "Huyện Sông Hinh, Tỉnh Phú Yên",
        "code": "561",
        "parent_code": "54"
    },
    "562": {
        "name": "Tây Hoà",
        "type": "huyen",
        "slug": "tay-hoa",
        "name_with_type": "Huyện Tây Hoà",
        "path": "Tây Hoà, Phú Yên",
        "path_with_type": "Huyện Tây Hoà, Tỉnh Phú Yên",
        "code": "562",
        "parent_code": "54"
    },
    "563": {
        "name": "Phú Hoà",
        "type": "huyen",
        "slug": "phu-hoa",
        "name_with_type": "Huyện Phú Hoà",
        "path": "Phú Hoà, Phú Yên",
        "path_with_type": "Huyện Phú Hoà, Tỉnh Phú Yên",
        "code": "563",
        "parent_code": "54"
    },
    "564": {
        "name": "Đông Hòa",
        "type": "thi-xa",
        "slug": "dong-hoa",
        "name_with_type": "Thị xã Đông Hòa",
        "path": "Đông Hòa, Phú Yên",
        "path_with_type": "Thị xã Đông Hòa, Tỉnh Phú Yên",
        "code": "564",
        "parent_code": "54"
    }
}