{
    "568": {
        "name": "Nha Trang",
        "type": "thanh-pho",
        "slug": "nha-trang",
        "name_with_type": "Thành phố Nha Trang",
        "path": "Nha Trang, Khánh Hòa",
        "path_with_type": "Thành phố Nha Trang, Tỉnh Khánh Hòa",
        "code": "568",
        "parent_code": "56"
    },
    "569": {
        "name": "Cam Ranh",
        "type": "thanh-pho",
        "slug": "cam-ranh",
        "name_with_type": "Thành phố Cam Ranh",
        "path": "Cam Ranh, Khánh Hòa",
        "path_with_type": "Thành phố Cam Ranh, Tỉnh Khánh Hòa",
        "code": "569",
        "parent_code": "56"
    },
    "570": {
        "name": "Cam Lâm",
        "type": "huyen",
        "slug": "cam-lam",
        "name_with_type": "Huyện Cam Lâm",
        "path": "Cam Lâm, Khánh Hòa",
        "path_with_type": "Huyện Cam Lâm, Tỉnh Khánh Hòa",
        "code": "570",
        "parent_code": "56"
    },
    "571": {
        "name": "Vạn Ninh",
        "type": "huyen",
        "slug": "van-ninh",
        "name_with_type": "Huyện Vạn Ninh",
        "path": "Vạn Ninh, Khánh Hòa",
        "path_with_type": "Huyện Vạn Ninh, Tỉnh Khánh Hòa",
        "code": "571",
        "parent_code": "56"
    },
    "572": {
        "name": "Ninh Hòa",
        "type": "thi-xa",
        "slug": "ninh-hoa",
        "name_with_type": "Thị xã Ninh Hòa",
        "path": "Ninh Hòa, Khánh Hòa",
        "path_with_type": "Thị xã Ninh Hòa, Tỉnh Khánh Hòa",
        "code": "572",
        "parent_code": "56"
    },
    "573": {
        "name": "Khánh Vĩnh",
        "type": "huyen",
        "slug": "khanh-vinh",
        "name_with_type": "Huyện Khánh Vĩnh",
        "path": "Khánh Vĩnh, Khánh Hòa",
        "path_with_type": "Huyện Khánh Vĩnh, Tỉnh Khánh Hòa",
        "code": "573",
        "parent_code": "56"
    },
    "574": {
        "name": "Diên Khánh",
        "type": "huyen",
        "slug": "dien-khanh",
        "name_with_type": "Huyện Diên Khánh",
        "path": "Diên Khánh, Khánh Hòa",
        "path_with_type": "Huyện Diên Khánh, Tỉnh Khánh Hòa",
        "code": "574",
        "parent_code": "56"
    },
    "575": {
        "name": "Khánh Sơn",
        "type": "huyen",
        "slug": "khanh-son",
        "name_with_type": "Huyện Khánh Sơn",
        "path": "Khánh Sơn, Khánh Hòa",
        "path_with_type": "Huyện Khánh Sơn, Tỉnh Khánh Hòa",
        "code": "575",
        "parent_code": "56"
    },
    "576": {
        "name": "Trường Sa",
        "type": "huyen",
        "slug": "truong-sa",
        "name_with_type": "Huyện Trường Sa",
        "path": "Trường Sa, Khánh Hòa",
        "path_with_type": "Huyện Trường Sa, Tỉnh Khánh Hòa",
        "code": "576",
        "parent_code": "56"
    }
}