{
    "582": {
        "name": "Phan Rang-Tháp Chàm",
        "type": "thanh-pho",
        "slug": "phan-rang-thap-cham",
        "name_with_type": "Thành phố Phan Rang-Tháp Chàm",
        "path": "Phan Rang-Tháp Chàm, Ninh Thuận",
        "path_with_type": "Thành phố Phan Rang-Tháp Chàm, Tỉnh Ninh Thuận",
        "code": "582",
        "parent_code": "58"
    },
    "584": {
        "name": "Bác Ái",
        "type": "huyen",
        "slug": "bac-ai",
        "name_with_type": "Huyện Bác Ái",
        "path": "Bác Ái, Ninh Thuận",
        "path_with_type": "Huyện Bác Ái, Tỉnh Ninh Thuận",
        "code": "584",
        "parent_code": "58"
    },
    "585": {
        "name": "Ninh Sơn",
        "type": "huyen",
        "slug": "ninh-son",
        "name_with_type": "Huyện Ninh Sơn",
        "path": "Ninh Sơn, Ninh Thuận",
        "path_with_type": "Huyện Ninh Sơn, Tỉnh Ninh Thuận",
        "code": "585",
        "parent_code": "58"
    },
    "586": {
        "name": "Ninh Hải",
        "type": "huyen",
        "slug": "ninh-hai",
        "name_with_type": "Huyện Ninh Hải",
        "path": "Ninh Hải, Ninh Thuận",
        "path_with_type": "Huyện Ninh Hải, Tỉnh Ninh Thuận",
        "code": "586",
        "parent_code": "58"
    },
    "587": {
        "name": "Ninh Phước",
        "type": "huyen",
        "slug": "ninh-phuoc",
        "name_with_type": "Huyện Ninh Phước",
        "path": "Ninh Phước, Ninh Thuận",
        "path_with_type": "Huyện Ninh Phước, Tỉnh Ninh Thuận",
        "code": "587",
        "parent_code": "58"
    },
    "588": {
        "name": "Thuận Bắc",
        "type": "huyen",
        "slug": "thuan-bac",
        "name_with_type": "Huyện Thuận Bắc",
        "path": "Thuận Bắc, Ninh Thuận",
        "path_with_type": "Huyện Thuận Bắc, Tỉnh Ninh Thuận",
        "code": "588",
        "parent_code": "58"
    },
    "589": {
        "name": "Thuận Nam",
        "type": "huyen",
        "slug": "thuan-nam",
        "name_with_type": "Huyện Thuận Nam",
        "path": "Thuận Nam, Ninh Thuận",
        "path_with_type": "Huyện Thuận Nam, Tỉnh Ninh Thuận",
        "code": "589",
        "parent_code": "58"
    }
}