{
    "593": {
        "name": "Phan Thiết",
        "type": "thanh-pho",
        "slug": "phan-thiet",
        "name_with_type": "Thành phố Phan Thiết",
        "path": "Phan Thiết, Bình Thuận",
        "path_with_type": "Thành phố Phan Thiết, Tỉnh Bình Thuận",
        "code": "593",
        "parent_code": "60"
    },
    "594": {
        "name": "La Gi",
        "type": "thi-xa",
        "slug": "la-gi",
        "name_with_type": "Thị xã La Gi",
        "path": "La Gi, Bình Thuận",
        "path_with_type": "Thị xã La Gi, Tỉnh Bình Thuận",
        "code": "594",
        "parent_code": "60"
    },
    "595": {
        "name": "Tuy Phong",
        "type": "huyen",
        "slug": "tuy-phong",
        "name_with_type": "Huyện Tuy Phong",
        "path": "Tuy Phong, Bình Thuận",
        "path_with_type": "Huyện Tuy Phong, Tỉnh Bình Thuận",
        "code": "595",
        "parent_code": "60"
    },
    "596": {
        "name": "Bắc Bình",
        "type": "huyen",
        "slug": "bac-binh",
        "name_with_type": "Huyện Bắc Bình",
        "path": "Bắc Bình, Bình Thuận",
        "path_with_type": "Huyện Bắc Bình, Tỉnh Bình Thuận",
        "code": "596",
        "parent_code": "60"
    },
    "597": {
        "name": "Hàm Thuận Bắc",
        "type": "huyen",
        "slug": "ham-thuan-bac",
        "name_with_type": "Huyện Hàm Thuận Bắc",
        "path": "Hàm Thuận Bắc, Bình Thuận",
        "path_with_type": "Huyện Hàm Thuận Bắc, Tỉnh Bình Thuận",
        "code": "597",
        "parent_code": "60"
    },
    "598": {
        "name": "Hàm Thuận Nam",
        "type": "huyen",
        "slug": "ham-thuan-nam",
        "name_with_type": "Huyện Hàm Thuận Nam",
        "path": "Hàm Thuận Nam, Bình Thuận",
        "path_with_type": "Huyện Hàm Thuận Nam, Tỉnh Bình Thuận",
        "code": "598",
        "parent_code": "60"
    },
    "599": {
        "name": "Tánh Linh",
        "type": "huyen",
        "slug": "tanh-linh",
        "name_with_type": "Huyện Tánh Linh",
        "path": "Tánh Linh, Bình Thuận",
        "path_with_type": "Huyện Tánh Linh, Tỉnh Bình Thuận",
        "code": "599",
        "parent_code": "60"
    },
    "600": {
        "name": "Đức Linh",
        "type": "huyen",
        "slug": "duc-linh",
        "name_with_type": "Huyện Đức Linh",
        "path": "Đức Linh, Bình Thuận",
        "path_with_type": "Huyện Đức Linh, Tỉnh Bình Thuận",
        "code": "600",
        "parent_code": "60"
    },
    "601": {
        "name": "Hàm Tân",
        "type": "huyen",
        "slug": "ham-tan",
        "name_with_type": "Huyện Hàm Tân",
        "path": "Hàm Tân, Bình Thuận",
        "path_with_type": "Huyện Hàm Tân, Tỉnh Bình Thuận",
        "code": "601",
        "parent_code": "60"
    },
    "602": {
        "name": "Phú Quí",
        "type": "huyen",
        "slug": "phu-qui",
        "name_with_type": "Huyện Phú Quí",
        "path": "Phú Quí, Bình Thuận",
        "path_with_type": "Huyện Phú Quí, Tỉnh Bình Thuận",
        "code": "602",
        "parent_code": "60"
    }
}