{
    "608": {
        "name": "Kon Tum",
        "type": "thanh-pho",
        "slug": "kon-tum",
        "name_with_type": "Thành phố Kon Tum",
        "path": "Kon Tum, Kon Tum",
        "path_with_type": "Thành phố Kon Tum, Tỉnh Kon Tum",
        "code": "608",
        "parent_code": "62"
    },
    "610": {
        "name": "Đắk Glei",
        "type": "huyen",
        "slug": "dak-glei",
        "name_with_type": "Huyện Đắk Glei",
        "path": "Đắk Glei, Kon Tum",
        "path_with_type": "Huyện Đắk Glei, Tỉnh Kon Tum",
        "code": "610",
        "parent_code": "62"
    },
    "611": {
        "name": "Ngọc Hồi",
        "type": "huyen",
        "slug": "ngoc-hoi",
        "name_with_type": "Huyện Ngọc Hồi",
        "path": "Ngọc Hồi, Kon Tum",
        "path_with_type": "Huyện Ngọc Hồi, Tỉnh Kon Tum",
        "code": "611",
        "parent_code": "62"
    },
    "612": {
        "name": "Đắk Tô",
        "type": "huyen",
        "slug": "dak-to",
        "name_with_type": "Huyện Đắk Tô",
        "path": "Đắk Tô, Kon Tum",
        "path_with_type": "Huyện Đắk Tô, Tỉnh Kon Tum",
        "code": "612",
        "parent_code": "62"
    },
    "613": {
        "name": "Kon Plông",
        "type": "huyen",
        "slug": "kon-plong",
        "name_with_type": "Huyện Kon Plông",
        "path": "Kon Plông, Kon Tum",
        "path_with_type": "Huyện Kon Plông, Tỉnh Kon Tum",
        "code": "613",
        "parent_code": "62"
    },
    "614": {
        "name": "Kon Rẫy",
        "type": "huyen",
        "slug": "kon-ray",
        "name_with_type": "Huyện Kon Rẫy",
        "path": "Kon Rẫy, Kon Tum",
        "path_with_type": "Huyện Kon Rẫy, Tỉnh Kon Tum",
        "code": "614",
        "parent_code": "62"
    },
    "615": {
        "name": "Đắk Hà",
        "type": "huyen",
        "slug": "dak-ha",
        "name_with_type": "Huyện Đắk Hà",
        "path": "Đắk Hà, Kon Tum",
        "path_with_type": "Huyện Đắk Hà, Tỉnh Kon Tum",
        "code": "615",
        "parent_code": "62"
    },
    "616": {
        "name": "Sa Thầy",
        "type": "huyen",
        "slug": "sa-thay",
        "name_with_type": "Huyện Sa Thầy",
        "path": "Sa Thầy, Kon Tum",
        "path_with_type": "Huyện Sa Thầy, Tỉnh Kon Tum",
        "code": "616",
        "parent_code": "62"
    },
    "617": {
        "name": "Tu Mơ Rông",
        "type": "huyen",
        "slug": "tu-mo-rong",
        "name_with_type": "Huyện Tu Mơ Rông",
        "path": "Tu Mơ Rông, Kon Tum",
        "path_with_type": "Huyện Tu Mơ Rông, Tỉnh Kon Tum",
        "code": "617",
        "parent_code": "62"
    },
    "618": {
        "name": "Ia H' Drai",
        "type": "huyen",
        "slug": "ia-h-drai",
        "name_with_type": "Huyện Ia H' Drai",
        "path": "Ia H' Drai, Kon Tum",
        "path_with_type": "Huyện Ia H' Drai, Tỉnh Kon Tum",
        "code": "618",
        "parent_code": "62"
    }
}