{
    "622": {
        "name": "Pleiku",
        "type": "thanh-pho",
        "slug": "pleiku",
        "name_with_type": "Thành phố Pleiku",
        "path": "Pleiku, Gia Lai",
        "path_with_type": "Thành phố Pleiku, Tỉnh Gia Lai",
        "code": "622",
        "parent_code": "64"
    },
    "623": {
        "name": "An Khê",
        "type": "thi-xa",
        "slug": "an-khe",
        "name_with_type": "Thị xã An Khê",
        "path": "An Khê, Gia Lai",
        "path_with_type": "Thị xã An Khê, Tỉnh Gia Lai",
        "code": "623",
        "parent_code": "64"
    },
    "624": {
        "name": "Ayun Pa",
        "type": "thi-xa",
        "slug": "ayun-pa",
        "name_with_type": "Thị xã Ayun Pa",
        "path": "Ayun Pa, Gia Lai",
        "path_with_type": "Thị xã Ayun Pa, Tỉnh Gia Lai",
        "code": "624",
        "parent_code": "64"
    },
    "625": {
        "name": "KBang",
        "type": "huyen",
        "slug": "kbang",
        "name_with_type": "Huyện KBang",
        "path": "KBang, Gia Lai",
        "path_with_type": "Huyện KBang, Tỉnh Gia Lai",
        "code": "625",
        "parent_code": "64"
    },
    "626": {
        "name": "Đăk Đoa",
        "type": "huyen",
        "slug": "dak-doa",
        "name_with_type": "Huyện Đăk Đoa",
        "path": "Đăk Đoa, Gia Lai",
        "path_with_type": "Huyện Đăk Đoa, Tỉnh Gia Lai",
        "code": "626",
        "parent_code": "64"
    },
    "627": {
        "name": "Chư Păh",
        "type": "huyen",
        "slug": "chu-pah",
        "name_with_type": "Huyện Chư Păh",
        "path": "Chư Păh, Gia Lai",
        "path_with_type": "Huyện Chư Păh, Tỉnh Gia Lai",
        "code": "627",
        "parent_code": "64"
    },
    "628": {
        "name": "Ia Grai",
        "type": "huyen",
        "slug": "ia-grai",
        "name_with_type": "Huyện Ia Grai",
        "path": "Ia Grai, Gia Lai",
        "path_with_type": "Huyện Ia Grai, Tỉnh Gia Lai",
        "code": "628",
        "parent_code": "64"
    },
    "629": {
        "name": "Mang Yang",
        "type": "huyen",
        "slug": "mang-yang",
        "name_with_type": "Huyện Mang Yang",
        "path": "Mang Yang, Gia Lai",
        "path_with_type": "Huyện Mang Yang, Tỉnh Gia Lai",
        "code": "629",
        "parent_code": "64"
    },
    "630": {
        "name": "Kông Chro",
        "type": "huyen",
        "slug": "kong-chro",
        "name_with_type": "Huyện Kông Chro",
        "path": "Kông Chro, Gia Lai",
        "path_with_type": "Huyện Kông Chro, Tỉnh Gia Lai",
        "code": "630",
        "parent_code": "64"
    },
    "631": {
        "name": "Đức Cơ",
        "type": "huyen",
        "slug": "duc-co",
        "name_with_type": "Huyện Đức Cơ",
        "path": "Đức Cơ, Gia Lai",
        "path_with_type": "Huyện Đức Cơ, Tỉnh Gia Lai",
        "code": "631",
        "parent_code": "64"
    },
    "632": {
        "name": "Chư Prông",
        "type": "huyen",
        "slug": "chu-prong",
        "name_with_type": "Huyện Chư Prông",
        "path": "Chư Prông, Gia Lai",
        "path_with_type": "Huyện Chư Prông, Tỉnh Gia Lai",
        "code": "632",
        "parent_code": "64"
    },
    "633": {
        "name": "Chư Sê",
        "type": "huyen",
        "slug": "chu-se",
        "name_with_type": "Huyện Chư Sê",
        "path": "Chư Sê, Gia Lai",
        "path_with_type": "Huyện Chư Sê, Tỉnh Gia Lai",
        "code": "633",
        "parent_code": "64"
    },
    "634": {
        "name": "Đăk Pơ",
        "type": "huyen",
        "slug": "dak-po",
        "name_with_type": "Huyện Đăk Pơ",
        "path": "Đăk Pơ, Gia Lai",
        "path_with_type": "Huyện Đăk Pơ, Tỉnh Gia Lai",
        "code": "634",
        "parent_code": "64"
    },
    "635": {
        "name": "Ia Pa",
        "type": "huyen",
        "slug": "ia-pa",
        "name_with_type": "Huyện Ia Pa",
        "path": "Ia Pa, Gia Lai",
        "path_with_type": "Huyện Ia Pa, Tỉnh Gia Lai",
        "code": "635",
        "parent_code": "64"
    },
    "637": {
        "name": "Krông Pa",
        "type": "huyen",
        "slug": "krong-pa",
        "name_with_type": "Huyện Krông Pa",
        "path": "Krông Pa, Gia Lai",
        "path_with_type": "Huyện Krông Pa, Tỉnh Gia Lai",
        "code": "637",
        "parent_code": "64"
    },
    "638": {
        "name": "Phú Thiện",
        "type": "huyen",
        "slug": "phu-thien",
        "name_with_type": "Huyện Phú Thiện",
        "path": "Phú Thiện, Gia Lai",
        "path_with_type": "Huyện Phú Thiện, Tỉnh Gia Lai",
        "code": "638",
        "parent_code": "64"
    },
    "639": {
        "name": "Chư Pưh",
        "type": "huyen",
        "slug": "chu-puh",
        "name_with_type": "Huyện Chư Pưh",
        "path": "Chư Pưh, Gia Lai",
        "path_with_type": "Huyện Chư Pưh, Tỉnh Gia Lai",
        "code": "639",
        "parent_code": "64"
    }
}