{
    "643": {
        "name": "Buôn Ma Thuột",
        "type": "thanh-pho",
        "slug": "buon-ma-thuot",
        "name_with_type": "Thành phố Buôn Ma Thuột",
        "path": "Buôn Ma Thuột, Đắk Lắk",
        "path_with_type": "Thành phố Buôn Ma Thuột, Tỉnh Đắk Lắk",
        "code": "643",
        "parent_code": "66"
    },
    "644": {
        "name": "Buôn Hồ",
        "type": "thi-xa",
        "slug": "buon-ho",
        "name_with_type": "Thị xã Buôn Hồ",
        "path": "Buôn Hồ, Đắk Lắk",
        "path_with_type": "Thị xã Buôn Hồ, Tỉnh Đắk Lắk",
        "code": "644",
        "parent_code": "66"
    },
    "645": {
        "name": "Ea H'leo",
        "type": "huyen",
        "slug": "ea-h-leo",
        "name_with_type": "Huyện Ea H'leo",
        "path": "Ea H'leo, Đắk Lắk",
        "path_with_type": "Huyện Ea H'leo, Tỉnh Đắk Lắk",
        "code": "645",
        "parent_code": "66"
    },
    "646": {
        "name": "Ea Súp",
        "type": "huyen",
        "slug": "ea-sup",
        "name_with_type": "Huyện Ea Súp",
        "path": "Ea Súp, Đắk Lắk",
        "path_with_type": "Huyện Ea Súp, Tỉnh Đắk Lắk",
        "code": "646",
        "parent_code": "66"
    },
    "647": {
        "name": "Buôn Đôn",
        "type": "huyen",
        "slug": "buon-don",
        "name_with_type": "Huyện Buôn Đôn",
        "path": "Buôn Đôn, Đắk Lắk",
        "path_with_type": "Huyện Buôn Đôn, Tỉnh Đắk Lắk",
        "code": "647",
        "parent_code": "66"
    },
    "648": {
        "name": "Cư M'gar",
        "type": "huyen",
        "slug": "cu-m-gar",
        "name_with_type": "Huyện Cư M'gar",
        "path": "Cư M'gar, Đắk Lắk",
        "path_with_type": "Huyện Cư M'gar, Tỉnh Đắk Lắk",
        "code": "648",
        "parent_code": "66"
    },
    "649": {
        "name": "Krông Búk",
        "type": "huyen",
        "slug": "krong-buk",
        "name_with_type": "Huyện Krông Búk",
        "path": "Krông Búk, Đắk Lắk",
        "path_with_type": "Huyện Krông Búk, Tỉnh Đắk Lắk",
        "code": "649",
        "parent_code": "66"
    },
    "650": {
        "name": "Krông Năng",
        "type": "huyen",
        "slug": "krong-nang",
        "name_with_type": "Huyện Krông Năng",
        "path": "Krông Năng, Đắk Lắk",
        "path_with_type": "Huyện Krông Năng, Tỉnh Đắk Lắk",
        "code": "650",
        "parent_code": "66"
    },
    "651": {
        "name": "Ea Kar",
        "type": "huyen",
        "slug": "ea-kar",
        "name_with_type": "Huyện Ea Kar",
        "path": "Ea Kar, Đắk Lắk",
        "path_with_type": "Huyện Ea Kar, Tỉnh Đắk Lắk",
        "code": "651",
        "parent_code": "66"
    },
    "652": {
        "name": "M'Đrắk",
        "type": "huyen",
        "slug": "m-drak",
        "name_with_type": "Huyện M'Đrắk",
        "path": "M'Đrắk, Đắk Lắk",
        "path_with_type": "Huyện M'Đrắk, Tỉnh Đắk Lắk",
        "code": "652",
        "parent_code": "66"
    },
    "653": {
        "name": "Krông Bông",
        "type": "huyen",
        "slug": "krong-bong",
        "name_with_type": "Huyện Krông Bông",
        "path": "Krông Bông, Đắk Lắk",
        "path_with_type": "Huyện Krông Bông, Tỉnh Đắk Lắk",
        "code": "653",
        "parent_code": "66"
    },
    "654": {
        "name": "Krông Pắc",
        "type": "huyen",
        "slug": "krong-pac",
        "name_with_type": "Huyện Krông Pắc",
        "path": "Krông Pắc, Đắk Lắk",
        "path_with_type": "Huyện Krông Pắc, Tỉnh Đắk Lắk",
        "code": "654",
        "parent_code": "66"
    },
    "655": {
        "name": "Krông A Na",
        "type": "huyen",
        "slug": "krong-a-na",
        "name_with_type": "Huyện Krông A Na",
        "path": "Krông A Na, Đắk Lắk",
        "path_with_type": "Huyện Krông A Na, Tỉnh Đắk Lắk",
        "code": "655",
        "parent_code": "66"
    },
    "656": {
        "name": "Lắk",
        "type": "huyen",
        "slug": "lak",
        "name_with_type": "Huyện Lắk",
        "path": "Lắk, Đắk Lắk",
        "path_with_type": "Huyện Lắk, Tỉnh Đắk Lắk",
        "code": "656",
        "parent_code": "66"
    },
    "657": {
        "name": "Cư Kuin",
        "type": "huyen",
        "slug": "cu-kuin",
        "name_with_type": "Huyện Cư Kuin",
        "path": "Cư Kuin, Đắk Lắk",
        "path_with_type": "Huyện Cư Kuin, Tỉnh Đắk Lắk",
        "code": "657",
        "parent_code": "66"
    }
}