{
    "672": {
        "name": "Đà Lạt",
        "type": "thanh-pho",
        "slug": "da-lat",
        "name_with_type": "Thành phố Đà Lạt",
        "path": "Đà Lạt, Lâm Đồng",
        "path_with_type": "Thành phố Đà Lạt, Tỉnh Lâm Đồng",
        "code": "672",
        "parent_code": "68"
    },
    "673": {
        "name": "Bảo Lộc",
        "type": "thanh-pho",
        "slug": "bao-loc",
        "name_with_type": "Thành phố Bảo Lộc",
        "path": "Bảo Lộc, Lâm Đồng",
        "path_with_type": "Thành phố Bảo Lộc, Tỉnh Lâm Đồng",
        "code": "673",
        "parent_code": "68"
    },
    "674": {
        "name": "Đam Rông",
        "type": "huyen",
        "slug": "dam-rong",
        "name_with_type": "Huyện Đam Rông",
        "path": "Đam Rông, Lâm Đồng",
        "path_with_type": "Huyện Đam Rông, Tỉnh Lâm Đồng",
        "code": "674",
        "parent_code": "68"
    },
    "675": {
        "name": "Lạc Dương",
        "type": "huyen",
        "slug": "lac-duong",
        "name_with_type": "Huyện Lạc Dương",
        "path": "Lạc Dương, Lâm Đồng",
        "path_with_type": "Huyện Lạc Dương, Tỉnh Lâm Đồng",
        "code": "675",
        "parent_code": "68"
    },
    "676": {
        "name": "Lâm Hà",
        "type": "huyen",
        "slug": "lam-ha",
        "name_with_type": "Huyện Lâm Hà",
        "path": "Lâm Hà, Lâm Đồng",
        "path_with_type": "Huyện Lâm Hà, Tỉnh Lâm Đồng",
        "code": "676",
        "parent_code": "68"
    },
    "677": {
        "name": "Đơn Dương",
        "type": "huyen",
        "slug": "don-duong",
        "name_with_type": "Huyện Đơn Dương",
        "path": "Đơn Dương, Lâm Đồng",
        "path_with_type": "Huyện Đơn Dương, Tỉnh Lâm Đồng",
        "code": "677",
        "parent_code": "68"
    },
    "678": {
        "name": "Đức Trọng",
        "type": "huyen",
        "slug": "duc-trong",
        "name_with_type": "Huyện Đức Trọng",
        "path": "Đức Trọng, Lâm Đồng",
        "path_with_type": "Huyện Đức Trọng, Tỉnh Lâm Đồng",
        "code": "678",
        "parent_code": "68"
    },
    "679": {
        "name": "Di Linh",
        "type": "huyen",
        "slug": "di-linh",
        "name_with_type": "Huyện Di Linh",
        "path": "Di Linh, Lâm Đồng",
        "path_with_type": "Huyện Di Linh, Tỉnh Lâm Đồng",
        "code": "679",
        "parent_code": "68"
    },
    "680": {
        "name": "Bảo Lâm",
        "type": "huyen",
        "slug": "bao-lam",
        "name_with_type": "Huyện Bảo Lâm",
        "path": "Bảo Lâm, Lâm Đồng",
        "path_with_type": "Huyện Bảo Lâm, Tỉnh Lâm Đồng",
        "code": "680",
        "parent_code": "68"
    },
    "681": {
        "name": "Đạ Huoai",
        "type": "huyen",
        "slug": "da-huoai",
        "name_with_type": "Huyện Đạ Huoai",
        "path": "Đạ Huoai, Lâm Đồng",
        "path_with_type": "Huyện Đạ Huoai, Tỉnh Lâm Đồng",
        "code": "681",
        "parent_code": "68"
    },
    "682": {
        "name": "Đạ Tẻh",
        "type": "huyen",
        "slug": "da-teh",
        "name_with_type": "Huyện Đạ Tẻh",
        "path": "Đạ Tẻh, Lâm Đồng",
        "path_with_type": "Huyện Đạ Tẻh, Tỉnh Lâm Đồng",
        "code": "682",
        "parent_code": "68"
    },
    "683": {
        "name": "Cát Tiên",
        "type": "huyen",
        "slug": "cat-tien",
        "name_with_type": "Huyện Cát Tiên",
        "path": "Cát Tiên, Lâm Đồng",
        "path_with_type": "Huyện Cát Tiên, Tỉnh Lâm Đồng",
        "code": "683",
        "parent_code": "68"
    }
}