{
    "688": {
        "name": "Phước Long",
        "type": "thi-xa",
        "slug": "phuoc-long",
        "name_with_type": "Thị xã Phước Long",
        "path": "Phước Long, Bình Phước",
        "path_with_type": "Thị xã Phước Long, Tỉnh Bình Phước",
        "code": "688",
        "parent_code": "70"
    },
    "689": {
        "name": "Đồng Xoài",
        "type": "thanh-pho",
        "slug": "dong-xoai",
        "name_with_type": "Thành phố Đồng Xoài",
        "path": "Đồng Xoài, Bình Phước",
        "path_with_type": "Thành phố Đồng Xoài, Tỉnh Bình Phước",
        "code": "689",
        "parent_code": "70"
    },
    "690": {
        "name": "Bình Long",
        "type": "thi-xa",
        "slug": "binh-long",
        "name_with_type": "Thị xã Bình Long",
        "path": "Bình Long, Bình Phước",
        "path_with_type": "Thị xã Bình Long, Tỉnh Bình Phước",
        "code": "690",
        "parent_code": "70"
    },
    "691": {
        "name": "Bù Gia Mập",
        "type": "huyen",
        "slug": "bu-gia-map",
        "name_with_type": "Huyện Bù Gia Mập",
        "path": "Bù Gia Mập, Bình Phước",
        "path_with_type": "Huyện Bù Gia Mập, Tỉnh Bình Phước",
        "code": "691",
        "parent_code": "70"
    },
    "692": {
        "name": "Lộc Ninh",
        "type": "huyen",
        "slug": "loc-ninh",
        "name_with_type": "Huyện Lộc Ninh",
        "path": "Lộc Ninh, Bình Phước",
        "path_with_type": "Huyện Lộc Ninh, Tỉnh Bình Phước",
        "code": "692",
        "parent_code": "70"
    },
    "693": {
        "name": "Bù Đốp",
        "type": "huyen",
        "slug": "bu-dop",
        "name_with_type": "Huyện Bù Đốp",
        "path": "Bù Đốp, Bình Phước",
        "path_with_type": "Huyện Bù Đốp, Tỉnh Bình Phước",
        "code": "693",
        "parent_code": "70"
    },
    "694": {
        "name": "Hớn Quản",
        "type": "huyen",
        "slug": "hon-quan",
        "name_with_type": "Huyện Hớn Quản",
        "path": "Hớn Quản, Bình Phước",
        "path_with_type": "Huyện Hớn Quản, Tỉnh Bình Phước",
        "code": "694",
        "parent_code": "70"
    },
    "695": {
        "name": "Đồng Phú",
        "type": "huyen",
        "slug": "dong-phu",
        "name_with_type": "Huyện Đồng Phú",
        "path": "Đồng Phú, Bình Phước",
        "path_with_type": "Huyện Đồng Phú, Tỉnh Bình Phước",
        "code": "695",
        "parent_code": "70"
    },
    "696": {
        "name": "Bù Đăng",
        "type": "huyen",
        "slug": "bu-dang",
        "name_with_type": "Huyện Bù Đăng",
        "path": "Bù Đăng, Bình Phước",
        "path_with_type": "Huyện Bù Đăng, Tỉnh Bình Phước",
        "code": "696",
        "parent_code": "70"
    },
    "697": {
        "name": "Chơn Thành",
        "type": "huyen",
        "slug": "chon-thanh",
        "name_with_type": "Huyện Chơn Thành",
        "path": "Chơn Thành, Bình Phước",
        "path_with_type": "Huyện Chơn Thành, Tỉnh Bình Phước",
        "code": "697",
        "parent_code": "70"
    },
    "698": {
        "name": "Phú Riềng",
        "type": "huyen",
        "slug": "phu-rieng",
        "name_with_type": "Huyện Phú Riềng",
        "path": "Phú Riềng, Bình Phước",
        "path_with_type": "Huyện Phú Riềng, Tỉnh Bình Phước",
        "code": "698",
        "parent_code": "70"
    }
}