{
    "703": {
        "name": "Tây Ninh",
        "type": "thanh-pho",
        "slug": "tay-ninh",
        "name_with_type": "Thành phố Tây Ninh",
        "path": "Tây Ninh, Tây Ninh",
        "path_with_type": "Thành phố Tây Ninh, Tỉnh Tây Ninh",
        "code": "703",
        "parent_code": "72"
    },
    "705": {
        "name": "Tân Biên",
        "type": "huyen",
        "slug": "tan-bien",
        "name_with_type": "Huyện Tân Biên",
        "path": "Tân Biên, Tây Ninh",
        "path_with_type": "Huyện Tân Biên, Tỉnh Tây Ninh",
        "code": "705",
        "parent_code": "72"
    },
    "706": {
        "name": "Tân Châu",
        "type": "huyen",
        "slug": "tan-chau",
        "name_with_type": "Huyện Tân Châu",
        "path": "Tân Châu, Tây Ninh",
        "path_with_type": "Huyện Tân Châu, Tỉnh Tây Ninh",
        "code": "706",
        "parent_code": "72"
    },
    "707": {
        "name": "Dương Minh Châu",
        "type": "huyen",
        "slug": "duong-minh-chau",
        "name_with_type": "Huyện Dương Minh Châu",
        "path": "Dương Minh Châu, Tây Ninh",
        "path_with_type": "Huyện Dương Minh Châu, Tỉnh Tây Ninh",
        "code": "707",
        "parent_code": "72"
    },
    "708": {
        "name": "Châu Thành",
        "type": "huyen",
        "slug": "chau-thanh",
        "name_with_type": "Huyện Châu Thành",
        "path": "Châu Thành, Tây Ninh",
        "path_with_type": "Huyện Châu Thành, Tỉnh Tây Ninh",
        "code": "708",
        "parent_code": "72"
    },
    "709": {
        "name": "Hòa Thành",
        "type": "thi-xa",
        "slug": "hoa-thanh",
        "name_with_type": "Thị xã Hòa Thành",
        "path": "Hòa Thành, Tây Ninh",
        "path_with_type": "Thị xã Hòa Thành, Tỉnh Tây Ninh",
        "code": "709",
        "parent_code": "72"
    },
    "710": {
        "name": "Gò Dầu",
        "type": "huyen",
        "slug": "go-dau",
        "name_with_type": "Huyện Gò Dầu",
        "path": "Gò Dầu, Tây Ninh",
        "path_with_type": "Huyện Gò Dầu, Tỉnh Tây Ninh",
        "code": "710",
        "parent_code": "72"
    },
    "711": {
        "name": "Bến Cầu",
        "type": "huyen",
        "slug": "ben-cau",
        "name_with_type": "Huyện Bến Cầu",
        "path": "Bến Cầu, Tây Ninh",
        "path_with_type": "Huyện Bến Cầu, Tỉnh Tây Ninh",
        "code": "711",
        "parent_code": "72"
    },
    "712": {
        "name": "Trảng Bàng",
        "type": "thi-xa",
        "slug": "trang-bang",
        "name_with_type": "Thị xã Trảng Bàng",
        "path": "Trảng Bàng, Tây Ninh",
        "path_with_type": "Thị xã Trảng Bàng, Tỉnh Tây Ninh",
        "code": "712",
        "parent_code": "72"
    }
}