{
    "718": {
        "name": "Thủ Dầu Một",
        "type": "thanh-pho",
        "slug": "thu-dau-mot",
        "name_with_type": "Thành phố Thủ Dầu Một",
        "path": "Thủ Dầu Một, Bình Dương",
        "path_with_type": "Thành phố Thủ Dầu Một, Tỉnh Bình Dương",
        "code": "718",
        "parent_code": "74"
    },
    "719": {
        "name": "Bàu Bàng",
        "type": "huyen",
        "slug": "bau-bang",
        "name_with_type": "Huyện Bàu Bàng",
        "path": "Bàu Bàng, Bình Dương",
        "path_with_type": "Huyện Bàu Bàng, Tỉnh Bình Dương",
        "code": "719",
        "parent_code": "74"
    },
    "720": {
        "name": "Dầu Tiếng",
        "type": "huyen",
        "slug": "dau-tieng",
        "name_with_type": "Huyện Dầu Tiếng",
        "path": "Dầu Tiếng, Bình Dương",
        "path_with_type": "Huyện Dầu Tiếng, Tỉnh Bình Dương",
        "code": "720",
        "parent_code": "74"
    },
    "721": {
        "name": "Bến Cát",
        "type": "thi-xa",
        "slug": "ben-cat",
        "name_with_type": "Thị xã Bến Cát",
        "path": "Bến Cát, Bình Dương",
        "path_with_type": "Thị xã Bến Cát, Tỉnh Bình Dương",
        "code": "721",
        "parent_code": "74"
    },
    "722": {
        "name": "Phú Giáo",
        "type": "huyen",
        "slug": "phu-giao",
        "name_with_type": "Huyện Phú Giáo",
        "path": "Phú Giáo, Bình Dương",
        "path_with_type": "Huyện Phú Giáo, Tỉnh Bình Dương",
        "code": "722",
        "parent_code": "74"
    },
    "723": {
        "name": "Tân Uyên",
        "type": "thi-xa",
        "slug": "tan-uyen",
        "name_with_type": "Thị xã Tân Uyên",
        "path": "Tân Uyên, Bình Dương",
        "path_with_type": "Thị xã Tân Uyên, Tỉnh Bình Dương",
        "code": "723",
        "parent_code": "74"
    },
    "724": {
        "name": "Dĩ An",
        "type": "thanh-pho",
        "slug": "di-an",
        "name_with_type": "Thành phố Dĩ An",
        "path": "Dĩ An, Bình Dương",
        "path_with_type": "Thành phố Dĩ An, Tỉnh Bình Dương",
        "code": "724",
        "parent_code": "74"
    },
    "725": {
        "name": "Thuận An",
        "type": "thanh-pho",
        "slug": "thuan-an",
        "name_with_type": "Thành phố Thuận An",
        "path": "Thuận An, Bình Dương",
        "path_with_type": "Thành phố Thuận An, Tỉnh Bình Dương",
        "code": "725",
        "parent_code": "74"
    },
    "726": {
        "name": "Bắc Tân Uyên",
        "type": "huyen",
        "slug": "bac-tan-uyen",
        "name_with_type": "Huyện Bắc Tân Uyên",
        "path": "Bắc Tân Uyên, Bình Dương",
        "path_with_type": "Huyện Bắc Tân Uyên, Tỉnh Bình Dương",
        "code": "726",
        "parent_code": "74"
    }
}