{
    "731": {
        "name": "Biên Hòa",
        "type": "thanh-pho",
        "slug": "bien-hoa",
        "name_with_type": "Thành phố Biên Hòa",
        "path": "Biên Hòa, Đồng Nai",
        "path_with_type": "Thành phố Biên Hòa, Tỉnh Đồng Nai",
        "code": "731",
        "parent_code": "75"
    },
    "732": {
        "name": "Long Khánh",
        "type": "thanh-pho",
        "slug": "long-khanh",
        "name_with_type": "Thành phố Long Khánh",
        "path": "Long Khánh, Đồng Nai",
        "path_with_type": "Thành phố Long Khánh, Tỉnh Đồng Nai",
        "code": "732",
        "parent_code": "75"
    },
    "734": {
        "name": "Tân Phú",
        "type": "huyen",
        "slug": "tan-phu",
        "name_with_type": "Huyện Tân Phú",
        "path": "Tân Phú, Đồng Nai",
        "path_with_type": "Huyện Tân Phú, Tỉnh Đồng Nai",
        "code": "734",
        "parent_code": "75"
    },
    "735": {
        "name": "Vĩnh Cửu",
        "type": "huyen",
        "slug": "vinh-cuu",
        "name_with_type": "Huyện Vĩnh Cửu",
        "path": "Vĩnh Cửu, Đồng Nai",
        "path_with_type": "Huyện Vĩnh Cửu, Tỉnh Đồng Nai",
        "code": "735",
        "parent_code": "75"
    },
    "736": {
        "name": "Định Quán",
        "type": "huyen",
        "slug": "dinh-quan",
        "name_with_type": "Huyện Định Quán",
        "path": "Định Quán, Đồng Nai",
        "path_with_type": "Huyện Định Quán, Tỉnh Đồng Nai",
        "code": "736",
        "parent_code": "75"
    },
    "737": {
        "name": "Trảng Bom",
        "type": "huyen",
        "slug": "trang-bom",
        "name_with_type": "Huyện Trảng Bom",
        "path": "Trảng Bom, Đồng Nai",
        "path_with_type": "Huyện Trảng Bom, Tỉnh Đồng Nai",
        "code": "737",
        "parent_code": "75"
    },
    "738": {
        "name": "Thống Nhất",
        "type": "huyen",
        "slug": "thong-nhat",
        "name_with_type": "Huyện Thống Nhất",
        "path": "Thống Nhất, Đồng Nai",
        "path_with_type": "Huyện Thống Nhất, Tỉnh Đồng Nai",
        "code": "738",
        "parent_code": "75"
    },
    "739": {
        "name": "Cẩm Mỹ",
        "type": "huyen",
        "slug": "cam-my",
        "name_with_type": "Huyện Cẩm Mỹ",
        "path": "Cẩm Mỹ, Đồng Nai",
        "path_with_type": "Huyện Cẩm Mỹ, Tỉnh Đồng Nai",
        "code": "739",
        "parent_code": "75"
    },
    "740": {
        "name": "Long Thành",
        "type": "huyen",
        "slug": "long-thanh",
        "name_with_type": "Huyện Long Thành",
        "path": "Long Thành, Đồng Nai",
        "path_with_type": "Huyện Long Thành, Tỉnh Đồng Nai",
        "code": "740",
        "parent_code": "75"
    },
    "741": {
        "name": "Xuân Lộc",
        "type": "huyen",
        "slug": "xuan-loc",
        "name_with_type": "Huyện Xuân Lộc",
        "path": "Xuân Lộc, Đồng Nai",
        "path_with_type": "Huyện Xuân Lộc, Tỉnh Đồng Nai",
        "code": "741",
        "parent_code": "75"
    },
    "742": {
        "name": "Nhơn Trạch",
        "type": "huyen",
        "slug": "nhon-trach",
        "name_with_type": "Huyện Nhơn Trạch",
        "path": "Nhơn Trạch, Đồng Nai",
        "path_with_type": "Huyện Nhơn Trạch, Tỉnh Đồng Nai",
        "code": "742",
        "parent_code": "75"
    }
}