{
    "747": {
        "name": "Vũng Tàu",
        "type": "thanh-pho",
        "slug": "vung-tau",
        "name_with_type": "Thành phố Vũng Tàu",
        "path": "Vũng Tàu, Bà Rịa - Vũng Tàu",
        "path_with_type": "Thành phố Vũng Tàu, Tỉnh Bà Rịa - Vũng Tàu",
        "code": "747",
        "parent_code": "77"
    },
    "748": {
        "name": "Bà Rịa",
        "type": "thanh-pho",
        "slug": "ba-ria",
        "name_with_type": "Thành phố Bà Rịa",
        "path": "Bà Rịa, Bà Rịa - Vũng Tàu",
        "path_with_type": "Thành phố Bà Rịa, Tỉnh Bà Rịa - Vũng Tàu",
        "code": "748",
        "parent_code": "77"
    },
    "750": {
        "name": "Châu Đức",
        "type": "huyen",
        "slug": "chau-duc",
        "name_with_type": "Huyện Châu Đức",
        "path": "Châu Đức, Bà Rịa - Vũng Tàu",
        "path_with_type": "Huyện Châu Đức, Tỉnh Bà Rịa - Vũng Tàu",
        "code": "750",
        "parent_code": "77"
    },
    "751": {
        "name": "Xuyên Mộc",
        "type": "huyen",
        "slug": "xuyen-moc",
        "name_with_type": "Huyện Xuyên Mộc",
        "path": "Xuyên Mộc, Bà Rịa - Vũng Tàu",
        "path_with_type": "Huyện Xuyên Mộc, Tỉnh Bà Rịa - Vũng Tàu",
        "code": "751",
        "parent_code": "77"
    },
    "752": {
        "name": "Long Điền",
        "type": "huyen",
        "slug": "long-dien",
        "name_with_type": "Huyện Long Điền",
        "path": "Long Điền, Bà Rịa - Vũng Tàu",
        "path_with_type": "Huyện Long Điền, Tỉnh Bà Rịa - Vũng Tàu",
        "code": "752",
        "parent_code": "77"
    },
    "753": {
        "name": "Đất Đỏ",
        "type": "huyen",
        "slug": "dat-do",
        "name_with_type": "Huyện Đất Đỏ",
        "path": "Đất Đỏ, Bà Rịa - Vũng Tàu",
        "path_with_type": "Huyện Đất Đỏ, Tỉnh Bà Rịa - Vũng Tàu",
        "code": "753",
        "parent_code": "77"
    },
    "754": {
        "name": "Phú Mỹ",
        "type": "thi-xa",
        "slug": "phu-my",
        "name_with_type": "Thị xã Phú Mỹ",
        "path": "Phú Mỹ, Bà Rịa - Vũng Tàu",
        "path_with_type": "Thị xã Phú Mỹ, Tỉnh Bà Rịa - Vũng Tàu",
        "code": "754",
        "parent_code": "77"
    },
    "755": {
        "name": "Côn Đảo",
        "type": "huyen",
        "slug": "con-dao",
        "name_with_type": "Huyện Côn Đảo",
        "path": "Côn Đảo, Bà Rịa - Vũng Tàu",
        "path_with_type": "Huyện Côn Đảo, Tỉnh Bà Rịa - Vũng Tàu",
        "code": "755",
        "parent_code": "77"
    }
}