{
    "794": {
        "name": "Tân An",
        "type": "thanh-pho",
        "slug": "tan-an",
        "name_with_type": "Thành phố Tân An",
        "path": "Tân An, Long An",
        "path_with_type": "Thành phố Tân An, Tỉnh Long An",
        "code": "794",
        "parent_code": "80"
    },
    "795": {
        "name": "Kiến Tường",
        "type": "thi-xa",
        "slug": "kien-tuong",
        "name_with_type": "Thị xã Kiến Tường",
        "path": "Kiến Tường, Long An",
        "path_with_type": "Thị xã Kiến Tường, Tỉnh Long An",
        "code": "795",
        "parent_code": "80"
    },
    "796": {
        "name": "Tân Hưng",
        "type": "huyen",
        "slug": "tan-hung",
        "name_with_type": "Huyện Tân Hưng",
        "path": "Tân Hưng, Long An",
        "path_with_type": "Huyện Tân Hưng, Tỉnh Long An",
        "code": "796",
        "parent_code": "80"
    },
    "797": {
        "name": "Vĩnh Hưng",
        "type": "huyen",
        "slug": "vinh-hung",
        "name_with_type": "Huyện Vĩnh Hưng",
        "path": "Vĩnh Hưng, Long An",
        "path_with_type": "Huyện Vĩnh Hưng, Tỉnh Long An",
        "code": "797",
        "parent_code": "80"
    },
    "798": {
        "name": "Mộc Hóa",
        "type": "huyen",
        "slug": "moc-hoa",
        "name_with_type": "Huyện Mộc Hóa",
        "path": "Mộc Hóa, Long An",
        "path_with_type": "Huyện Mộc Hóa, Tỉnh Long An",
        "code": "798",
        "parent_code": "80"
    },
    "799": {
        "name": "Tân Thạnh",
        "type": "huyen",
        "slug": "tan-thanh",
        "name_with_type": "Huyện Tân Thạnh",
        "path": "Tân Thạnh, Long An",
        "path_with_type": "Huyện Tân Thạnh, Tỉnh Long An",
        "code": "799",
        "parent_code": "80"
    },
    "800": {
        "name": "Thạnh Hóa",
        "type": "huyen",
        "slug": "thanh-hoa",
        "name_with_type": "Huyện Thạnh Hóa",
        "path": "Thạnh Hóa, Long An",
        "path_with_type": "Huyện Thạnh Hóa, Tỉnh Long An",
        "code": "800",
        "parent_code": "80"
    },
    "801": {
        "name": "Đức Huệ",
        "type": "huyen",
        "slug": "duc-hue",
        "name_with_type": "Huyện Đức Huệ",
        "path": "Đức Huệ, Long An",
        "path_with_type": "Huyện Đức Huệ, Tỉnh Long An",
        "code": "801",
        "parent_code": "80"
    },
    "802": {
        "name": "Đức Hòa",
        "type": "huyen",
        "slug": "duc-hoa",
        "name_with_type": "Huyện Đức Hòa",
        "path": "Đức Hòa, Long An",
        "path_with_type": "Huyện Đức Hòa, Tỉnh Long An",
        "code": "802",
        "parent_code": "80"
    },
    "803": {
        "name": "Bến Lức",
        "type": "huyen",
        "slug": "ben-luc",
        "name_with_type": "Huyện Bến Lức",
        "path": "Bến Lức, Long An",
        "path_with_type": "Huyện Bến Lức, Tỉnh Long An",
        "code": "803",
        "parent_code": "80"
    },
    "804": {
        "name": "Thủ Thừa",
        "type": "huyen",
        "slug": "thu-thua",
        "name_with_type": "Huyện Thủ Thừa",
        "path": "Thủ Thừa, Long An",
        "path_with_type": "Huyện Thủ Thừa, Tỉnh Long An",
        "code": "804",
        "parent_code": "80"
    },
    "805": {
        "name": "Tân Trụ",
        "type": "huyen",
        "slug": "tan-tru",
        "name_with_type": "Huyện Tân Trụ",
        "path": "Tân Trụ, Long An",
        "path_with_type": "Huyện Tân Trụ, Tỉnh Long An",
        "code": "805",
        "parent_code": "80"
    },
    "806": {
        "name": "Cần Đước",
        "type": "huyen",
        "slug": "can-duoc",
        "name_with_type": "Huyện Cần Đước",
        "path": "Cần Đước, Long An",
        "path_with_type": "Huyện Cần Đước, Tỉnh Long An",
        "code": "806",
        "parent_code": "80"
    },
    "807": {
        "name": "Cần Giuộc",
        "type": "huyen",
        "slug": "can-giuoc",
        "name_with_type": "Huyện Cần Giuộc",
        "path": "Cần Giuộc, Long An",
        "path_with_type": "Huyện Cần Giuộc, Tỉnh Long An",
        "code": "807",
        "parent_code": "80"
    },
    "808": {
        "name": "Châu Thành",
        "type": "huyen",
        "slug": "chau-thanh",
        "name_with_type": "Huyện Châu Thành",
        "path": "Châu Thành, Long An",
        "path_with_type": "Huyện Châu Thành, Tỉnh Long An",
        "code": "808",
        "parent_code": "80"
    }
}