{
    "829": {
        "name": "Bến Tre",
        "type": "thanh-pho",
        "slug": "ben-tre",
        "name_with_type": "Thành phố Bến Tre",
        "path": "Bến Tre, Bến Tre",
        "path_with_type": "Thành phố Bến Tre, Tỉnh Bến Tre",
        "code": "829",
        "parent_code": "83"
    },
    "831": {
        "name": "Châu Thành",
        "type": "huyen",
        "slug": "chau-thanh",
        "name_with_type": "Huyện Châu Thành",
        "path": "Châu Thành, Bến Tre",
        "path_with_type": "Huyện Châu Thành, Tỉnh Bến Tre",
        "code": "831",
        "parent_code": "83"
    },
    "832": {
        "name": "Chợ Lách",
        "type": "huyen",
        "slug": "cho-lach",
        "name_with_type": "Huyện Chợ Lách",
        "path": "Chợ Lách, Bến Tre",
        "path_with_type": "Huyện Chợ Lách, Tỉnh Bến Tre",
        "code": "832",
        "parent_code": "83"
    },
    "833": {
        "name": "Mỏ Cày Nam",
        "type": "huyen",
        "slug": "mo-cay-nam",
        "name_with_type": "Huyện Mỏ Cày Nam",
        "path": "Mỏ Cày Nam, Bến Tre",
        "path_with_type": "Huyện Mỏ Cày Nam, Tỉnh Bến Tre",
        "code": "833",
        "parent_code": "83"
    },
    "834": {
        "name": "Giồng Trôm",
        "type": "huyen",
        "slug": "giong-trom",
        "name_with_type": "Huyện Giồng Trôm",
        "path": "Giồng Trôm, Bến Tre",
        "path_with_type": "Huyện Giồng Trôm, Tỉnh Bến Tre",
        "code": "834",
        "parent_code": "83"
    },
    "835": {
        "name": "Bình Đại",
        "type": "huyen",
        "slug": "binh-dai",
        "name_with_type": "Huyện Bình Đại",
        "path": "Bình Đại, Bến Tre",
        "path_with_type": "Huyện Bình Đại, Tỉnh Bến Tre",
        "code": "835",
        "parent_code": "83"
    },
    "836": {
        "name": "Ba Tri",
        "type": "huyen",
        "slug": "ba-tri",
        "name_with_type": "Huyện Ba Tri",
        "path": "Ba Tri, Bến Tre",
        "path_with_type": "Huyện Ba Tri, Tỉnh Bến Tre",
        "code": "836",
        "parent_code": "83"
    },
    "837": {
        "name": "Thạnh Phú",
        "type": "huyen",
        "slug": "thanh-phu",
        "name_with_type": "Huyện Thạnh Phú",
        "path": "Thạnh Phú, Bến Tre",
        "path_with_type": "Huyện Thạnh Phú, Tỉnh Bến Tre",
        "code": "837",
        "parent_code": "83"
    },
    "838": {
        "name": "Mỏ Cày Bắc",
        "type": "huyen",
        "slug": "mo-cay-bac",
        "name_with_type": "Huyện Mỏ Cày Bắc",
        "path": "Mỏ Cày Bắc, Bến Tre",
        "path_with_type": "Huyện Mỏ Cày Bắc, Tỉnh Bến Tre",
        "code": "838",
        "parent_code": "83"
    }
}