{
    "855": {
        "name": "Vĩnh Long",
        "type": "thanh-pho",
        "slug": "vinh-long",
        "name_with_type": "Thành phố Vĩnh Long",
        "path": "Vĩnh Long, Vĩnh Long",
        "path_with_type": "Thành phố Vĩnh Long, Tỉnh Vĩnh Long",
        "code": "855",
        "parent_code": "86"
    },
    "857": {
        "name": "Long Hồ",
        "type": "huyen",
        "slug": "long-ho",
        "name_with_type": "Huyện Long Hồ",
        "path": "Long Hồ, Vĩnh Long",
        "path_with_type": "Huyện Long Hồ, Tỉnh Vĩnh Long",
        "code": "857",
        "parent_code": "86"
    },
    "858": {
        "name": "Mang Thít",
        "type": "huyen",
        "slug": "mang-thit",
        "name_with_type": "Huyện Mang Thít",
        "path": "Mang Thít, Vĩnh Long",
        "path_with_type": "Huyện Mang Thít, Tỉnh Vĩnh Long",
        "code": "858",
        "parent_code": "86"
    },
    "859": {
        "name": "Vũng Liêm",
        "type": "huyen",
        "slug": "vung-liem",
        "name_with_type": "Huyện  Vũng Liêm",
        "path": "Vũng Liêm, Vĩnh Long",
        "path_with_type": "Huyện  Vũng Liêm, Tỉnh Vĩnh Long",
        "code": "859",
        "parent_code": "86"
    },
    "860": {
        "name": "Tam Bình",
        "type": "huyen",
        "slug": "tam-binh",
        "name_with_type": "Huyện Tam Bình",
        "path": "Tam Bình, Vĩnh Long",
        "path_with_type": "Huyện Tam Bình, Tỉnh Vĩnh Long",
        "code": "860",
        "parent_code": "86"
    },
    "861": {
        "name": "Bình Minh",
        "type": "thi-xa",
        "slug": "binh-minh",
        "name_with_type": "Thị xã Bình Minh",
        "path": "Bình Minh, Vĩnh Long",
        "path_with_type": "Thị xã Bình Minh, Tỉnh Vĩnh Long",
        "code": "861",
        "parent_code": "86"
    },
    "862": {
        "name": "Trà Ôn",
        "type": "huyen",
        "slug": "tra-on",
        "name_with_type": "Huyện Trà Ôn",
        "path": "Trà Ôn, Vĩnh Long",
        "path_with_type": "Huyện Trà Ôn, Tỉnh Vĩnh Long",
        "code": "862",
        "parent_code": "86"
    },
    "863": {
        "name": "Bình Tân",
        "type": "huyen",
        "slug": "binh-tan",
        "name_with_type": "Huyện Bình Tân",
        "path": "Bình Tân, Vĩnh Long",
        "path_with_type": "Huyện Bình Tân, Tỉnh Vĩnh Long",
        "code": "863",
        "parent_code": "86"
    }
}