{
    "899": {
        "name": "Rạch Giá",
        "type": "thanh-pho",
        "slug": "rach-gia",
        "name_with_type": "Thành phố Rạch Giá",
        "path": "Rạch Giá, Kiên Giang",
        "path_with_type": "Thành phố Rạch Giá, Tỉnh Kiên Giang",
        "code": "899",
        "parent_code": "91"
    },
    "900": {
        "name": "Hà Tiên",
        "type": "thanh-pho",
        "slug": "ha-tien",
        "name_with_type": "Thành phố Hà Tiên",
        "path": "Hà Tiên, Kiên Giang",
        "path_with_type": "Thành phố Hà Tiên, Tỉnh Kiên Giang",
        "code": "900",
        "parent_code": "91"
    },
    "902": {
        "name": "Kiên Lương",
        "type": "huyen",
        "slug": "kien-luong",
        "name_with_type": "Huyện Kiên Lương",
        "path": "Kiên Lương, Kiên Giang",
        "path_with_type": "Huyện Kiên Lương, Tỉnh Kiên Giang",
        "code": "902",
        "parent_code": "91"
    },
    "903": {
        "name": "Hòn Đất",
        "type": "huyen",
        "slug": "hon-dat",
        "name_with_type": "Huyện Hòn Đất",
        "path": "Hòn Đất, Kiên Giang",
        "path_with_type": "Huyện Hòn Đất, Tỉnh Kiên Giang",
        "code": "903",
        "parent_code": "91"
    },
    "904": {
        "name": "Tân Hiệp",
        "type": "huyen",
        "slug": "tan-hiep",
        "name_with_type": "Huyện Tân Hiệp",
        "path": "Tân Hiệp, Kiên Giang",
        "path_with_type": "Huyện Tân Hiệp, Tỉnh Kiên Giang",
        "code": "904",
        "parent_code": "91"
    },
    "905": {
        "name": "Châu Thành",
        "type": "huyen",
        "slug": "chau-thanh",
        "name_with_type": "Huyện Châu Thành",
        "path": "Châu Thành, Kiên Giang",
        "path_with_type": "Huyện Châu Thành, Tỉnh Kiên Giang",
        "code": "905",
        "parent_code": "91"
    },
    "906": {
        "name": "Giồng Riềng",
        "type": "huyen",
        "slug": "giong-rieng",
        "name_with_type": "Huyện Giồng Riềng",
        "path": "Giồng Riềng, Kiên Giang",
        "path_with_type": "Huyện Giồng Riềng, Tỉnh Kiên Giang",
        "code": "906",
        "parent_code": "91"
    },
    "907": {
        "name": "Gò Quao",
        "type": "huyen",
        "slug": "go-quao",
        "name_with_type": "Huyện Gò Quao",
        "path": "Gò Quao, Kiên Giang",
        "path_with_type": "Huyện Gò Quao, Tỉnh Kiên Giang",
        "code": "907",
        "parent_code": "91"
    },
    "908": {
        "name": "An Biên",
        "type": "huyen",
        "slug": "an-bien",
        "name_with_type": "Huyện An Biên",
        "path": "An Biên, Kiên Giang",
        "path_with_type": "Huyện An Biên, Tỉnh Kiên Giang",
        "code": "908",
        "parent_code": "91"
    },
    "909": {
        "name": "An Minh",
        "type": "huyen",
        "slug": "an-minh",
        "name_with_type": "Huyện An Minh",
        "path": "An Minh, Kiên Giang",
        "path_with_type": "Huyện An Minh, Tỉnh Kiên Giang",
        "code": "909",
        "parent_code": "91"
    },
    "910": {
        "name": "Vĩnh Thuận",
        "type": "huyen",
        "slug": "vinh-thuan",
        "name_with_type": "Huyện Vĩnh Thuận",
        "path": "Vĩnh Thuận, Kiên Giang",
        "path_with_type": "Huyện Vĩnh Thuận, Tỉnh Kiên Giang",
        "code": "910",
        "parent_code": "91"
    },
    "911": {
        "name": "Phú Quốc",
        "type": "thanh-pho",
        "slug": "phu-quoc",
        "name_with_type": "Thành phố Phú Quốc",
        "path": "Phú Quốc, Kiên Giang",
        "path_with_type": "Thành phố Phú Quốc, Tỉnh Kiên Giang",
        "code": "911",
        "parent_code": "91"
    },
    "912": {
        "name": "Kiên Hải",
        "type": "huyen",
        "slug": "kien-hai",
        "name_with_type": "Huyện Kiên Hải",
        "path": "Kiên Hải, Kiên Giang",
        "path_with_type": "Huyện Kiên Hải, Tỉnh Kiên Giang",
        "code": "912",
        "parent_code": "91"
    },
    "913": {
        "name": "U Minh Thượng",
        "type": "huyen",
        "slug": "u-minh-thuong",
        "name_with_type": "Huyện U Minh Thượng",
        "path": "U Minh Thượng, Kiên Giang",
        "path_with_type": "Huyện U Minh Thượng, Tỉnh Kiên Giang",
        "code": "913",
        "parent_code": "91"
    },
    "914": {
        "name": "Giang Thành",
        "type": "huyen",
        "slug": "giang-thanh",
        "name_with_type": "Huyện Giang Thành",
        "path": "Giang Thành, Kiên Giang",
        "path_with_type": "Huyện Giang Thành, Tỉnh Kiên Giang",
        "code": "914",
        "parent_code": "91"
    }
}