{
    "930": {
        "name": "Vị Thanh",
        "type": "thanh-pho",
        "slug": "vi-thanh",
        "name_with_type": "Thành phố Vị Thanh",
        "path": "Vị Thanh, Hậu Giang",
        "path_with_type": "Thành phố Vị Thanh, Tỉnh Hậu Giang",
        "code": "930",
        "parent_code": "93"
    },
    "931": {
        "name": "Ngã Bảy",
        "type": "thanh-pho",
        "slug": "nga-bay",
        "name_with_type": "Thành phố Ngã Bảy",
        "path": "Ngã Bảy, Hậu Giang",
        "path_with_type": "Thành phố Ngã Bảy, Tỉnh Hậu Giang",
        "code": "931",
        "parent_code": "93"
    },
    "932": {
        "name": "Châu Thành A",
        "type": "huyen",
        "slug": "chau-thanh-a",
        "name_with_type": "Huyện Châu Thành A",
        "path": "Châu Thành A, Hậu Giang",
        "path_with_type": "Huyện Châu Thành A, Tỉnh Hậu Giang",
        "code": "932",
        "parent_code": "93"
    },
    "933": {
        "name": "Châu Thành",
        "type": "huyen",
        "slug": "chau-thanh",
        "name_with_type": "Huyện Châu Thành",
        "path": "Châu Thành, Hậu Giang",
        "path_with_type": "Huyện Châu Thành, Tỉnh Hậu Giang",
        "code": "933",
        "parent_code": "93"
    },
    "934": {
        "name": "Phụng Hiệp",
        "type": "huyen",
        "slug": "phung-hiep",
        "name_with_type": "Huyện Phụng Hiệp",
        "path": "Phụng Hiệp, Hậu Giang",
        "path_with_type": "Huyện Phụng Hiệp, Tỉnh Hậu Giang",
        "code": "934",
        "parent_code": "93"
    },
    "935": {
        "name": "Vị Thuỷ",
        "type": "huyen",
        "slug": "vi-thuy",
        "name_with_type": "Huyện Vị Thuỷ",
        "path": "Vị Thuỷ, Hậu Giang",
        "path_with_type": "Huyện Vị Thuỷ, Tỉnh Hậu Giang",
        "code": "935",
        "parent_code": "93"
    },
    "936": {
        "name": "Long Mỹ",
        "type": "huyen",
        "slug": "long-my",
        "name_with_type": "Huyện Long Mỹ",
        "path": "Long Mỹ, Hậu Giang",
        "path_with_type": "Huyện Long Mỹ, Tỉnh Hậu Giang",
        "code": "936",
        "parent_code": "93"
    },
    "937": {
        "name": "Long Mỹ",
        "type": "thi-xa",
        "slug": "long-my",
        "name_with_type": "Thị xã Long Mỹ",
        "path": "Long Mỹ, Hậu Giang",
        "path_with_type": "Thị xã Long Mỹ, Tỉnh Hậu Giang",
        "code": "937",
        "parent_code": "93"
    }
}