{
    "954": {
        "name": "Bạc Liêu",
        "type": "thanh-pho",
        "slug": "bac-lieu",
        "name_with_type": "Thành phố Bạc Liêu",
        "path": "Bạc Liêu, Bạc Liêu",
        "path_with_type": "Thành phố Bạc Liêu, Tỉnh Bạc Liêu",
        "code": "954",
        "parent_code": "95"
    },
    "956": {
        "name": "Hồng Dân",
        "type": "huyen",
        "slug": "hong-dan",
        "name_with_type": "Huyện Hồng Dân",
        "path": "Hồng Dân, Bạc Liêu",
        "path_with_type": "Huyện Hồng Dân, Tỉnh Bạc Liêu",
        "code": "956",
        "parent_code": "95"
    },
    "957": {
        "name": "Phước Long",
        "type": "huyen",
        "slug": "phuoc-long",
        "name_with_type": "Huyện Phước Long",
        "path": "Phước Long, Bạc Liêu",
        "path_with_type": "Huyện Phước Long, Tỉnh Bạc Liêu",
        "code": "957",
        "parent_code": "95"
    },
    "958": {
        "name": "Vĩnh Lợi",
        "type": "huyen",
        "slug": "vinh-loi",
        "name_with_type": "Huyện Vĩnh Lợi",
        "path": "Vĩnh Lợi, Bạc Liêu",
        "path_with_type": "Huyện Vĩnh Lợi, Tỉnh Bạc Liêu",
        "code": "958",
        "parent_code": "95"
    },
    "959": {
        "name": "Giá Rai",
        "type": "thi-xa",
        "slug": "gia-rai",
        "name_with_type": "Thị xã Giá Rai",
        "path": "Giá Rai, Bạc Liêu",
        "path_with_type": "Thị xã Giá Rai, Tỉnh Bạc Liêu",
        "code": "959",
        "parent_code": "95"
    },
    "960": {
        "name": "Đông Hải",
        "type": "huyen",
        "slug": "dong-hai",
        "name_with_type": "Huyện Đông Hải",
        "path": "Đông Hải, Bạc Liêu",
        "path_with_type": "Huyện Đông Hải, Tỉnh Bạc Liêu",
        "code": "960",
        "parent_code": "95"
    },
    "961": {
        "name": "Hoà Bình",
        "type": "huyen",
        "slug": "hoa-binh",
        "name_with_type": "Huyện Hoà Bình",
        "path": "Hoà Bình, Bạc Liêu",
        "path_with_type": "Huyện Hoà Bình, Tỉnh Bạc Liêu",
        "code": "961",
        "parent_code": "95"
    }
}