{
    "00001": {
        "name": "Phúc Xá",
        "type": "phuong",
        "slug": "phuc-xa",
        "name_with_type": "Phường Phúc Xá",
        "path": "Phúc Xá, Ba Đình, Hà Nội",
        "path_with_type": "Phường Phúc Xá, Quận Ba Đình, Thành phố Hà Nội",
        "code": "00001",
        "parent_code": "001"
    },
    "00004": {
        "name": "Trúc Bạch",
        "type": "phuong",
        "slug": "truc-bach",
        "name_with_type": "Phường Trúc Bạch",
        "path": "Trúc Bạch, Ba Đình, Hà Nội",
        "path_with_type": "Phường Trúc Bạch, Quận Ba Đình, Thành phố Hà Nội",
        "code": "00004",
        "parent_code": "001"
    },
    "00006": {
        "name": "Vĩnh Phúc",
        "type": "phuong",
        "slug": "vinh-phuc",
        "name_with_type": "Phường Vĩnh Phúc",
        "path": "Vĩnh Phúc, Ba Đình, Hà Nội",
        "path_with_type": "Phường Vĩnh Phúc, Quận Ba Đình, Thành phố Hà Nội",
        "code": "00006",
        "parent_code": "001"
    },
    "00007": {
        "name": "Cống Vị",
        "type": "phuong",
        "slug": "cong-vi",
        "name_with_type": "Phường Cống Vị",
        "path": "Cống Vị, Ba Đình, Hà Nội",
        "path_with_type": "Phường Cống Vị, Quận Ba Đình, Thành phố Hà Nội",
        "code": "00007",
        "parent_code": "001"
    },
    "00008": {
        "name": "Liễu Giai",
        "type": "phuong",
        "slug": "lieu-giai",
        "name_with_type": "Phường Liễu Giai",
        "path": "Liễu Giai, Ba Đình, Hà Nội",
        "path_with_type": "Phường Liễu Giai, Quận Ba Đình, Thành phố Hà Nội",
        "code": "00008",
        "parent_code": "001"
    },
    "00010": {
        "name": "Nguyễn Trung Trực",
        "type": "phuong",
        "slug": "nguyen-trung-truc",
        "name_with_type": "Phường Nguyễn Trung Trực",
        "path": "Nguyễn Trung Trực, Ba Đình, Hà Nội",
        "path_with_type": "Phường Nguyễn Trung Trực, Quận Ba Đình, Thành phố Hà Nội",
        "code": "00010",
        "parent_code": "001"
    },
    "00013": {
        "name": "Quán Thánh",
        "type": "phuong",
        "slug": "quan-thanh",
        "name_with_type": "Phường Quán Thánh",
        "path": "Quán Thánh, Ba Đình, Hà Nội",
        "path_with_type": "Phường Quán Thánh, Quận Ba Đình, Thành phố Hà Nội",
        "code": "00013",
        "parent_code": "001"
    },
    "00016": {
        "name": "Ngọc Hà",
        "type": "phuong",
        "slug": "ngoc-ha",
        "name_with_type": "Phường Ngọc Hà",
        "path": "Ngọc Hà, Ba Đình, Hà Nội",
        "path_with_type": "Phường Ngọc Hà, Quận Ba Đình, Thành phố Hà Nội",
        "code": "00016",
        "parent_code": "001"
    },
    "00019": {
        "name": "Điện Biên",
        "type": "phuong",
        "slug": "dien-bien",
        "name_with_type": "Phường Điện Biên",
        "path": "Điện Biên, Ba Đình, Hà Nội",
        "path_with_type": "Phường Điện Biên, Quận Ba Đình, Thành phố Hà Nội",
        "code": "00019",
        "parent_code": "001"
    },
    "00022": {
        "name": "Đội Cấn",
        "type": "phuong",
        "slug": "doi-can",
        "name_with_type": "Phường Đội Cấn",
        "path": "Đội Cấn, Ba Đình, Hà Nội",
        "path_with_type": "Phường Đội Cấn, Quận Ba Đình, Thành phố Hà Nội",
        "code": "00022",
        "parent_code": "001"
    },
    "00025": {
        "name": "Ngọc Khánh",
        "type": "phuong",
        "slug": "ngoc-khanh",
        "name_with_type": "Phường Ngọc Khánh",
        "path": "Ngọc Khánh, Ba Đình, Hà Nội",
        "path_with_type": "Phường Ngọc Khánh, Quận Ba Đình, Thành phố Hà Nội",
        "code": "00025",
        "parent_code": "001"
    },
    "00028": {
        "name": "Kim Mã",
        "type": "phuong",
        "slug": "kim-ma",
        "name_with_type": "Phường Kim Mã",
        "path": "Kim Mã, Ba Đình, Hà Nội",
        "path_with_type": "Phường Kim Mã, Quận Ba Đình, Thành phố Hà Nội",
        "code": "00028",
        "parent_code": "001"
    },
    "00031": {
        "name": "Giảng Võ",
        "type": "phuong",
        "slug": "giang-vo",
        "name_with_type": "Phường Giảng Võ",
        "path": "Giảng Võ, Ba Đình, Hà Nội",
        "path_with_type": "Phường Giảng Võ, Quận Ba Đình, Thành phố Hà Nội",
        "code": "00031",
        "parent_code": "001"
    },
    "00034": {
        "name": "Thành Công",
        "type": "phuong",
        "slug": "thanh-cong",
        "name_with_type": "Phường Thành Công",
        "path": "Thành Công, Ba Đình, Hà Nội",
        "path_with_type": "Phường Thành Công, Quận Ba Đình, Thành phố Hà Nội",
        "code": "00034",
        "parent_code": "001"
    }
}