{
    "00115": {
        "name": "Thượng Thanh",
        "type": "phuong",
        "slug": "thuong-thanh",
        "name_with_type": "Phường Thượng Thanh",
        "path": "Thượng Thanh, Long Biên, Hà Nội",
        "path_with_type": "Phường Thượng Thanh, Quận Long Biên, Thành phố Hà Nội",
        "code": "00115",
        "parent_code": "004"
    },
    "00118": {
        "name": "Ngọc Thụy",
        "type": "phuong",
        "slug": "ngoc-thuy",
        "name_with_type": "Phường Ngọc Thụy",
        "path": "Ngọc Thụy, Long Biên, Hà Nội",
        "path_with_type": "Phường Ngọc Thụy, Quận Long Biên, Thành phố Hà Nội",
        "code": "00118",
        "parent_code": "004"
    },
    "00121": {
        "name": "Giang Biên",
        "type": "phuong",
        "slug": "giang-bien",
        "name_with_type": "Phường Giang Biên",
        "path": "Giang Biên, Long Biên, Hà Nội",
        "path_with_type": "Phường Giang Biên, Quận Long Biên, Thành phố Hà Nội",
        "code": "00121",
        "parent_code": "004"
    },
    "00124": {
        "name": "Đức Giang",
        "type": "phuong",
        "slug": "duc-giang",
        "name_with_type": "Phường Đức Giang",
        "path": "Đức Giang, Long Biên, Hà Nội",
        "path_with_type": "Phường Đức Giang, Quận Long Biên, Thành phố Hà Nội",
        "code": "00124",
        "parent_code": "004"
    },
    "00127": {
        "name": "Việt Hưng",
        "type": "phuong",
        "slug": "viet-hung",
        "name_with_type": "Phường Việt Hưng",
        "path": "Việt Hưng, Long Biên, Hà Nội",
        "path_with_type": "Phường Việt Hưng, Quận Long Biên, Thành phố Hà Nội",
        "code": "00127",
        "parent_code": "004"
    },
    "00130": {
        "name": "Gia Thụy",
        "type": "phuong",
        "slug": "gia-thuy",
        "name_with_type": "Phường Gia Thụy",
        "path": "Gia Thụy, Long Biên, Hà Nội",
        "path_with_type": "Phường Gia Thụy, Quận Long Biên, Thành phố Hà Nội",
        "code": "00130",
        "parent_code": "004"
    },
    "00133": {
        "name": "Ngọc Lâm",
        "type": "phuong",
        "slug": "ngoc-lam",
        "name_with_type": "Phường Ngọc Lâm",
        "path": "Ngọc Lâm, Long Biên, Hà Nội",
        "path_with_type": "Phường Ngọc Lâm, Quận Long Biên, Thành phố Hà Nội",
        "code": "00133",
        "parent_code": "004"
    },
    "00136": {
        "name": "Phúc Lợi",
        "type": "phuong",
        "slug": "phuc-loi",
        "name_with_type": "Phường Phúc Lợi",
        "path": "Phúc Lợi, Long Biên, Hà Nội",
        "path_with_type": "Phường Phúc Lợi, Quận Long Biên, Thành phố Hà Nội",
        "code": "00136",
        "parent_code": "004"
    },
    "00139": {
        "name": "Bồ Đề",
        "type": "phuong",
        "slug": "bo-de",
        "name_with_type": "Phường Bồ Đề",
        "path": "Bồ Đề, Long Biên, Hà Nội",
        "path_with_type": "Phường Bồ Đề, Quận Long Biên, Thành phố Hà Nội",
        "code": "00139",
        "parent_code": "004"
    },
    "00142": {
        "name": "Sài Đồng",
        "type": "phuong",
        "slug": "sai-dong",
        "name_with_type": "Phường Sài Đồng",
        "path": "Sài Đồng, Long Biên, Hà Nội",
        "path_with_type": "Phường Sài Đồng, Quận Long Biên, Thành phố Hà Nội",
        "code": "00142",
        "parent_code": "004"
    },
    "00145": {
        "name": "Long Biên",
        "type": "phuong",
        "slug": "long-bien",
        "name_with_type": "Phường Long Biên",
        "path": "Long Biên, Long Biên, Hà Nội",
        "path_with_type": "Phường Long Biên, Quận Long Biên, Thành phố Hà Nội",
        "code": "00145",
        "parent_code": "004"
    },
    "00148": {
        "name": "Thạch Bàn",
        "type": "phuong",
        "slug": "thach-ban",
        "name_with_type": "Phường Thạch Bàn",
        "path": "Thạch Bàn, Long Biên, Hà Nội",
        "path_with_type": "Phường Thạch Bàn, Quận Long Biên, Thành phố Hà Nội",
        "code": "00148",
        "parent_code": "004"
    },
    "00151": {
        "name": "Phúc Đồng",
        "type": "phuong",
        "slug": "phuc-dong",
        "name_with_type": "Phường Phúc Đồng",
        "path": "Phúc Đồng, Long Biên, Hà Nội",
        "path_with_type": "Phường Phúc Đồng, Quận Long Biên, Thành phố Hà Nội",
        "code": "00151",
        "parent_code": "004"
    },
    "00154": {
        "name": "Cự Khối",
        "type": "phuong",
        "slug": "cu-khoi",
        "name_with_type": "Phường Cự Khối",
        "path": "Cự Khối, Long Biên, Hà Nội",
        "path_with_type": "Phường Cự Khối, Quận Long Biên, Thành phố Hà Nội",
        "code": "00154",
        "parent_code": "004"
    }
}