{
    "00157": {
        "name": "Nghĩa Đô",
        "type": "phuong",
        "slug": "nghia-do",
        "name_with_type": "Phường Nghĩa Đô",
        "path": "Nghĩa Đô, Cầu Giấy, Hà Nội",
        "path_with_type": "Phường Nghĩa Đô, Quận Cầu Giấy, Thành phố Hà Nội",
        "code": "00157",
        "parent_code": "005"
    },
    "00160": {
        "name": "Nghĩa Tân",
        "type": "phuong",
        "slug": "nghia-tan",
        "name_with_type": "Phường Nghĩa Tân",
        "path": "Nghĩa Tân, Cầu Giấy, Hà Nội",
        "path_with_type": "Phường Nghĩa Tân, Quận Cầu Giấy, Thành phố Hà Nội",
        "code": "00160",
        "parent_code": "005"
    },
    "00163": {
        "name": "Mai Dịch",
        "type": "phuong",
        "slug": "mai-dich",
        "name_with_type": "Phường Mai Dịch",
        "path": "Mai Dịch, Cầu Giấy, Hà Nội",
        "path_with_type": "Phường Mai Dịch, Quận Cầu Giấy, Thành phố Hà Nội",
        "code": "00163",
        "parent_code": "005"
    },
    "00166": {
        "name": "Dịch Vọng",
        "type": "phuong",
        "slug": "dich-vong",
        "name_with_type": "Phường Dịch Vọng",
        "path": "Dịch Vọng, Cầu Giấy, Hà Nội",
        "path_with_type": "Phường Dịch Vọng, Quận Cầu Giấy, Thành phố Hà Nội",
        "code": "00166",
        "parent_code": "005"
    },
    "00167": {
        "name": "Dịch Vọng Hậu",
        "type": "phuong",
        "slug": "dich-vong-hau",
        "name_with_type": "Phường Dịch Vọng Hậu",
        "path": "Dịch Vọng Hậu, Cầu Giấy, Hà Nội",
        "path_with_type": "Phường Dịch Vọng Hậu, Quận Cầu Giấy, Thành phố Hà Nội",
        "code": "00167",
        "parent_code": "005"
    },
    "00169": {
        "name": "Quan Hoa",
        "type": "phuong",
        "slug": "quan-hoa",
        "name_with_type": "Phường Quan Hoa",
        "path": "Quan Hoa, Cầu Giấy, Hà Nội",
        "path_with_type": "Phường Quan Hoa, Quận Cầu Giấy, Thành phố Hà Nội",
        "code": "00169",
        "parent_code": "005"
    },
    "00172": {
        "name": "Yên Hoà",
        "type": "phuong",
        "slug": "yen-hoa",
        "name_with_type": "Phường Yên Hoà",
        "path": "Yên Hoà, Cầu Giấy, Hà Nội",
        "path_with_type": "Phường Yên Hoà, Quận Cầu Giấy, Thành phố Hà Nội",
        "code": "00172",
        "parent_code": "005"
    },
    "00175": {
        "name": "Trung Hoà",
        "type": "phuong",
        "slug": "trung-hoa",
        "name_with_type": "Phường Trung Hoà",
        "path": "Trung Hoà, Cầu Giấy, Hà Nội",
        "path_with_type": "Phường Trung Hoà, Quận Cầu Giấy, Thành phố Hà Nội",
        "code": "00175",
        "parent_code": "005"
    }
}