{
    "00301": {
        "name": "Thanh Trì",
        "type": "phuong",
        "slug": "thanh-tri",
        "name_with_type": "Phường Thanh Trì",
        "path": "Thanh Trì, Hoàng Mai, Hà Nội",
        "path_with_type": "Phường Thanh Trì, Quận Hoàng Mai, Thành phố Hà Nội",
        "code": "00301",
        "parent_code": "008"
    },
    "00304": {
        "name": "Vĩnh Hưng",
        "type": "phuong",
        "slug": "vinh-hung",
        "name_with_type": "Phường Vĩnh Hưng",
        "path": "Vĩnh Hưng, Hoàng Mai, Hà Nội",
        "path_with_type": "Phường Vĩnh Hưng, Quận Hoàng Mai, Thành phố Hà Nội",
        "code": "00304",
        "parent_code": "008"
    },
    "00307": {
        "name": "Định Công",
        "type": "phuong",
        "slug": "dinh-cong",
        "name_with_type": "Phường Định Công",
        "path": "Định Công, Hoàng Mai, Hà Nội",
        "path_with_type": "Phường Định Công, Quận Hoàng Mai, Thành phố Hà Nội",
        "code": "00307",
        "parent_code": "008"
    },
    "00310": {
        "name": "Mai Động",
        "type": "phuong",
        "slug": "mai-dong",
        "name_with_type": "Phường Mai Động",
        "path": "Mai Động, Hoàng Mai, Hà Nội",
        "path_with_type": "Phường Mai Động, Quận Hoàng Mai, Thành phố Hà Nội",
        "code": "00310",
        "parent_code": "008"
    },
    "00313": {
        "name": "Tương Mai",
        "type": "phuong",
        "slug": "tuong-mai",
        "name_with_type": "Phường Tương Mai",
        "path": "Tương Mai, Hoàng Mai, Hà Nội",
        "path_with_type": "Phường Tương Mai, Quận Hoàng Mai, Thành phố Hà Nội",
        "code": "00313",
        "parent_code": "008"
    },
    "00316": {
        "name": "Đại Kim",
        "type": "phuong",
        "slug": "dai-kim",
        "name_with_type": "Phường Đại Kim",
        "path": "Đại Kim, Hoàng Mai, Hà Nội",
        "path_with_type": "Phường Đại Kim, Quận Hoàng Mai, Thành phố Hà Nội",
        "code": "00316",
        "parent_code": "008"
    },
    "00319": {
        "name": "Tân Mai",
        "type": "phuong",
        "slug": "tan-mai",
        "name_with_type": "Phường Tân Mai",
        "path": "Tân Mai, Hoàng Mai, Hà Nội",
        "path_with_type": "Phường Tân Mai, Quận Hoàng Mai, Thành phố Hà Nội",
        "code": "00319",
        "parent_code": "008"
    },
    "00322": {
        "name": "Hoàng Văn Thụ",
        "type": "phuong",
        "slug": "hoang-van-thu",
        "name_with_type": "Phường Hoàng Văn Thụ",
        "path": "Hoàng Văn Thụ, Hoàng Mai, Hà Nội",
        "path_with_type": "Phường Hoàng Văn Thụ, Quận Hoàng Mai, Thành phố Hà Nội",
        "code": "00322",
        "parent_code": "008"
    },
    "00325": {
        "name": "Giáp Bát",
        "type": "phuong",
        "slug": "giap-bat",
        "name_with_type": "Phường Giáp Bát",
        "path": "Giáp Bát, Hoàng Mai, Hà Nội",
        "path_with_type": "Phường Giáp Bát, Quận Hoàng Mai, Thành phố Hà Nội",
        "code": "00325",
        "parent_code": "008"
    },
    "00328": {
        "name": "Lĩnh Nam",
        "type": "phuong",
        "slug": "linh-nam",
        "name_with_type": "Phường Lĩnh Nam",
        "path": "Lĩnh Nam, Hoàng Mai, Hà Nội",
        "path_with_type": "Phường Lĩnh Nam, Quận Hoàng Mai, Thành phố Hà Nội",
        "code": "00328",
        "parent_code": "008"
    },
    "00331": {
        "name": "Thịnh Liệt",
        "type": "phuong",
        "slug": "thinh-liet",
        "name_with_type": "Phường Thịnh Liệt",
        "path": "Thịnh Liệt, Hoàng Mai, Hà Nội",
        "path_with_type": "Phường Thịnh Liệt, Quận Hoàng Mai, Thành phố Hà Nội",
        "code": "00331",
        "parent_code": "008"
    },
    "00334": {
        "name": "Trần Phú",
        "type": "phuong",
        "slug": "tran-phu",
        "name_with_type": "Phường Trần Phú",
        "path": "Trần Phú, Hoàng Mai, Hà Nội",
        "path_with_type": "Phường Trần Phú, Quận Hoàng Mai, Thành phố Hà Nội",
        "code": "00334",
        "parent_code": "008"
    },
    "00337": {
        "name": "Hoàng Liệt",
        "type": "phuong",
        "slug": "hoang-liet",
        "name_with_type": "Phường Hoàng Liệt",
        "path": "Hoàng Liệt, Hoàng Mai, Hà Nội",
        "path_with_type": "Phường Hoàng Liệt, Quận Hoàng Mai, Thành phố Hà Nội",
        "code": "00337",
        "parent_code": "008"
    },
    "00340": {
        "name": "Yên Sở",
        "type": "phuong",
        "slug": "yen-so",
        "name_with_type": "Phường Yên Sở",
        "path": "Yên Sở, Hoàng Mai, Hà Nội",
        "path_with_type": "Phường Yên Sở, Quận Hoàng Mai, Thành phố Hà Nội",
        "code": "00340",
        "parent_code": "008"
    }
}