{
    "00769": {
        "name": "Mèo Vạc",
        "type": "thi-tran",
        "slug": "meo-vac",
        "name_with_type": "Thị trấn Mèo Vạc",
        "path": "Mèo Vạc, Mèo Vạc, Hà Giang",
        "path_with_type": "Thị trấn Mèo Vạc, Huyện Mèo Vạc, Tỉnh Hà Giang",
        "code": "00769",
        "parent_code": "027"
    },
    "00772": {
        "name": "Thượng Phùng",
        "type": "xa",
        "slug": "thuong-phung",
        "name_with_type": "Xã Thượng Phùng",
        "path": "Thượng Phùng, Mèo Vạc, Hà Giang",
        "path_with_type": "Xã Thượng Phùng, Huyện Mèo Vạc, Tỉnh Hà Giang",
        "code": "00772",
        "parent_code": "027"
    },
    "00775": {
        "name": "Pải Lủng",
        "type": "xa",
        "slug": "pai-lung",
        "name_with_type": "Xã Pải Lủng",
        "path": "Pải Lủng, Mèo Vạc, Hà Giang",
        "path_with_type": "Xã Pải Lủng, Huyện Mèo Vạc, Tỉnh Hà Giang",
        "code": "00775",
        "parent_code": "027"
    },
    "00778": {
        "name": "Xín Cái",
        "type": "xa",
        "slug": "xin-cai",
        "name_with_type": "Xã Xín Cái",
        "path": "Xín Cái, Mèo Vạc, Hà Giang",
        "path_with_type": "Xã Xín Cái, Huyện Mèo Vạc, Tỉnh Hà Giang",
        "code": "00778",
        "parent_code": "027"
    },
    "00781": {
        "name": "Pả Vi",
        "type": "xa",
        "slug": "pa-vi",
        "name_with_type": "Xã Pả Vi",
        "path": "Pả Vi, Mèo Vạc, Hà Giang",
        "path_with_type": "Xã Pả Vi, Huyện Mèo Vạc, Tỉnh Hà Giang",
        "code": "00781",
        "parent_code": "027"
    },
    "00784": {
        "name": "Giàng Chu Phìn",
        "type": "xa",
        "slug": "giang-chu-phin",
        "name_with_type": "Xã Giàng Chu Phìn",
        "path": "Giàng Chu Phìn, Mèo Vạc, Hà Giang",
        "path_with_type": "Xã Giàng Chu Phìn, Huyện Mèo Vạc, Tỉnh Hà Giang",
        "code": "00784",
        "parent_code": "027"
    },
    "00787": {
        "name": "Sủng Trà",
        "type": "xa",
        "slug": "sung-tra",
        "name_with_type": "Xã Sủng Trà",
        "path": "Sủng Trà, Mèo Vạc, Hà Giang",
        "path_with_type": "Xã Sủng Trà, Huyện Mèo Vạc, Tỉnh Hà Giang",
        "code": "00787",
        "parent_code": "027"
    },
    "00790": {
        "name": "Sủng Máng",
        "type": "xa",
        "slug": "sung-mang",
        "name_with_type": "Xã Sủng Máng",
        "path": "Sủng Máng, Mèo Vạc, Hà Giang",
        "path_with_type": "Xã Sủng Máng, Huyện Mèo Vạc, Tỉnh Hà Giang",
        "code": "00790",
        "parent_code": "027"
    },
    "00793": {
        "name": "Sơn Vĩ",
        "type": "xa",
        "slug": "son-vi",
        "name_with_type": "Xã Sơn Vĩ",
        "path": "Sơn Vĩ, Mèo Vạc, Hà Giang",
        "path_with_type": "Xã Sơn Vĩ, Huyện Mèo Vạc, Tỉnh Hà Giang",
        "code": "00793",
        "parent_code": "027"
    },
    "00796": {
        "name": "Tả Lủng",
        "type": "xa",
        "slug": "ta-lung",
        "name_with_type": "Xã Tả Lủng",
        "path": "Tả Lủng, Mèo Vạc, Hà Giang",
        "path_with_type": "Xã Tả Lủng, Huyện Mèo Vạc, Tỉnh Hà Giang",
        "code": "00796",
        "parent_code": "027"
    },
    "00799": {
        "name": "Cán Chu Phìn",
        "type": "xa",
        "slug": "can-chu-phin",
        "name_with_type": "Xã Cán Chu Phìn",
        "path": "Cán Chu Phìn, Mèo Vạc, Hà Giang",
        "path_with_type": "Xã Cán Chu Phìn, Huyện Mèo Vạc, Tỉnh Hà Giang",
        "code": "00799",
        "parent_code": "027"
    },
    "00802": {
        "name": "Lũng Pù",
        "type": "xa",
        "slug": "lung-pu",
        "name_with_type": "Xã Lũng Pù",
        "path": "Lũng Pù, Mèo Vạc, Hà Giang",
        "path_with_type": "Xã Lũng Pù, Huyện Mèo Vạc, Tỉnh Hà Giang",
        "code": "00802",
        "parent_code": "027"
    },
    "00805": {
        "name": "Lũng Chinh",
        "type": "xa",
        "slug": "lung-chinh",
        "name_with_type": "Xã Lũng Chinh",
        "path": "Lũng Chinh, Mèo Vạc, Hà Giang",
        "path_with_type": "Xã Lũng Chinh, Huyện Mèo Vạc, Tỉnh Hà Giang",
        "code": "00805",
        "parent_code": "027"
    },
    "00808": {
        "name": "Tát Ngà",
        "type": "xa",
        "slug": "tat-nga",
        "name_with_type": "Xã Tát Ngà",
        "path": "Tát Ngà, Mèo Vạc, Hà Giang",
        "path_with_type": "Xã Tát Ngà, Huyện Mèo Vạc, Tỉnh Hà Giang",
        "code": "00808",
        "parent_code": "027"
    },
    "00811": {
        "name": "Nậm Ban",
        "type": "xa",
        "slug": "nam-ban",
        "name_with_type": "Xã Nậm Ban",
        "path": "Nậm Ban, Mèo Vạc, Hà Giang",
        "path_with_type": "Xã Nậm Ban, Huyện Mèo Vạc, Tỉnh Hà Giang",
        "code": "00811",
        "parent_code": "027"
    },
    "00814": {
        "name": "Khâu Vai",
        "type": "xa",
        "slug": "khau-vai",
        "name_with_type": "Xã Khâu Vai",
        "path": "Khâu Vai, Mèo Vạc, Hà Giang",
        "path_with_type": "Xã Khâu Vai, Huyện Mèo Vạc, Tỉnh Hà Giang",
        "code": "00814",
        "parent_code": "027"
    },
    "00815": {
        "name": "Niêm Tòng",
        "type": "xa",
        "slug": "niem-tong",
        "name_with_type": "Xã Niêm Tòng",
        "path": "Niêm Tòng, Mèo Vạc, Hà Giang",
        "path_with_type": "Xã Niêm Tòng, Huyện Mèo Vạc, Tỉnh Hà Giang",
        "code": "00815",
        "parent_code": "027"
    },
    "00817": {
        "name": "Niêm Sơn",
        "type": "xa",
        "slug": "niem-son",
        "name_with_type": "Xã Niêm Sơn",
        "path": "Niêm Sơn, Mèo Vạc, Hà Giang",
        "path_with_type": "Xã Niêm Sơn, Huyện Mèo Vạc, Tỉnh Hà Giang",
        "code": "00817",
        "parent_code": "027"
    }
}