{
    "00820": {
        "name": "Yên Minh",
        "type": "thi-tran",
        "slug": "yen-minh",
        "name_with_type": "Thị trấn Yên Minh",
        "path": "Yên Minh, Yên Minh, Hà Giang",
        "path_with_type": "Thị trấn Yên Minh, Huyện Yên Minh, Tỉnh Hà Giang",
        "code": "00820",
        "parent_code": "028"
    },
    "00823": {
        "name": "Thắng Mố",
        "type": "xa",
        "slug": "thang-mo",
        "name_with_type": "Xã Thắng Mố",
        "path": "Thắng Mố, Yên Minh, Hà Giang",
        "path_with_type": "Xã Thắng Mố, Huyện Yên Minh, Tỉnh Hà Giang",
        "code": "00823",
        "parent_code": "028"
    },
    "00826": {
        "name": "Phú Lũng",
        "type": "xa",
        "slug": "phu-lung",
        "name_with_type": "Xã Phú Lũng",
        "path": "Phú Lũng, Yên Minh, Hà Giang",
        "path_with_type": "Xã Phú Lũng, Huyện Yên Minh, Tỉnh Hà Giang",
        "code": "00826",
        "parent_code": "028"
    },
    "00829": {
        "name": "Sủng Tráng",
        "type": "xa",
        "slug": "sung-trang",
        "name_with_type": "Xã Sủng Tráng",
        "path": "Sủng Tráng, Yên Minh, Hà Giang",
        "path_with_type": "Xã Sủng Tráng, Huyện Yên Minh, Tỉnh Hà Giang",
        "code": "00829",
        "parent_code": "028"
    },
    "00832": {
        "name": "Bạch Đích",
        "type": "xa",
        "slug": "bach-dich",
        "name_with_type": "Xã Bạch Đích",
        "path": "Bạch Đích, Yên Minh, Hà Giang",
        "path_with_type": "Xã Bạch Đích, Huyện Yên Minh, Tỉnh Hà Giang",
        "code": "00832",
        "parent_code": "028"
    },
    "00835": {
        "name": "Na Khê",
        "type": "xa",
        "slug": "na-khe",
        "name_with_type": "Xã Na Khê",
        "path": "Na Khê, Yên Minh, Hà Giang",
        "path_with_type": "Xã Na Khê, Huyện Yên Minh, Tỉnh Hà Giang",
        "code": "00835",
        "parent_code": "028"
    },
    "00838": {
        "name": "Sủng Thài",
        "type": "xa",
        "slug": "sung-thai",
        "name_with_type": "Xã Sủng Thài",
        "path": "Sủng Thài, Yên Minh, Hà Giang",
        "path_with_type": "Xã Sủng Thài, Huyện Yên Minh, Tỉnh Hà Giang",
        "code": "00838",
        "parent_code": "028"
    },
    "00841": {
        "name": "Hữu Vinh",
        "type": "xa",
        "slug": "huu-vinh",
        "name_with_type": "Xã Hữu Vinh",
        "path": "Hữu Vinh, Yên Minh, Hà Giang",
        "path_with_type": "Xã Hữu Vinh, Huyện Yên Minh, Tỉnh Hà Giang",
        "code": "00841",
        "parent_code": "028"
    },
    "00844": {
        "name": "Lao Và Chải",
        "type": "xa",
        "slug": "lao-va-chai",
        "name_with_type": "Xã Lao Và Chải",
        "path": "Lao Và Chải, Yên Minh, Hà Giang",
        "path_with_type": "Xã Lao Và Chải, Huyện Yên Minh, Tỉnh Hà Giang",
        "code": "00844",
        "parent_code": "028"
    },
    "00847": {
        "name": "Mậu Duệ",
        "type": "xa",
        "slug": "mau-due",
        "name_with_type": "Xã Mậu Duệ",
        "path": "Mậu Duệ, Yên Minh, Hà Giang",
        "path_with_type": "Xã Mậu Duệ, Huyện Yên Minh, Tỉnh Hà Giang",
        "code": "00847",
        "parent_code": "028"
    },
    "00850": {
        "name": "Đông Minh",
        "type": "xa",
        "slug": "dong-minh",
        "name_with_type": "Xã Đông Minh",
        "path": "Đông Minh, Yên Minh, Hà Giang",
        "path_with_type": "Xã Đông Minh, Huyện Yên Minh, Tỉnh Hà Giang",
        "code": "00850",
        "parent_code": "028"
    },
    "00853": {
        "name": "Mậu Long",
        "type": "xa",
        "slug": "mau-long",
        "name_with_type": "Xã Mậu Long",
        "path": "Mậu Long, Yên Minh, Hà Giang",
        "path_with_type": "Xã Mậu Long, Huyện Yên Minh, Tỉnh Hà Giang",
        "code": "00853",
        "parent_code": "028"
    },
    "00856": {
        "name": "Ngam La",
        "type": "xa",
        "slug": "ngam-la",
        "name_with_type": "Xã Ngam La",
        "path": "Ngam La, Yên Minh, Hà Giang",
        "path_with_type": "Xã Ngam La, Huyện Yên Minh, Tỉnh Hà Giang",
        "code": "00856",
        "parent_code": "028"
    },
    "00859": {
        "name": "Ngọc Long",
        "type": "xa",
        "slug": "ngoc-long",
        "name_with_type": "Xã Ngọc Long",
        "path": "Ngọc Long, Yên Minh, Hà Giang",
        "path_with_type": "Xã Ngọc Long, Huyện Yên Minh, Tỉnh Hà Giang",
        "code": "00859",
        "parent_code": "028"
    },
    "00862": {
        "name": "Đường Thượng",
        "type": "xa",
        "slug": "duong-thuong",
        "name_with_type": "Xã Đường Thượng",
        "path": "Đường Thượng, Yên Minh, Hà Giang",
        "path_with_type": "Xã Đường Thượng, Huyện Yên Minh, Tỉnh Hà Giang",
        "code": "00862",
        "parent_code": "028"
    },
    "00865": {
        "name": "Lũng Hồ",
        "type": "xa",
        "slug": "lung-ho",
        "name_with_type": "Xã Lũng Hồ",
        "path": "Lũng Hồ, Yên Minh, Hà Giang",
        "path_with_type": "Xã Lũng Hồ, Huyện Yên Minh, Tỉnh Hà Giang",
        "code": "00865",
        "parent_code": "028"
    },
    "00868": {
        "name": "Du Tiến",
        "type": "xa",
        "slug": "du-tien",
        "name_with_type": "Xã Du Tiến",
        "path": "Du Tiến, Yên Minh, Hà Giang",
        "path_with_type": "Xã Du Tiến, Huyện Yên Minh, Tỉnh Hà Giang",
        "code": "00868",
        "parent_code": "028"
    },
    "00871": {
        "name": "Du Già",
        "type": "xa",
        "slug": "du-gia",
        "name_with_type": "Xã Du Già",
        "path": "Du Già, Yên Minh, Hà Giang",
        "path_with_type": "Xã Du Già, Huyện Yên Minh, Tỉnh Hà Giang",
        "code": "00871",
        "parent_code": "028"
    }
}