{
    "00982": {
        "name": "Minh Sơn",
        "type": "xa",
        "slug": "minh-son",
        "name_with_type": "Xã Minh Sơn",
        "path": "Minh Sơn, Bắc Mê, Hà Giang",
        "path_with_type": "Xã Minh Sơn, Huyện Bắc Mê, Tỉnh Hà Giang",
        "code": "00982",
        "parent_code": "031"
    },
    "00985": {
        "name": "Giáp Trung",
        "type": "xa",
        "slug": "giap-trung",
        "name_with_type": "Xã Giáp Trung",
        "path": "Giáp Trung, Bắc Mê, Hà Giang",
        "path_with_type": "Xã Giáp Trung, Huyện Bắc Mê, Tỉnh Hà Giang",
        "code": "00985",
        "parent_code": "031"
    },
    "00988": {
        "name": "Yên Định",
        "type": "xa",
        "slug": "yen-dinh",
        "name_with_type": "Xã Yên Định",
        "path": "Yên Định, Bắc Mê, Hà Giang",
        "path_with_type": "Xã Yên Định, Huyện Bắc Mê, Tỉnh Hà Giang",
        "code": "00988",
        "parent_code": "031"
    },
    "00991": {
        "name": "Yên Phú",
        "type": "thi-tran",
        "slug": "yen-phu",
        "name_with_type": "Thị trấn Yên Phú",
        "path": "Yên Phú, Bắc Mê, Hà Giang",
        "path_with_type": "Thị trấn Yên Phú, Huyện Bắc Mê, Tỉnh Hà Giang",
        "code": "00991",
        "parent_code": "031"
    },
    "00994": {
        "name": "Minh Ngọc",
        "type": "xa",
        "slug": "minh-ngoc",
        "name_with_type": "Xã Minh Ngọc",
        "path": "Minh Ngọc, Bắc Mê, Hà Giang",
        "path_with_type": "Xã Minh Ngọc, Huyện Bắc Mê, Tỉnh Hà Giang",
        "code": "00994",
        "parent_code": "031"
    },
    "00997": {
        "name": "Yên Phong",
        "type": "xa",
        "slug": "yen-phong",
        "name_with_type": "Xã Yên Phong",
        "path": "Yên Phong, Bắc Mê, Hà Giang",
        "path_with_type": "Xã Yên Phong, Huyện Bắc Mê, Tỉnh Hà Giang",
        "code": "00997",
        "parent_code": "031"
    },
    "01000": {
        "name": "Lạc Nông",
        "type": "xa",
        "slug": "lac-nong",
        "name_with_type": "Xã Lạc Nông",
        "path": "Lạc Nông, Bắc Mê, Hà Giang",
        "path_with_type": "Xã Lạc Nông, Huyện Bắc Mê, Tỉnh Hà Giang",
        "code": "01000",
        "parent_code": "031"
    },
    "01003": {
        "name": "Phú Nam",
        "type": "xa",
        "slug": "phu-nam",
        "name_with_type": "Xã Phú Nam",
        "path": "Phú Nam, Bắc Mê, Hà Giang",
        "path_with_type": "Xã Phú Nam, Huyện Bắc Mê, Tỉnh Hà Giang",
        "code": "01003",
        "parent_code": "031"
    },
    "01006": {
        "name": "Yên Cường",
        "type": "xa",
        "slug": "yen-cuong",
        "name_with_type": "Xã Yên Cường",
        "path": "Yên Cường, Bắc Mê, Hà Giang",
        "path_with_type": "Xã Yên Cường, Huyện Bắc Mê, Tỉnh Hà Giang",
        "code": "01006",
        "parent_code": "031"
    },
    "01009": {
        "name": "Thượng Tân",
        "type": "xa",
        "slug": "thuong-tan",
        "name_with_type": "Xã Thượng Tân",
        "path": "Thượng Tân, Bắc Mê, Hà Giang",
        "path_with_type": "Xã Thượng Tân, Huyện Bắc Mê, Tỉnh Hà Giang",
        "code": "01009",
        "parent_code": "031"
    },
    "01012": {
        "name": "Đường Âm",
        "type": "xa",
        "slug": "duong-am",
        "name_with_type": "Xã Đường Âm",
        "path": "Đường Âm, Bắc Mê, Hà Giang",
        "path_with_type": "Xã Đường Âm, Huyện Bắc Mê, Tỉnh Hà Giang",
        "code": "01012",
        "parent_code": "031"
    },
    "01015": {
        "name": "Đường Hồng",
        "type": "xa",
        "slug": "duong-hong",
        "name_with_type": "Xã Đường Hồng",
        "path": "Đường Hồng, Bắc Mê, Hà Giang",
        "path_with_type": "Xã Đường Hồng, Huyện Bắc Mê, Tỉnh Hà Giang",
        "code": "01015",
        "parent_code": "031"
    },
    "01018": {
        "name": "Phiêng Luông",
        "type": "xa",
        "slug": "phieng-luong",
        "name_with_type": "Xã Phiêng Luông",
        "path": "Phiêng Luông, Bắc Mê, Hà Giang",
        "path_with_type": "Xã Phiêng Luông, Huyện Bắc Mê, Tỉnh Hà Giang",
        "code": "01018",
        "parent_code": "031"
    }
}