{
    "01363": {
        "name": "Thông Nông",
        "type": "thi-tran",
        "slug": "thong-nong",
        "name_with_type": "Thị trấn Thông Nông",
        "path": "Thông Nông, Hà Quảng, Cao Bằng",
        "path_with_type": "Thị trấn Thông Nông, Huyện Hà Quảng, Tỉnh Cao Bằng",
        "code": "01363",
        "parent_code": "045"
    },
    "01366": {
        "name": "Cần Yên",
        "type": "xa",
        "slug": "can-yen",
        "name_with_type": "Xã Cần Yên",
        "path": "Cần Yên, Hà Quảng, Cao Bằng",
        "path_with_type": "Xã Cần Yên, Huyện Hà Quảng, Tỉnh Cao Bằng",
        "code": "01366",
        "parent_code": "045"
    },
    "01367": {
        "name": "Cần Nông",
        "type": "xa",
        "slug": "can-nong",
        "name_with_type": "Xã Cần Nông",
        "path": "Cần Nông, Hà Quảng, Cao Bằng",
        "path_with_type": "Xã Cần Nông, Huyện Hà Quảng, Tỉnh Cao Bằng",
        "code": "01367",
        "parent_code": "045"
    },
    "01372": {
        "name": "Lương Thông",
        "type": "xa",
        "slug": "luong-thong",
        "name_with_type": "Xã Lương Thông",
        "path": "Lương Thông, Hà Quảng, Cao Bằng",
        "path_with_type": "Xã Lương Thông, Huyện Hà Quảng, Tỉnh Cao Bằng",
        "code": "01372",
        "parent_code": "045"
    },
    "01375": {
        "name": "Đa Thông",
        "type": "xa",
        "slug": "da-thong",
        "name_with_type": "Xã Đa Thông",
        "path": "Đa Thông, Hà Quảng, Cao Bằng",
        "path_with_type": "Xã Đa Thông, Huyện Hà Quảng, Tỉnh Cao Bằng",
        "code": "01375",
        "parent_code": "045"
    },
    "01378": {
        "name": "Ngọc Động",
        "type": "xa",
        "slug": "ngoc-dong",
        "name_with_type": "Xã Ngọc Động",
        "path": "Ngọc Động, Hà Quảng, Cao Bằng",
        "path_with_type": "Xã Ngọc Động, Huyện Hà Quảng, Tỉnh Cao Bằng",
        "code": "01378",
        "parent_code": "045"
    },
    "01381": {
        "name": "Yên Sơn",
        "type": "xa",
        "slug": "yen-son",
        "name_with_type": "Xã Yên Sơn",
        "path": "Yên Sơn, Hà Quảng, Cao Bằng",
        "path_with_type": "Xã Yên Sơn, Huyện Hà Quảng, Tỉnh Cao Bằng",
        "code": "01381",
        "parent_code": "045"
    },
    "01384": {
        "name": "Lương Can",
        "type": "xa",
        "slug": "luong-can",
        "name_with_type": "Xã Lương Can",
        "path": "Lương Can, Hà Quảng, Cao Bằng",
        "path_with_type": "Xã Lương Can, Huyện Hà Quảng, Tỉnh Cao Bằng",
        "code": "01384",
        "parent_code": "045"
    },
    "01387": {
        "name": "Thanh Long",
        "type": "xa",
        "slug": "thanh-long",
        "name_with_type": "Xã Thanh Long",
        "path": "Thanh Long, Hà Quảng, Cao Bằng",
        "path_with_type": "Xã Thanh Long, Huyện Hà Quảng, Tỉnh Cao Bằng",
        "code": "01387",
        "parent_code": "045"
    },
    "01392": {
        "name": "Xuân Hòa",
        "type": "thi-tran",
        "slug": "xuan-hoa",
        "name_with_type": "Thị trấn Xuân Hòa",
        "path": "Xuân Hòa, Hà Quảng, Cao Bằng",
        "path_with_type": "Thị trấn Xuân Hòa, Huyện Hà Quảng, Tỉnh Cao Bằng",
        "code": "01392",
        "parent_code": "045"
    },
    "01393": {
        "name": "Lũng Nặm",
        "type": "xa",
        "slug": "lung-nam",
        "name_with_type": "Xã Lũng Nặm",
        "path": "Lũng Nặm, Hà Quảng, Cao Bằng",
        "path_with_type": "Xã Lũng Nặm, Huyện Hà Quảng, Tỉnh Cao Bằng",
        "code": "01393",
        "parent_code": "045"
    },
    "01399": {
        "name": "Trường Hà",
        "type": "xa",
        "slug": "truong-ha",
        "name_with_type": "Xã Trường Hà",
        "path": "Trường Hà, Hà Quảng, Cao Bằng",
        "path_with_type": "Xã Trường Hà, Huyện Hà Quảng, Tỉnh Cao Bằng",
        "code": "01399",
        "parent_code": "045"
    },
    "01402": {
        "name": "Cải Viên",
        "type": "xa",
        "slug": "cai-vien",
        "name_with_type": "Xã Cải Viên",
        "path": "Cải Viên, Hà Quảng, Cao Bằng",
        "path_with_type": "Xã Cải Viên, Huyện Hà Quảng, Tỉnh Cao Bằng",
        "code": "01402",
        "parent_code": "045"
    },
    "01411": {
        "name": "Nội Thôn",
        "type": "xa",
        "slug": "noi-thon",
        "name_with_type": "Xã Nội Thôn",
        "path": "Nội Thôn, Hà Quảng, Cao Bằng",
        "path_with_type": "Xã Nội Thôn, Huyện Hà Quảng, Tỉnh Cao Bằng",
        "code": "01411",
        "parent_code": "045"
    },
    "01414": {
        "name": "Tổng Cọt",
        "type": "xa",
        "slug": "tong-cot",
        "name_with_type": "Xã Tổng Cọt",
        "path": "Tổng Cọt, Hà Quảng, Cao Bằng",
        "path_with_type": "Xã Tổng Cọt, Huyện Hà Quảng, Tỉnh Cao Bằng",
        "code": "01414",
        "parent_code": "045"
    },
    "01417": {
        "name": "Sóc Hà",
        "type": "xa",
        "slug": "soc-ha",
        "name_with_type": "Xã Sóc Hà",
        "path": "Sóc Hà, Hà Quảng, Cao Bằng",
        "path_with_type": "Xã Sóc Hà, Huyện Hà Quảng, Tỉnh Cao Bằng",
        "code": "01417",
        "parent_code": "045"
    },
    "01420": {
        "name": "Thượng Thôn",
        "type": "xa",
        "slug": "thuong-thon",
        "name_with_type": "Xã Thượng Thôn",
        "path": "Thượng Thôn, Hà Quảng, Cao Bằng",
        "path_with_type": "Xã Thượng Thôn, Huyện Hà Quảng, Tỉnh Cao Bằng",
        "code": "01420",
        "parent_code": "045"
    },
    "01429": {
        "name": "Hồng Sỹ",
        "type": "xa",
        "slug": "hong-sy",
        "name_with_type": "Xã Hồng Sỹ",
        "path": "Hồng Sỹ, Hà Quảng, Cao Bằng",
        "path_with_type": "Xã Hồng Sỹ, Huyện Hà Quảng, Tỉnh Cao Bằng",
        "code": "01429",
        "parent_code": "045"
    },
    "01432": {
        "name": "Quý Quân",
        "type": "xa",
        "slug": "quy-quan",
        "name_with_type": "Xã Quý Quân",
        "path": "Quý Quân, Hà Quảng, Cao Bằng",
        "path_with_type": "Xã Quý Quân, Huyện Hà Quảng, Tỉnh Cao Bằng",
        "code": "01432",
        "parent_code": "045"
    },
    "01435": {
        "name": "Mã Ba",
        "type": "xa",
        "slug": "ma-ba",
        "name_with_type": "Xã Mã Ba",
        "path": "Mã Ba, Hà Quảng, Cao Bằng",
        "path_with_type": "Xã Mã Ba, Huyện Hà Quảng, Tỉnh Cao Bằng",
        "code": "01435",
        "parent_code": "045"
    },
    "01438": {
        "name": "Ngọc Đào",
        "type": "xa",
        "slug": "ngoc-dao",
        "name_with_type": "Xã Ngọc Đào",
        "path": "Ngọc Đào, Hà Quảng, Cao Bằng",
        "path_with_type": "Xã Ngọc Đào, Huyện Hà Quảng, Tỉnh Cao Bằng",
        "code": "01438",
        "parent_code": "045"
    }
}