{
    "01447": {
        "name": "Trà Lĩnh",
        "type": "thi-tran",
        "slug": "tra-linh",
        "name_with_type": "Thị trấn Trà Lĩnh",
        "path": "Trà Lĩnh, Trùng Khánh, Cao Bằng",
        "path_with_type": "Thị trấn Trà Lĩnh, Huyện Trùng Khánh, Tỉnh Cao Bằng",
        "code": "01447",
        "parent_code": "047"
    },
    "01453": {
        "name": "Tri Phương",
        "type": "xa",
        "slug": "tri-phuong",
        "name_with_type": "Xã Tri Phương",
        "path": "Tri Phương, Trùng Khánh, Cao Bằng",
        "path_with_type": "Xã Tri Phương, Huyện Trùng Khánh, Tỉnh Cao Bằng",
        "code": "01453",
        "parent_code": "047"
    },
    "01456": {
        "name": "Quang Hán",
        "type": "xa",
        "slug": "quang-han",
        "name_with_type": "Xã Quang Hán",
        "path": "Quang Hán, Trùng Khánh, Cao Bằng",
        "path_with_type": "Xã Quang Hán, Huyện Trùng Khánh, Tỉnh Cao Bằng",
        "code": "01456",
        "parent_code": "047"
    },
    "01462": {
        "name": "Xuân Nội",
        "type": "xa",
        "slug": "xuan-noi",
        "name_with_type": "Xã Xuân Nội",
        "path": "Xuân Nội, Trùng Khánh, Cao Bằng",
        "path_with_type": "Xã Xuân Nội, Huyện Trùng Khánh, Tỉnh Cao Bằng",
        "code": "01462",
        "parent_code": "047"
    },
    "01465": {
        "name": "Quang Trung",
        "type": "xa",
        "slug": "quang-trung",
        "name_with_type": "Xã Quang Trung",
        "path": "Quang Trung, Trùng Khánh, Cao Bằng",
        "path_with_type": "Xã Quang Trung, Huyện Trùng Khánh, Tỉnh Cao Bằng",
        "code": "01465",
        "parent_code": "047"
    },
    "01468": {
        "name": "Quang Vinh",
        "type": "xa",
        "slug": "quang-vinh",
        "name_with_type": "Xã Quang Vinh",
        "path": "Quang Vinh, Trùng Khánh, Cao Bằng",
        "path_with_type": "Xã Quang Vinh, Huyện Trùng Khánh, Tỉnh Cao Bằng",
        "code": "01468",
        "parent_code": "047"
    },
    "01471": {
        "name": "Cao Chương",
        "type": "xa",
        "slug": "cao-chuong",
        "name_with_type": "Xã Cao Chương",
        "path": "Cao Chương, Trùng Khánh, Cao Bằng",
        "path_with_type": "Xã Cao Chương, Huyện Trùng Khánh, Tỉnh Cao Bằng",
        "code": "01471",
        "parent_code": "047"
    },
    "01477": {
        "name": "Trùng Khánh",
        "type": "thi-tran",
        "slug": "trung-khanh",
        "name_with_type": "Thị trấn Trùng Khánh",
        "path": "Trùng Khánh, Trùng Khánh, Cao Bằng",
        "path_with_type": "Thị trấn Trùng Khánh, Huyện Trùng Khánh, Tỉnh Cao Bằng",
        "code": "01477",
        "parent_code": "047"
    },
    "01480": {
        "name": "Ngọc Khê",
        "type": "xa",
        "slug": "ngoc-khe",
        "name_with_type": "Xã Ngọc Khê",
        "path": "Ngọc Khê, Trùng Khánh, Cao Bằng",
        "path_with_type": "Xã Ngọc Khê, Huyện Trùng Khánh, Tỉnh Cao Bằng",
        "code": "01480",
        "parent_code": "047"
    },
    "01481": {
        "name": "Ngọc Côn",
        "type": "xa",
        "slug": "ngoc-con",
        "name_with_type": "Xã Ngọc Côn",
        "path": "Ngọc Côn, Trùng Khánh, Cao Bằng",
        "path_with_type": "Xã Ngọc Côn, Huyện Trùng Khánh, Tỉnh Cao Bằng",
        "code": "01481",
        "parent_code": "047"
    },
    "01483": {
        "name": "Phong Nậm",
        "type": "xa",
        "slug": "phong-nam",
        "name_with_type": "Xã Phong Nậm",
        "path": "Phong Nậm, Trùng Khánh, Cao Bằng",
        "path_with_type": "Xã Phong Nậm, Huyện Trùng Khánh, Tỉnh Cao Bằng",
        "code": "01483",
        "parent_code": "047"
    },
    "01489": {
        "name": "Đình Phong",
        "type": "xa",
        "slug": "dinh-phong",
        "name_with_type": "Xã Đình Phong",
        "path": "Đình Phong, Trùng Khánh, Cao Bằng",
        "path_with_type": "Xã Đình Phong, Huyện Trùng Khánh, Tỉnh Cao Bằng",
        "code": "01489",
        "parent_code": "047"
    },
    "01495": {
        "name": "Đàm Thuỷ",
        "type": "xa",
        "slug": "dam-thuy",
        "name_with_type": "Xã Đàm Thuỷ",
        "path": "Đàm Thuỷ, Trùng Khánh, Cao Bằng",
        "path_with_type": "Xã Đàm Thuỷ, Huyện Trùng Khánh, Tỉnh Cao Bằng",
        "code": "01495",
        "parent_code": "047"
    },
    "01498": {
        "name": "Khâm Thành",
        "type": "xa",
        "slug": "kham-thanh",
        "name_with_type": "Xã Khâm Thành",
        "path": "Khâm Thành, Trùng Khánh, Cao Bằng",
        "path_with_type": "Xã Khâm Thành, Huyện Trùng Khánh, Tỉnh Cao Bằng",
        "code": "01498",
        "parent_code": "047"
    },
    "01501": {
        "name": "Chí Viễn",
        "type": "xa",
        "slug": "chi-vien",
        "name_with_type": "Xã Chí Viễn",
        "path": "Chí Viễn, Trùng Khánh, Cao Bằng",
        "path_with_type": "Xã Chí Viễn, Huyện Trùng Khánh, Tỉnh Cao Bằng",
        "code": "01501",
        "parent_code": "047"
    },
    "01504": {
        "name": "Lăng Hiếu",
        "type": "xa",
        "slug": "lang-hieu",
        "name_with_type": "Xã Lăng Hiếu",
        "path": "Lăng Hiếu, Trùng Khánh, Cao Bằng",
        "path_with_type": "Xã Lăng Hiếu, Huyện Trùng Khánh, Tỉnh Cao Bằng",
        "code": "01504",
        "parent_code": "047"
    },
    "01507": {
        "name": "Phong Châu",
        "type": "xa",
        "slug": "phong-chau",
        "name_with_type": "Xã Phong Châu",
        "path": "Phong Châu, Trùng Khánh, Cao Bằng",
        "path_with_type": "Xã Phong Châu, Huyện Trùng Khánh, Tỉnh Cao Bằng",
        "code": "01507",
        "parent_code": "047"
    },
    "01516": {
        "name": "Trung Phúc",
        "type": "xa",
        "slug": "trung-phuc",
        "name_with_type": "Xã Trung Phúc",
        "path": "Trung Phúc, Trùng Khánh, Cao Bằng",
        "path_with_type": "Xã Trung Phúc, Huyện Trùng Khánh, Tỉnh Cao Bằng",
        "code": "01516",
        "parent_code": "047"
    },
    "01519": {
        "name": "Cao Thăng",
        "type": "xa",
        "slug": "cao-thang",
        "name_with_type": "Xã Cao Thăng",
        "path": "Cao Thăng, Trùng Khánh, Cao Bằng",
        "path_with_type": "Xã Cao Thăng, Huyện Trùng Khánh, Tỉnh Cao Bằng",
        "code": "01519",
        "parent_code": "047"
    },
    "01522": {
        "name": "Đức Hồng",
        "type": "xa",
        "slug": "duc-hong",
        "name_with_type": "Xã Đức Hồng",
        "path": "Đức Hồng, Trùng Khánh, Cao Bằng",
        "path_with_type": "Xã Đức Hồng, Huyện Trùng Khánh, Tỉnh Cao Bằng",
        "code": "01522",
        "parent_code": "047"
    },
    "01525": {
        "name": "Đoài Dương",
        "type": "xa",
        "slug": "doai-duong",
        "name_with_type": "Xã Đoài Dương",
        "path": "Đoài Dương, Trùng Khánh, Cao Bằng",
        "path_with_type": "Xã Đoài Dương, Huyện Trùng Khánh, Tỉnh Cao Bằng",
        "code": "01525",
        "parent_code": "047"
    }
}