{
    "01474": {
        "name": "Quốc Toản",
        "type": "xa",
        "slug": "quoc-toan",
        "name_with_type": "Xã Quốc Toản",
        "path": "Quốc Toản, Quảng Hòa, Cao Bằng",
        "path_with_type": "Xã Quốc Toản, Huyện Quảng Hòa, Tỉnh Cao Bằng",
        "code": "01474",
        "parent_code": "049"
    },
    "01576": {
        "name": "Quảng Uyên",
        "type": "thi-tran",
        "slug": "quang-uyen",
        "name_with_type": "Thị trấn Quảng Uyên",
        "path": "Quảng Uyên, Quảng Hòa, Cao Bằng",
        "path_with_type": "Thị trấn Quảng Uyên, Huyện Quảng Hòa, Tỉnh Cao Bằng",
        "code": "01576",
        "parent_code": "049"
    },
    "01579": {
        "name": "Phi Hải",
        "type": "xa",
        "slug": "phi-hai",
        "name_with_type": "Xã Phi Hải",
        "path": "Phi Hải, Quảng Hòa, Cao Bằng",
        "path_with_type": "Xã Phi Hải, Huyện Quảng Hòa, Tỉnh Cao Bằng",
        "code": "01579",
        "parent_code": "049"
    },
    "01582": {
        "name": "Quảng Hưng",
        "type": "xa",
        "slug": "quang-hung",
        "name_with_type": "Xã Quảng Hưng",
        "path": "Quảng Hưng, Quảng Hòa, Cao Bằng",
        "path_with_type": "Xã Quảng Hưng, Huyện Quảng Hòa, Tỉnh Cao Bằng",
        "code": "01582",
        "parent_code": "049"
    },
    "01594": {
        "name": "Độc Lập",
        "type": "xa",
        "slug": "doc-lap",
        "name_with_type": "Xã Độc Lập",
        "path": "Độc Lập, Quảng Hòa, Cao Bằng",
        "path_with_type": "Xã Độc Lập, Huyện Quảng Hòa, Tỉnh Cao Bằng",
        "code": "01594",
        "parent_code": "049"
    },
    "01597": {
        "name": "Cai Bộ",
        "type": "xa",
        "slug": "cai-bo",
        "name_with_type": "Xã Cai Bộ",
        "path": "Cai Bộ, Quảng Hòa, Cao Bằng",
        "path_with_type": "Xã Cai Bộ, Huyện Quảng Hòa, Tỉnh Cao Bằng",
        "code": "01597",
        "parent_code": "049"
    },
    "01603": {
        "name": "Phúc Sen",
        "type": "xa",
        "slug": "phuc-sen",
        "name_with_type": "Xã Phúc Sen",
        "path": "Phúc Sen, Quảng Hòa, Cao Bằng",
        "path_with_type": "Xã Phúc Sen, Huyện Quảng Hòa, Tỉnh Cao Bằng",
        "code": "01603",
        "parent_code": "049"
    },
    "01606": {
        "name": "Chí Thảo",
        "type": "xa",
        "slug": "chi-thao",
        "name_with_type": "Xã Chí Thảo",
        "path": "Chí Thảo, Quảng Hòa, Cao Bằng",
        "path_with_type": "Xã Chí Thảo, Huyện Quảng Hòa, Tỉnh Cao Bằng",
        "code": "01606",
        "parent_code": "049"
    },
    "01609": {
        "name": "Tự Do",
        "type": "xa",
        "slug": "tu-do",
        "name_with_type": "Xã Tự Do",
        "path": "Tự Do, Quảng Hòa, Cao Bằng",
        "path_with_type": "Xã Tự Do, Huyện Quảng Hòa, Tỉnh Cao Bằng",
        "code": "01609",
        "parent_code": "049"
    },
    "01615": {
        "name": "Hồng Quang",
        "type": "xa",
        "slug": "hong-quang",
        "name_with_type": "Xã Hồng Quang",
        "path": "Hồng Quang, Quảng Hòa, Cao Bằng",
        "path_with_type": "Xã Hồng Quang, Huyện Quảng Hòa, Tỉnh Cao Bằng",
        "code": "01615",
        "parent_code": "049"
    },
    "01618": {
        "name": "Ngọc Động",
        "type": "xa",
        "slug": "ngoc-dong",
        "name_with_type": "Xã Ngọc Động",
        "path": "Ngọc Động, Quảng Hòa, Cao Bằng",
        "path_with_type": "Xã Ngọc Động, Huyện Quảng Hòa, Tỉnh Cao Bằng",
        "code": "01618",
        "parent_code": "049"
    },
    "01624": {
        "name": "Hạnh Phúc",
        "type": "xa",
        "slug": "hanh-phuc",
        "name_with_type": "Xã Hạnh Phúc",
        "path": "Hạnh Phúc, Quảng Hòa, Cao Bằng",
        "path_with_type": "Xã Hạnh Phúc, Huyện Quảng Hòa, Tỉnh Cao Bằng",
        "code": "01624",
        "parent_code": "049"
    },
    "01627": {
        "name": "Tà Lùng",
        "type": "thi-tran",
        "slug": "ta-lung",
        "name_with_type": "Thị trấn Tà Lùng",
        "path": "Tà Lùng, Quảng Hòa, Cao Bằng",
        "path_with_type": "Thị trấn Tà Lùng, Huyện Quảng Hòa, Tỉnh Cao Bằng",
        "code": "01627",
        "parent_code": "049"
    },
    "01630": {
        "name": "Bế Văn Đàn",
        "type": "xa",
        "slug": "be-van-dan",
        "name_with_type": "Xã Bế Văn Đàn",
        "path": "Bế Văn Đàn, Quảng Hòa, Cao Bằng",
        "path_with_type": "Xã Bế Văn Đàn, Huyện Quảng Hòa, Tỉnh Cao Bằng",
        "code": "01630",
        "parent_code": "049"
    },
    "01636": {
        "name": "Cách Linh",
        "type": "xa",
        "slug": "cach-linh",
        "name_with_type": "Xã Cách Linh",
        "path": "Cách Linh, Quảng Hòa, Cao Bằng",
        "path_with_type": "Xã Cách Linh, Huyện Quảng Hòa, Tỉnh Cao Bằng",
        "code": "01636",
        "parent_code": "049"
    },
    "01639": {
        "name": "Đại Sơn",
        "type": "xa",
        "slug": "dai-son",
        "name_with_type": "Xã Đại Sơn",
        "path": "Đại Sơn, Quảng Hòa, Cao Bằng",
        "path_with_type": "Xã Đại Sơn, Huyện Quảng Hòa, Tỉnh Cao Bằng",
        "code": "01639",
        "parent_code": "049"
    },
    "01645": {
        "name": "Tiên Thành",
        "type": "xa",
        "slug": "tien-thanh",
        "name_with_type": "Xã Tiên Thành",
        "path": "Tiên Thành, Quảng Hòa, Cao Bằng",
        "path_with_type": "Xã Tiên Thành, Huyện Quảng Hòa, Tỉnh Cao Bằng",
        "code": "01645",
        "parent_code": "049"
    },
    "01648": {
        "name": "Hoà Thuận",
        "type": "thi-tran",
        "slug": "hoa-thuan",
        "name_with_type": "Thị trấn Hoà Thuận",
        "path": "Hoà Thuận, Quảng Hòa, Cao Bằng",
        "path_with_type": "Thị trấn Hoà Thuận, Huyện Quảng Hòa, Tỉnh Cao Bằng",
        "code": "01648",
        "parent_code": "049"
    },
    "01651": {
        "name": "Mỹ Hưng",
        "type": "xa",
        "slug": "my-hung",
        "name_with_type": "Xã Mỹ Hưng",
        "path": "Mỹ Hưng, Quảng Hòa, Cao Bằng",
        "path_with_type": "Xã Mỹ Hưng, Huyện Quảng Hòa, Tỉnh Cao Bằng",
        "code": "01651",
        "parent_code": "049"
    }
}