{
    "01654": {
        "name": "Nước Hai",
        "type": "thi-tran",
        "slug": "nuoc-hai",
        "name_with_type": "Thị trấn Nước Hai",
        "path": "Nước Hai, Hoà An, Cao Bằng",
        "path_with_type": "Thị trấn Nước Hai, Huyện Hoà An, Tỉnh Cao Bằng",
        "code": "01654",
        "parent_code": "051"
    },
    "01657": {
        "name": "Dân Chủ",
        "type": "xa",
        "slug": "dan-chu",
        "name_with_type": "Xã Dân Chủ",
        "path": "Dân Chủ, Hoà An, Cao Bằng",
        "path_with_type": "Xã Dân Chủ, Huyện Hoà An, Tỉnh Cao Bằng",
        "code": "01657",
        "parent_code": "051"
    },
    "01660": {
        "name": "Nam Tuấn",
        "type": "xa",
        "slug": "nam-tuan",
        "name_with_type": "Xã Nam Tuấn",
        "path": "Nam Tuấn, Hoà An, Cao Bằng",
        "path_with_type": "Xã Nam Tuấn, Huyện Hoà An, Tỉnh Cao Bằng",
        "code": "01660",
        "parent_code": "051"
    },
    "01666": {
        "name": "Đại Tiến",
        "type": "xa",
        "slug": "dai-tien",
        "name_with_type": "Xã Đại Tiến",
        "path": "Đại Tiến, Hoà An, Cao Bằng",
        "path_with_type": "Xã Đại Tiến, Huyện Hoà An, Tỉnh Cao Bằng",
        "code": "01666",
        "parent_code": "051"
    },
    "01669": {
        "name": "Đức Long",
        "type": "xa",
        "slug": "duc-long",
        "name_with_type": "Xã Đức Long",
        "path": "Đức Long, Hoà An, Cao Bằng",
        "path_with_type": "Xã Đức Long, Huyện Hoà An, Tỉnh Cao Bằng",
        "code": "01669",
        "parent_code": "051"
    },
    "01672": {
        "name": "Ngũ Lão",
        "type": "xa",
        "slug": "ngu-lao",
        "name_with_type": "Xã Ngũ Lão",
        "path": "Ngũ Lão, Hoà An, Cao Bằng",
        "path_with_type": "Xã Ngũ Lão, Huyện Hoà An, Tỉnh Cao Bằng",
        "code": "01672",
        "parent_code": "051"
    },
    "01675": {
        "name": "Trương Lương",
        "type": "xa",
        "slug": "truong-luong",
        "name_with_type": "Xã Trương Lương",
        "path": "Trương Lương, Hoà An, Cao Bằng",
        "path_with_type": "Xã Trương Lương, Huyện Hoà An, Tỉnh Cao Bằng",
        "code": "01675",
        "parent_code": "051"
    },
    "01687": {
        "name": "Hồng Việt",
        "type": "xa",
        "slug": "hong-viet",
        "name_with_type": "Xã Hồng Việt",
        "path": "Hồng Việt, Hoà An, Cao Bằng",
        "path_with_type": "Xã Hồng Việt, Huyện Hoà An, Tỉnh Cao Bằng",
        "code": "01687",
        "parent_code": "051"
    },
    "01696": {
        "name": "Hoàng Tung",
        "type": "xa",
        "slug": "hoang-tung",
        "name_with_type": "Xã Hoàng Tung",
        "path": "Hoàng Tung, Hoà An, Cao Bằng",
        "path_with_type": "Xã Hoàng Tung, Huyện Hoà An, Tỉnh Cao Bằng",
        "code": "01696",
        "parent_code": "051"
    },
    "01699": {
        "name": "Nguyễn Huệ",
        "type": "xa",
        "slug": "nguyen-hue",
        "name_with_type": "Xã Nguyễn Huệ",
        "path": "Nguyễn Huệ, Hoà An, Cao Bằng",
        "path_with_type": "Xã Nguyễn Huệ, Huyện Hoà An, Tỉnh Cao Bằng",
        "code": "01699",
        "parent_code": "051"
    },
    "01702": {
        "name": "Quang Trung",
        "type": "xa",
        "slug": "quang-trung",
        "name_with_type": "Xã Quang Trung",
        "path": "Quang Trung, Hoà An, Cao Bằng",
        "path_with_type": "Xã Quang Trung, Huyện Hoà An, Tỉnh Cao Bằng",
        "code": "01702",
        "parent_code": "051"
    },
    "01708": {
        "name": "Bạch Đằng",
        "type": "xa",
        "slug": "bach-dang",
        "name_with_type": "Xã Bạch Đằng",
        "path": "Bạch Đằng, Hoà An, Cao Bằng",
        "path_with_type": "Xã Bạch Đằng, Huyện Hoà An, Tỉnh Cao Bằng",
        "code": "01708",
        "parent_code": "051"
    },
    "01711": {
        "name": "Bình Dương",
        "type": "xa",
        "slug": "binh-duong",
        "name_with_type": "Xã Bình Dương",
        "path": "Bình Dương, Hoà An, Cao Bằng",
        "path_with_type": "Xã Bình Dương, Huyện Hoà An, Tỉnh Cao Bằng",
        "code": "01711",
        "parent_code": "051"
    },
    "01714": {
        "name": "Lê Chung",
        "type": "xa",
        "slug": "le-chung",
        "name_with_type": "Xã Lê Chung",
        "path": "Lê Chung, Hoà An, Cao Bằng",
        "path_with_type": "Xã Lê Chung, Huyện Hoà An, Tỉnh Cao Bằng",
        "code": "01714",
        "parent_code": "051"
    },
    "01723": {
        "name": "Hồng Nam",
        "type": "xa",
        "slug": "hong-nam",
        "name_with_type": "Xã Hồng Nam",
        "path": "Hồng Nam, Hoà An, Cao Bằng",
        "path_with_type": "Xã Hồng Nam, Huyện Hoà An, Tỉnh Cao Bằng",
        "code": "01723",
        "parent_code": "051"
    }
}