{
    "02137": {
        "name": "Văn Vũ",
        "type": "xa",
        "slug": "van-vu",
        "name_with_type": "Xã Văn Vũ",
        "path": "Văn Vũ, Na Rì, Bắc Kạn",
        "path_with_type": "Xã Văn Vũ, Huyện Na Rì, Tỉnh Bắc Kạn",
        "code": "02137",
        "parent_code": "066"
    },
    "02140": {
        "name": "Văn Lang",
        "type": "xa",
        "slug": "van-lang",
        "name_with_type": "Xã Văn Lang",
        "path": "Văn Lang, Na Rì, Bắc Kạn",
        "path_with_type": "Xã Văn Lang, Huyện Na Rì, Tỉnh Bắc Kạn",
        "code": "02140",
        "parent_code": "066"
    },
    "02143": {
        "name": "Lương Thượng",
        "type": "xa",
        "slug": "luong-thuong",
        "name_with_type": "Xã Lương Thượng",
        "path": "Lương Thượng, Na Rì, Bắc Kạn",
        "path_with_type": "Xã Lương Thượng, Huyện Na Rì, Tỉnh Bắc Kạn",
        "code": "02143",
        "parent_code": "066"
    },
    "02146": {
        "name": "Kim Hỷ",
        "type": "xa",
        "slug": "kim-hy",
        "name_with_type": "Xã Kim Hỷ",
        "path": "Kim Hỷ, Na Rì, Bắc Kạn",
        "path_with_type": "Xã Kim Hỷ, Huyện Na Rì, Tỉnh Bắc Kạn",
        "code": "02146",
        "parent_code": "066"
    },
    "02152": {
        "name": "Cường Lợi",
        "type": "xa",
        "slug": "cuong-loi",
        "name_with_type": "Xã Cường Lợi",
        "path": "Cường Lợi, Na Rì, Bắc Kạn",
        "path_with_type": "Xã Cường Lợi, Huyện Na Rì, Tỉnh Bắc Kạn",
        "code": "02152",
        "parent_code": "066"
    },
    "02155": {
        "name": "Yến Lạc",
        "type": "thi-tran",
        "slug": "yen-lac",
        "name_with_type": "Thị trấn Yến Lạc",
        "path": "Yến Lạc, Na Rì, Bắc Kạn",
        "path_with_type": "Thị trấn Yến Lạc, Huyện Na Rì, Tỉnh Bắc Kạn",
        "code": "02155",
        "parent_code": "066"
    },
    "02158": {
        "name": "Kim Lư",
        "type": "xa",
        "slug": "kim-lu",
        "name_with_type": "Xã Kim Lư",
        "path": "Kim Lư, Na Rì, Bắc Kạn",
        "path_with_type": "Xã Kim Lư, Huyện Na Rì, Tỉnh Bắc Kạn",
        "code": "02158",
        "parent_code": "066"
    },
    "02161": {
        "name": "Sơn Thành",
        "type": "xa",
        "slug": "son-thanh",
        "name_with_type": "Xã Sơn Thành",
        "path": "Sơn Thành, Na Rì, Bắc Kạn",
        "path_with_type": "Xã Sơn Thành, Huyện Na Rì, Tỉnh Bắc Kạn",
        "code": "02161",
        "parent_code": "066"
    },
    "02170": {
        "name": "Văn Minh",
        "type": "xa",
        "slug": "van-minh",
        "name_with_type": "Xã Văn Minh",
        "path": "Văn Minh, Na Rì, Bắc Kạn",
        "path_with_type": "Xã Văn Minh, Huyện Na Rì, Tỉnh Bắc Kạn",
        "code": "02170",
        "parent_code": "066"
    },
    "02173": {
        "name": "Côn Minh",
        "type": "xa",
        "slug": "con-minh",
        "name_with_type": "Xã Côn Minh",
        "path": "Côn Minh, Na Rì, Bắc Kạn",
        "path_with_type": "Xã Côn Minh, Huyện Na Rì, Tỉnh Bắc Kạn",
        "code": "02173",
        "parent_code": "066"
    },
    "02176": {
        "name": "Cư Lễ",
        "type": "xa",
        "slug": "cu-le",
        "name_with_type": "Xã Cư Lễ",
        "path": "Cư Lễ, Na Rì, Bắc Kạn",
        "path_with_type": "Xã Cư Lễ, Huyện Na Rì, Tỉnh Bắc Kạn",
        "code": "02176",
        "parent_code": "066"
    },
    "02179": {
        "name": "Trần Phú",
        "type": "xa",
        "slug": "tran-phu",
        "name_with_type": "Xã Trần Phú",
        "path": "Trần Phú, Na Rì, Bắc Kạn",
        "path_with_type": "Xã Trần Phú, Huyện Na Rì, Tỉnh Bắc Kạn",
        "code": "02179",
        "parent_code": "066"
    },
    "02185": {
        "name": "Quang Phong",
        "type": "xa",
        "slug": "quang-phong",
        "name_with_type": "Xã Quang Phong",
        "path": "Quang Phong, Na Rì, Bắc Kạn",
        "path_with_type": "Xã Quang Phong, Huyện Na Rì, Tỉnh Bắc Kạn",
        "code": "02185",
        "parent_code": "066"
    },
    "02188": {
        "name": "Dương Sơn",
        "type": "xa",
        "slug": "duong-son",
        "name_with_type": "Xã Dương Sơn",
        "path": "Dương Sơn, Na Rì, Bắc Kạn",
        "path_with_type": "Xã Dương Sơn, Huyện Na Rì, Tỉnh Bắc Kạn",
        "code": "02188",
        "parent_code": "066"
    },
    "02191": {
        "name": "Xuân Dương",
        "type": "xa",
        "slug": "xuan-duong",
        "name_with_type": "Xã Xuân Dương",
        "path": "Xuân Dương, Na Rì, Bắc Kạn",
        "path_with_type": "Xã Xuân Dương, Huyện Na Rì, Tỉnh Bắc Kạn",
        "code": "02191",
        "parent_code": "066"
    },
    "02194": {
        "name": "Đổng Xá",
        "type": "xa",
        "slug": "dong-xa",
        "name_with_type": "Xã Đổng Xá",
        "path": "Đổng Xá, Na Rì, Bắc Kạn",
        "path_with_type": "Xã Đổng Xá, Huyện Na Rì, Tỉnh Bắc Kạn",
        "code": "02194",
        "parent_code": "066"
    },
    "02197": {
        "name": "Liêm Thuỷ",
        "type": "xa",
        "slug": "liem-thuy",
        "name_with_type": "Xã Liêm Thuỷ",
        "path": "Liêm Thuỷ, Na Rì, Bắc Kạn",
        "path_with_type": "Xã Liêm Thuỷ, Huyện Na Rì, Tỉnh Bắc Kạn",
        "code": "02197",
        "parent_code": "066"
    }
}