{
    "02536": {
        "name": "Sơn Dương",
        "type": "thi-tran",
        "slug": "son-duong",
        "name_with_type": "Thị trấn Sơn Dương",
        "path": "Sơn Dương, Sơn Dương, Tuyên Quang",
        "path_with_type": "Thị trấn Sơn Dương, Huyện Sơn Dương, Tỉnh Tuyên Quang",
        "code": "02536",
        "parent_code": "076"
    },
    "02539": {
        "name": "Trung Yên",
        "type": "xa",
        "slug": "trung-yen",
        "name_with_type": "Xã Trung Yên",
        "path": "Trung Yên, Sơn Dương, Tuyên Quang",
        "path_with_type": "Xã Trung Yên, Huyện Sơn Dương, Tỉnh Tuyên Quang",
        "code": "02539",
        "parent_code": "076"
    },
    "02542": {
        "name": "Minh Thanh",
        "type": "xa",
        "slug": "minh-thanh",
        "name_with_type": "Xã Minh Thanh",
        "path": "Minh Thanh, Sơn Dương, Tuyên Quang",
        "path_with_type": "Xã Minh Thanh, Huyện Sơn Dương, Tỉnh Tuyên Quang",
        "code": "02542",
        "parent_code": "076"
    },
    "02545": {
        "name": "Tân Trào",
        "type": "xa",
        "slug": "tan-trao",
        "name_with_type": "Xã Tân Trào",
        "path": "Tân Trào, Sơn Dương, Tuyên Quang",
        "path_with_type": "Xã Tân Trào, Huyện Sơn Dương, Tỉnh Tuyên Quang",
        "code": "02545",
        "parent_code": "076"
    },
    "02548": {
        "name": "Vĩnh Lợi",
        "type": "xa",
        "slug": "vinh-loi",
        "name_with_type": "Xã Vĩnh Lợi",
        "path": "Vĩnh Lợi, Sơn Dương, Tuyên Quang",
        "path_with_type": "Xã Vĩnh Lợi, Huyện Sơn Dương, Tỉnh Tuyên Quang",
        "code": "02548",
        "parent_code": "076"
    },
    "02551": {
        "name": "Thượng Ấm",
        "type": "xa",
        "slug": "thuong-am",
        "name_with_type": "Xã Thượng Ấm",
        "path": "Thượng Ấm, Sơn Dương, Tuyên Quang",
        "path_with_type": "Xã Thượng Ấm, Huyện Sơn Dương, Tỉnh Tuyên Quang",
        "code": "02551",
        "parent_code": "076"
    },
    "02554": {
        "name": "Bình Yên",
        "type": "xa",
        "slug": "binh-yen",
        "name_with_type": "Xã Bình Yên",
        "path": "Bình Yên, Sơn Dương, Tuyên Quang",
        "path_with_type": "Xã Bình Yên, Huyện Sơn Dương, Tỉnh Tuyên Quang",
        "code": "02554",
        "parent_code": "076"
    },
    "02557": {
        "name": "Lương Thiện",
        "type": "xa",
        "slug": "luong-thien",
        "name_with_type": "Xã Lương Thiện",
        "path": "Lương Thiện, Sơn Dương, Tuyên Quang",
        "path_with_type": "Xã Lương Thiện, Huyện Sơn Dương, Tỉnh Tuyên Quang",
        "code": "02557",
        "parent_code": "076"
    },
    "02560": {
        "name": "Tú Thịnh",
        "type": "xa",
        "slug": "tu-thinh",
        "name_with_type": "Xã Tú Thịnh",
        "path": "Tú Thịnh, Sơn Dương, Tuyên Quang",
        "path_with_type": "Xã Tú Thịnh, Huyện Sơn Dương, Tỉnh Tuyên Quang",
        "code": "02560",
        "parent_code": "076"
    },
    "02563": {
        "name": "Cấp Tiến",
        "type": "xa",
        "slug": "cap-tien",
        "name_with_type": "Xã Cấp Tiến",
        "path": "Cấp Tiến, Sơn Dương, Tuyên Quang",
        "path_with_type": "Xã Cấp Tiến, Huyện Sơn Dương, Tỉnh Tuyên Quang",
        "code": "02563",
        "parent_code": "076"
    },
    "02566": {
        "name": "Hợp Thành",
        "type": "xa",
        "slug": "hop-thanh",
        "name_with_type": "Xã Hợp Thành",
        "path": "Hợp Thành, Sơn Dương, Tuyên Quang",
        "path_with_type": "Xã Hợp Thành, Huyện Sơn Dương, Tỉnh Tuyên Quang",
        "code": "02566",
        "parent_code": "076"
    },
    "02569": {
        "name": "Phúc Ứng",
        "type": "xa",
        "slug": "phuc-ung",
        "name_with_type": "Xã Phúc Ứng",
        "path": "Phúc Ứng, Sơn Dương, Tuyên Quang",
        "path_with_type": "Xã Phúc Ứng, Huyện Sơn Dương, Tỉnh Tuyên Quang",
        "code": "02569",
        "parent_code": "076"
    },
    "02572": {
        "name": "Đông Thọ",
        "type": "xa",
        "slug": "dong-tho",
        "name_with_type": "Xã Đông Thọ",
        "path": "Đông Thọ, Sơn Dương, Tuyên Quang",
        "path_with_type": "Xã Đông Thọ, Huyện Sơn Dương, Tỉnh Tuyên Quang",
        "code": "02572",
        "parent_code": "076"
    },
    "02575": {
        "name": "Kháng Nhật",
        "type": "xa",
        "slug": "khang-nhat",
        "name_with_type": "Xã Kháng Nhật",
        "path": "Kháng Nhật, Sơn Dương, Tuyên Quang",
        "path_with_type": "Xã Kháng Nhật, Huyện Sơn Dương, Tỉnh Tuyên Quang",
        "code": "02575",
        "parent_code": "076"
    },
    "02578": {
        "name": "Hợp Hòa",
        "type": "xa",
        "slug": "hop-hoa",
        "name_with_type": "Xã Hợp Hòa",
        "path": "Hợp Hòa, Sơn Dương, Tuyên Quang",
        "path_with_type": "Xã Hợp Hòa, Huyện Sơn Dương, Tỉnh Tuyên Quang",
        "code": "02578",
        "parent_code": "076"
    },
    "02584": {
        "name": "Quyết Thắng",
        "type": "xa",
        "slug": "quyet-thang",
        "name_with_type": "Xã Quyết Thắng",
        "path": "Quyết Thắng, Sơn Dương, Tuyên Quang",
        "path_with_type": "Xã Quyết Thắng, Huyện Sơn Dương, Tỉnh Tuyên Quang",
        "code": "02584",
        "parent_code": "076"
    },
    "02587": {
        "name": "Đồng Quý",
        "type": "xa",
        "slug": "dong-quy",
        "name_with_type": "Xã Đồng Quý",
        "path": "Đồng Quý, Sơn Dương, Tuyên Quang",
        "path_with_type": "Xã Đồng Quý, Huyện Sơn Dương, Tỉnh Tuyên Quang",
        "code": "02587",
        "parent_code": "076"
    },
    "02590": {
        "name": "Tân Thanh",
        "type": "xa",
        "slug": "tan-thanh",
        "name_with_type": "Xã Tân Thanh",
        "path": "Tân Thanh, Sơn Dương, Tuyên Quang",
        "path_with_type": "Xã Tân Thanh, Huyện Sơn Dương, Tỉnh Tuyên Quang",
        "code": "02590",
        "parent_code": "076"
    },
    "02593": {
        "name": "Vân Sơn",
        "type": "xa",
        "slug": "van-son",
        "name_with_type": "Xã Vân Sơn",
        "path": "Vân Sơn, Sơn Dương, Tuyên Quang",
        "path_with_type": "Xã Vân Sơn, Huyện Sơn Dương, Tỉnh Tuyên Quang",
        "code": "02593",
        "parent_code": "076"
    },
    "02596": {
        "name": "Văn Phú",
        "type": "xa",
        "slug": "van-phu",
        "name_with_type": "Xã Văn Phú",
        "path": "Văn Phú, Sơn Dương, Tuyên Quang",
        "path_with_type": "Xã Văn Phú, Huyện Sơn Dương, Tỉnh Tuyên Quang",
        "code": "02596",
        "parent_code": "076"
    },
    "02599": {
        "name": "Chi Thiết",
        "type": "xa",
        "slug": "chi-thiet",
        "name_with_type": "Xã Chi Thiết",
        "path": "Chi Thiết, Sơn Dương, Tuyên Quang",
        "path_with_type": "Xã Chi Thiết, Huyện Sơn Dương, Tỉnh Tuyên Quang",
        "code": "02599",
        "parent_code": "076"
    },
    "02602": {
        "name": "Đông Lợi",
        "type": "xa",
        "slug": "dong-loi",
        "name_with_type": "Xã Đông Lợi",
        "path": "Đông Lợi, Sơn Dương, Tuyên Quang",
        "path_with_type": "Xã Đông Lợi, Huyện Sơn Dương, Tỉnh Tuyên Quang",
        "code": "02602",
        "parent_code": "076"
    },
    "02605": {
        "name": "Thiện Kế",
        "type": "xa",
        "slug": "thien-ke",
        "name_with_type": "Xã Thiện Kế",
        "path": "Thiện Kế, Sơn Dương, Tuyên Quang",
        "path_with_type": "Xã Thiện Kế, Huyện Sơn Dương, Tỉnh Tuyên Quang",
        "code": "02605",
        "parent_code": "076"
    },
    "02608": {
        "name": "Hồng Lạc",
        "type": "xa",
        "slug": "hong-lac",
        "name_with_type": "Xã Hồng Lạc",
        "path": "Hồng Lạc, Sơn Dương, Tuyên Quang",
        "path_with_type": "Xã Hồng Lạc, Huyện Sơn Dương, Tỉnh Tuyên Quang",
        "code": "02608",
        "parent_code": "076"
    },
    "02611": {
        "name": "Phú Lương",
        "type": "xa",
        "slug": "phu-luong",
        "name_with_type": "Xã Phú Lương",
        "path": "Phú Lương, Sơn Dương, Tuyên Quang",
        "path_with_type": "Xã Phú Lương, Huyện Sơn Dương, Tỉnh Tuyên Quang",
        "code": "02611",
        "parent_code": "076"
    },
    "02614": {
        "name": "Ninh Lai",
        "type": "xa",
        "slug": "ninh-lai",
        "name_with_type": "Xã Ninh Lai",
        "path": "Ninh Lai, Sơn Dương, Tuyên Quang",
        "path_with_type": "Xã Ninh Lai, Huyện Sơn Dương, Tỉnh Tuyên Quang",
        "code": "02614",
        "parent_code": "076"
    },
    "02617": {
        "name": "Đại Phú",
        "type": "xa",
        "slug": "dai-phu",
        "name_with_type": "Xã Đại Phú",
        "path": "Đại Phú, Sơn Dương, Tuyên Quang",
        "path_with_type": "Xã Đại Phú, Huyện Sơn Dương, Tỉnh Tuyên Quang",
        "code": "02617",
        "parent_code": "076"
    },
    "02620": {
        "name": "Sơn Nam",
        "type": "xa",
        "slug": "son-nam",
        "name_with_type": "Xã Sơn Nam",
        "path": "Sơn Nam, Sơn Dương, Tuyên Quang",
        "path_with_type": "Xã Sơn Nam, Huyện Sơn Dương, Tỉnh Tuyên Quang",
        "code": "02620",
        "parent_code": "076"
    },
    "02623": {
        "name": "Hào Phú",
        "type": "xa",
        "slug": "hao-phu",
        "name_with_type": "Xã Hào Phú",
        "path": "Hào Phú, Sơn Dương, Tuyên Quang",
        "path_with_type": "Xã Hào Phú, Huyện Sơn Dương, Tỉnh Tuyên Quang",
        "code": "02623",
        "parent_code": "076"
    },
    "02626": {
        "name": "Tam Đa",
        "type": "xa",
        "slug": "tam-da",
        "name_with_type": "Xã Tam Đa",
        "path": "Tam Đa, Sơn Dương, Tuyên Quang",
        "path_with_type": "Xã Tam Đa, Huyện Sơn Dương, Tỉnh Tuyên Quang",
        "code": "02626",
        "parent_code": "076"
    },
    "02632": {
        "name": "Trường Sinh",
        "type": "xa",
        "slug": "truong-sinh",
        "name_with_type": "Xã Trường Sinh",
        "path": "Trường Sinh, Sơn Dương, Tuyên Quang",
        "path_with_type": "Xã Trường Sinh, Huyện Sơn Dương, Tỉnh Tuyên Quang",
        "code": "02632",
        "parent_code": "076"
    }
}