{
    "02752": {
        "name": "Pha Long",
        "type": "xa",
        "slug": "pha-long",
        "name_with_type": "Xã Pha Long",
        "path": "Pha Long, Mường Khương, Lào Cai",
        "path_with_type": "Xã Pha Long, Huyện Mường Khương, Tỉnh Lào Cai",
        "code": "02752",
        "parent_code": "083"
    },
    "02755": {
        "name": "Tả Ngải Chồ",
        "type": "xa",
        "slug": "ta-ngai-cho",
        "name_with_type": "Xã Tả Ngải Chồ",
        "path": "Tả Ngải Chồ, Mường Khương, Lào Cai",
        "path_with_type": "Xã Tả Ngải Chồ, Huyện Mường Khương, Tỉnh Lào Cai",
        "code": "02755",
        "parent_code": "083"
    },
    "02758": {
        "name": "Tung Chung Phố",
        "type": "xa",
        "slug": "tung-chung-pho",
        "name_with_type": "Xã Tung Chung Phố",
        "path": "Tung Chung Phố, Mường Khương, Lào Cai",
        "path_with_type": "Xã Tung Chung Phố, Huyện Mường Khương, Tỉnh Lào Cai",
        "code": "02758",
        "parent_code": "083"
    },
    "02761": {
        "name": "Mường Khương",
        "type": "thi-tran",
        "slug": "muong-khuong",
        "name_with_type": "Thị trấn Mường Khương",
        "path": "Mường Khương, Mường Khương, Lào Cai",
        "path_with_type": "Thị trấn Mường Khương, Huyện Mường Khương, Tỉnh Lào Cai",
        "code": "02761",
        "parent_code": "083"
    },
    "02764": {
        "name": "Dìn Chin",
        "type": "xa",
        "slug": "din-chin",
        "name_with_type": "Xã Dìn Chin",
        "path": "Dìn Chin, Mường Khương, Lào Cai",
        "path_with_type": "Xã Dìn Chin, Huyện Mường Khương, Tỉnh Lào Cai",
        "code": "02764",
        "parent_code": "083"
    },
    "02767": {
        "name": "Tả Gia Khâu",
        "type": "xa",
        "slug": "ta-gia-khau",
        "name_with_type": "Xã Tả Gia Khâu",
        "path": "Tả Gia Khâu, Mường Khương, Lào Cai",
        "path_with_type": "Xã Tả Gia Khâu, Huyện Mường Khương, Tỉnh Lào Cai",
        "code": "02767",
        "parent_code": "083"
    },
    "02770": {
        "name": "Nậm Chảy",
        "type": "xa",
        "slug": "nam-chay",
        "name_with_type": "Xã Nậm Chảy",
        "path": "Nậm Chảy, Mường Khương, Lào Cai",
        "path_with_type": "Xã Nậm Chảy, Huyện Mường Khương, Tỉnh Lào Cai",
        "code": "02770",
        "parent_code": "083"
    },
    "02773": {
        "name": "Nấm Lư",
        "type": "xa",
        "slug": "nam-lu",
        "name_with_type": "Xã Nấm Lư",
        "path": "Nấm Lư, Mường Khương, Lào Cai",
        "path_with_type": "Xã Nấm Lư, Huyện Mường Khương, Tỉnh Lào Cai",
        "code": "02773",
        "parent_code": "083"
    },
    "02776": {
        "name": "Lùng Khấu Nhin",
        "type": "xa",
        "slug": "lung-khau-nhin",
        "name_with_type": "Xã Lùng Khấu Nhin",
        "path": "Lùng Khấu Nhin, Mường Khương, Lào Cai",
        "path_with_type": "Xã Lùng Khấu Nhin, Huyện Mường Khương, Tỉnh Lào Cai",
        "code": "02776",
        "parent_code": "083"
    },
    "02779": {
        "name": "Thanh Bình",
        "type": "xa",
        "slug": "thanh-binh",
        "name_with_type": "Xã Thanh Bình",
        "path": "Thanh Bình, Mường Khương, Lào Cai",
        "path_with_type": "Xã Thanh Bình, Huyện Mường Khương, Tỉnh Lào Cai",
        "code": "02779",
        "parent_code": "083"
    },
    "02782": {
        "name": "Cao Sơn",
        "type": "xa",
        "slug": "cao-son",
        "name_with_type": "Xã Cao Sơn",
        "path": "Cao Sơn, Mường Khương, Lào Cai",
        "path_with_type": "Xã Cao Sơn, Huyện Mường Khương, Tỉnh Lào Cai",
        "code": "02782",
        "parent_code": "083"
    },
    "02785": {
        "name": "Lùng Vai",
        "type": "xa",
        "slug": "lung-vai",
        "name_with_type": "Xã Lùng Vai",
        "path": "Lùng Vai, Mường Khương, Lào Cai",
        "path_with_type": "Xã Lùng Vai, Huyện Mường Khương, Tỉnh Lào Cai",
        "code": "02785",
        "parent_code": "083"
    },
    "02788": {
        "name": "Bản Lầu",
        "type": "xa",
        "slug": "ban-lau",
        "name_with_type": "Xã Bản Lầu",
        "path": "Bản Lầu, Mường Khương, Lào Cai",
        "path_with_type": "Xã Bản Lầu, Huyện Mường Khương, Tỉnh Lào Cai",
        "code": "02788",
        "parent_code": "083"
    },
    "02791": {
        "name": "La Pan Tẩn",
        "type": "xa",
        "slug": "la-pan-tan",
        "name_with_type": "Xã La Pan Tẩn",
        "path": "La Pan Tẩn, Mường Khương, Lào Cai",
        "path_with_type": "Xã La Pan Tẩn, Huyện Mường Khương, Tỉnh Lào Cai",
        "code": "02791",
        "parent_code": "083"
    },
    "02794": {
        "name": "Tả Thàng",
        "type": "xa",
        "slug": "ta-thang",
        "name_with_type": "Xã Tả Thàng",
        "path": "Tả Thàng, Mường Khương, Lào Cai",
        "path_with_type": "Xã Tả Thàng, Huyện Mường Khương, Tỉnh Lào Cai",
        "code": "02794",
        "parent_code": "083"
    },
    "02797": {
        "name": "Bản Sen",
        "type": "xa",
        "slug": "ban-sen",
        "name_with_type": "Xã Bản Sen",
        "path": "Bản Sen, Mường Khương, Lào Cai",
        "path_with_type": "Xã Bản Sen, Huyện Mường Khương, Tỉnh Lào Cai",
        "code": "02797",
        "parent_code": "083"
    }
}