{
    "03055": {
        "name": "Khánh Yên",
        "type": "thi-tran",
        "slug": "khanh-yen",
        "name_with_type": "Thị trấn Khánh Yên",
        "path": "Khánh Yên, Văn Bàn, Lào Cai",
        "path_with_type": "Thị trấn Khánh Yên, Huyện Văn Bàn, Tỉnh Lào Cai",
        "code": "03055",
        "parent_code": "089"
    },
    "03061": {
        "name": "Võ Lao",
        "type": "xa",
        "slug": "vo-lao",
        "name_with_type": "Xã Võ Lao",
        "path": "Võ Lao, Văn Bàn, Lào Cai",
        "path_with_type": "Xã Võ Lao, Huyện Văn Bàn, Tỉnh Lào Cai",
        "code": "03061",
        "parent_code": "089"
    },
    "03064": {
        "name": "Sơn Thuỷ",
        "type": "xa",
        "slug": "son-thuy",
        "name_with_type": "Xã Sơn Thuỷ",
        "path": "Sơn Thuỷ, Văn Bàn, Lào Cai",
        "path_with_type": "Xã Sơn Thuỷ, Huyện Văn Bàn, Tỉnh Lào Cai",
        "code": "03064",
        "parent_code": "089"
    },
    "03067": {
        "name": "Nậm Mả",
        "type": "xa",
        "slug": "nam-ma",
        "name_with_type": "Xã Nậm Mả",
        "path": "Nậm Mả, Văn Bàn, Lào Cai",
        "path_with_type": "Xã Nậm Mả, Huyện Văn Bàn, Tỉnh Lào Cai",
        "code": "03067",
        "parent_code": "089"
    },
    "03070": {
        "name": "Tân Thượng",
        "type": "xa",
        "slug": "tan-thuong",
        "name_with_type": "Xã Tân Thượng",
        "path": "Tân Thượng, Văn Bàn, Lào Cai",
        "path_with_type": "Xã Tân Thượng, Huyện Văn Bàn, Tỉnh Lào Cai",
        "code": "03070",
        "parent_code": "089"
    },
    "03073": {
        "name": "Nậm Rạng",
        "type": "xa",
        "slug": "nam-rang",
        "name_with_type": "Xã Nậm Rạng",
        "path": "Nậm Rạng, Văn Bàn, Lào Cai",
        "path_with_type": "Xã Nậm Rạng, Huyện Văn Bàn, Tỉnh Lào Cai",
        "code": "03073",
        "parent_code": "089"
    },
    "03076": {
        "name": "Nậm Chầy",
        "type": "xa",
        "slug": "nam-chay",
        "name_with_type": "Xã Nậm Chầy",
        "path": "Nậm Chầy, Văn Bàn, Lào Cai",
        "path_with_type": "Xã Nậm Chầy, Huyện Văn Bàn, Tỉnh Lào Cai",
        "code": "03076",
        "parent_code": "089"
    },
    "03079": {
        "name": "Tân An",
        "type": "xa",
        "slug": "tan-an",
        "name_with_type": "Xã Tân An",
        "path": "Tân An, Văn Bàn, Lào Cai",
        "path_with_type": "Xã Tân An, Huyện Văn Bàn, Tỉnh Lào Cai",
        "code": "03079",
        "parent_code": "089"
    },
    "03082": {
        "name": "Khánh Yên Thượng",
        "type": "xa",
        "slug": "khanh-yen-thuong",
        "name_with_type": "Xã Khánh Yên Thượng",
        "path": "Khánh Yên Thượng, Văn Bàn, Lào Cai",
        "path_with_type": "Xã Khánh Yên Thượng, Huyện Văn Bàn, Tỉnh Lào Cai",
        "code": "03082",
        "parent_code": "089"
    },
    "03085": {
        "name": "Nậm Xé",
        "type": "xa",
        "slug": "nam-xe",
        "name_with_type": "Xã Nậm Xé",
        "path": "Nậm Xé, Văn Bàn, Lào Cai",
        "path_with_type": "Xã Nậm Xé, Huyện Văn Bàn, Tỉnh Lào Cai",
        "code": "03085",
        "parent_code": "089"
    },
    "03088": {
        "name": "Dần Thàng",
        "type": "xa",
        "slug": "dan-thang",
        "name_with_type": "Xã Dần Thàng",
        "path": "Dần Thàng, Văn Bàn, Lào Cai",
        "path_with_type": "Xã Dần Thàng, Huyện Văn Bàn, Tỉnh Lào Cai",
        "code": "03088",
        "parent_code": "089"
    },
    "03091": {
        "name": "Chiềng Ken",
        "type": "xa",
        "slug": "chieng-ken",
        "name_with_type": "Xã Chiềng Ken",
        "path": "Chiềng Ken, Văn Bàn, Lào Cai",
        "path_with_type": "Xã Chiềng Ken, Huyện Văn Bàn, Tỉnh Lào Cai",
        "code": "03091",
        "parent_code": "089"
    },
    "03094": {
        "name": "Làng Giàng",
        "type": "xa",
        "slug": "lang-giang",
        "name_with_type": "Xã Làng Giàng",
        "path": "Làng Giàng, Văn Bàn, Lào Cai",
        "path_with_type": "Xã Làng Giàng, Huyện Văn Bàn, Tỉnh Lào Cai",
        "code": "03094",
        "parent_code": "089"
    },
    "03097": {
        "name": "Hoà Mạc",
        "type": "xa",
        "slug": "hoa-mac",
        "name_with_type": "Xã Hoà Mạc",
        "path": "Hoà Mạc, Văn Bàn, Lào Cai",
        "path_with_type": "Xã Hoà Mạc, Huyện Văn Bàn, Tỉnh Lào Cai",
        "code": "03097",
        "parent_code": "089"
    },
    "03100": {
        "name": "Khánh Yên Trung",
        "type": "xa",
        "slug": "khanh-yen-trung",
        "name_with_type": "Xã Khánh Yên Trung",
        "path": "Khánh Yên Trung, Văn Bàn, Lào Cai",
        "path_with_type": "Xã Khánh Yên Trung, Huyện Văn Bàn, Tỉnh Lào Cai",
        "code": "03100",
        "parent_code": "089"
    },
    "03103": {
        "name": "Khánh Yên Hạ",
        "type": "xa",
        "slug": "khanh-yen-ha",
        "name_with_type": "Xã Khánh Yên Hạ",
        "path": "Khánh Yên Hạ, Văn Bàn, Lào Cai",
        "path_with_type": "Xã Khánh Yên Hạ, Huyện Văn Bàn, Tỉnh Lào Cai",
        "code": "03103",
        "parent_code": "089"
    },
    "03106": {
        "name": "Dương Quỳ",
        "type": "xa",
        "slug": "duong-quy",
        "name_with_type": "Xã Dương Quỳ",
        "path": "Dương Quỳ, Văn Bàn, Lào Cai",
        "path_with_type": "Xã Dương Quỳ, Huyện Văn Bàn, Tỉnh Lào Cai",
        "code": "03106",
        "parent_code": "089"
    },
    "03109": {
        "name": "Nậm Tha",
        "type": "xa",
        "slug": "nam-tha",
        "name_with_type": "Xã Nậm Tha",
        "path": "Nậm Tha, Văn Bàn, Lào Cai",
        "path_with_type": "Xã Nậm Tha, Huyện Văn Bàn, Tỉnh Lào Cai",
        "code": "03109",
        "parent_code": "089"
    },
    "03112": {
        "name": "Minh Lương",
        "type": "xa",
        "slug": "minh-luong",
        "name_with_type": "Xã Minh Lương",
        "path": "Minh Lương, Văn Bàn, Lào Cai",
        "path_with_type": "Xã Minh Lương, Huyện Văn Bàn, Tỉnh Lào Cai",
        "code": "03112",
        "parent_code": "089"
    },
    "03115": {
        "name": "Thẩm Dương",
        "type": "xa",
        "slug": "tham-duong",
        "name_with_type": "Xã Thẩm Dương",
        "path": "Thẩm Dương, Văn Bàn, Lào Cai",
        "path_with_type": "Xã Thẩm Dương, Huyện Văn Bàn, Tỉnh Lào Cai",
        "code": "03115",
        "parent_code": "089"
    },
    "03118": {
        "name": "Liêm Phú",
        "type": "xa",
        "slug": "liem-phu",
        "name_with_type": "Xã Liêm Phú",
        "path": "Liêm Phú, Văn Bàn, Lào Cai",
        "path_with_type": "Xã Liêm Phú, Huyện Văn Bàn, Tỉnh Lào Cai",
        "code": "03118",
        "parent_code": "089"
    },
    "03121": {
        "name": "Nậm Xây",
        "type": "xa",
        "slug": "nam-xay",
        "name_with_type": "Xã Nậm Xây",
        "path": "Nậm Xây, Văn Bàn, Lào Cai",
        "path_with_type": "Xã Nậm Xây, Huyện Văn Bàn, Tỉnh Lào Cai",
        "code": "03121",
        "parent_code": "089"
    }
}