{
    "03124": {
        "name": "Noong Bua",
        "type": "phuong",
        "slug": "noong-bua",
        "name_with_type": "Phường Noong Bua",
        "path": "Noong Bua, Điện Biên Phủ, Điện Biên",
        "path_with_type": "Phường Noong Bua, Thành phố Điện Biên Phủ, Tỉnh Điện Biên",
        "code": "03124",
        "parent_code": "094"
    },
    "03127": {
        "name": "Him Lam",
        "type": "phuong",
        "slug": "him-lam",
        "name_with_type": "Phường Him Lam",
        "path": "Him Lam, Điện Biên Phủ, Điện Biên",
        "path_with_type": "Phường Him Lam, Thành phố Điện Biên Phủ, Tỉnh Điện Biên",
        "code": "03127",
        "parent_code": "094"
    },
    "03130": {
        "name": "Thanh Bình",
        "type": "phuong",
        "slug": "thanh-binh",
        "name_with_type": "Phường Thanh Bình",
        "path": "Thanh Bình, Điện Biên Phủ, Điện Biên",
        "path_with_type": "Phường Thanh Bình, Thành phố Điện Biên Phủ, Tỉnh Điện Biên",
        "code": "03130",
        "parent_code": "094"
    },
    "03133": {
        "name": "Tân Thanh",
        "type": "phuong",
        "slug": "tan-thanh",
        "name_with_type": "Phường Tân Thanh",
        "path": "Tân Thanh, Điện Biên Phủ, Điện Biên",
        "path_with_type": "Phường Tân Thanh, Thành phố Điện Biên Phủ, Tỉnh Điện Biên",
        "code": "03133",
        "parent_code": "094"
    },
    "03136": {
        "name": "Mường Thanh",
        "type": "phuong",
        "slug": "muong-thanh",
        "name_with_type": "Phường Mường Thanh",
        "path": "Mường Thanh, Điện Biên Phủ, Điện Biên",
        "path_with_type": "Phường Mường Thanh, Thành phố Điện Biên Phủ, Tỉnh Điện Biên",
        "code": "03136",
        "parent_code": "094"
    },
    "03139": {
        "name": "Nam Thanh",
        "type": "phuong",
        "slug": "nam-thanh",
        "name_with_type": "Phường Nam Thanh",
        "path": "Nam Thanh, Điện Biên Phủ, Điện Biên",
        "path_with_type": "Phường Nam Thanh, Thành phố Điện Biên Phủ, Tỉnh Điện Biên",
        "code": "03139",
        "parent_code": "094"
    },
    "03142": {
        "name": "Thanh Trường",
        "type": "phuong",
        "slug": "thanh-truong",
        "name_with_type": "Phường Thanh Trường",
        "path": "Thanh Trường, Điện Biên Phủ, Điện Biên",
        "path_with_type": "Phường Thanh Trường, Thành phố Điện Biên Phủ, Tỉnh Điện Biên",
        "code": "03142",
        "parent_code": "094"
    },
    "03145": {
        "name": "Thanh Minh",
        "type": "xa",
        "slug": "thanh-minh",
        "name_with_type": "Xã Thanh Minh",
        "path": "Thanh Minh, Điện Biên Phủ, Điện Biên",
        "path_with_type": "Xã Thanh Minh, Thành phố Điện Biên Phủ, Tỉnh Điện Biên",
        "code": "03145",
        "parent_code": "094"
    },
    "03316": {
        "name": "Nà Tấu",
        "type": "xa",
        "slug": "na-tau",
        "name_with_type": "Xã Nà Tấu",
        "path": "Nà Tấu, Điện Biên Phủ, Điện Biên",
        "path_with_type": "Xã Nà Tấu, Thành phố Điện Biên Phủ, Tỉnh Điện Biên",
        "code": "03316",
        "parent_code": "094"
    },
    "03317": {
        "name": "Nà Nhạn",
        "type": "xa",
        "slug": "na-nhan",
        "name_with_type": "Xã Nà Nhạn",
        "path": "Nà Nhạn, Điện Biên Phủ, Điện Biên",
        "path_with_type": "Xã Nà Nhạn, Thành phố Điện Biên Phủ, Tỉnh Điện Biên",
        "code": "03317",
        "parent_code": "094"
    },
    "03325": {
        "name": "Mường Phăng",
        "type": "xa",
        "slug": "muong-phang",
        "name_with_type": "Xã Mường Phăng",
        "path": "Mường Phăng, Điện Biên Phủ, Điện Biên",
        "path_with_type": "Xã Mường Phăng, Thành phố Điện Biên Phủ, Tỉnh Điện Biên",
        "code": "03325",
        "parent_code": "094"
    },
    "03326": {
        "name": "Pá Khoang",
        "type": "xa",
        "slug": "pa-khoang",
        "name_with_type": "Xã Pá Khoang",
        "path": "Pá Khoang, Điện Biên Phủ, Điện Biên",
        "path_with_type": "Xã Pá Khoang, Thành phố Điện Biên Phủ, Tỉnh Điện Biên",
        "code": "03326",
        "parent_code": "094"
    }
}