{
    "03154": {
        "name": "Sín Thầu",
        "type": "xa",
        "slug": "sin-thau",
        "name_with_type": "Xã Sín Thầu",
        "path": "Sín Thầu, Mường Nhé, Điện Biên",
        "path_with_type": "Xã Sín Thầu, Huyện Mường Nhé, Tỉnh Điện Biên",
        "code": "03154",
        "parent_code": "096"
    },
    "03155": {
        "name": "Sen Thượng",
        "type": "xa",
        "slug": "sen-thuong",
        "name_with_type": "Xã Sen Thượng",
        "path": "Sen Thượng, Mường Nhé, Điện Biên",
        "path_with_type": "Xã Sen Thượng, Huyện Mường Nhé, Tỉnh Điện Biên",
        "code": "03155",
        "parent_code": "096"
    },
    "03157": {
        "name": "Chung Chải",
        "type": "xa",
        "slug": "chung-chai",
        "name_with_type": "Xã Chung Chải",
        "path": "Chung Chải, Mường Nhé, Điện Biên",
        "path_with_type": "Xã Chung Chải, Huyện Mường Nhé, Tỉnh Điện Biên",
        "code": "03157",
        "parent_code": "096"
    },
    "03158": {
        "name": "Leng Su Sìn",
        "type": "xa",
        "slug": "leng-su-sin",
        "name_with_type": "Xã Leng Su Sìn",
        "path": "Leng Su Sìn, Mường Nhé, Điện Biên",
        "path_with_type": "Xã Leng Su Sìn, Huyện Mường Nhé, Tỉnh Điện Biên",
        "code": "03158",
        "parent_code": "096"
    },
    "03159": {
        "name": "Pá Mỳ",
        "type": "xa",
        "slug": "pa-my",
        "name_with_type": "Xã Pá Mỳ",
        "path": "Pá Mỳ, Mường Nhé, Điện Biên",
        "path_with_type": "Xã Pá Mỳ, Huyện Mường Nhé, Tỉnh Điện Biên",
        "code": "03159",
        "parent_code": "096"
    },
    "03160": {
        "name": "Mường Nhé",
        "type": "xa",
        "slug": "muong-nhe",
        "name_with_type": "Xã Mường Nhé",
        "path": "Mường Nhé, Mường Nhé, Điện Biên",
        "path_with_type": "Xã Mường Nhé, Huyện Mường Nhé, Tỉnh Điện Biên",
        "code": "03160",
        "parent_code": "096"
    },
    "03161": {
        "name": "Nậm Vì",
        "type": "xa",
        "slug": "nam-vi",
        "name_with_type": "Xã Nậm Vì",
        "path": "Nậm Vì, Mường Nhé, Điện Biên",
        "path_with_type": "Xã Nậm Vì, Huyện Mường Nhé, Tỉnh Điện Biên",
        "code": "03161",
        "parent_code": "096"
    },
    "03162": {
        "name": "Nậm Kè",
        "type": "xa",
        "slug": "nam-ke",
        "name_with_type": "Xã Nậm Kè",
        "path": "Nậm Kè, Mường Nhé, Điện Biên",
        "path_with_type": "Xã Nậm Kè, Huyện Mường Nhé, Tỉnh Điện Biên",
        "code": "03162",
        "parent_code": "096"
    },
    "03163": {
        "name": "Mường Toong",
        "type": "xa",
        "slug": "muong-toong",
        "name_with_type": "Xã Mường Toong",
        "path": "Mường Toong, Mường Nhé, Điện Biên",
        "path_with_type": "Xã Mường Toong, Huyện Mường Nhé, Tỉnh Điện Biên",
        "code": "03163",
        "parent_code": "096"
    },
    "03164": {
        "name": "Quảng Lâm",
        "type": "xa",
        "slug": "quang-lam",
        "name_with_type": "Xã Quảng Lâm",
        "path": "Quảng Lâm, Mường Nhé, Điện Biên",
        "path_with_type": "Xã Quảng Lâm, Huyện Mường Nhé, Tỉnh Điện Biên",
        "code": "03164",
        "parent_code": "096"
    },
    "03177": {
        "name": "Huổi Lếnh",
        "type": "xa",
        "slug": "huoi-lenh",
        "name_with_type": "Xã Huổi Lếnh",
        "path": "Huổi Lếnh, Mường Nhé, Điện Biên",
        "path_with_type": "Xã Huổi Lếnh, Huyện Mường Nhé, Tỉnh Điện Biên",
        "code": "03177",
        "parent_code": "096"
    }
}