{
    "03646": {
        "name": "Chiềng Lề",
        "type": "phuong",
        "slug": "chieng-le",
        "name_with_type": "Phường Chiềng Lề",
        "path": "Chiềng Lề, Sơn La, Sơn La",
        "path_with_type": "Phường Chiềng Lề, Thành phố Sơn La, Tỉnh Sơn La",
        "code": "03646",
        "parent_code": "116"
    },
    "03649": {
        "name": "Tô Hiệu",
        "type": "phuong",
        "slug": "to-hieu",
        "name_with_type": "Phường Tô Hiệu",
        "path": "Tô Hiệu, Sơn La, Sơn La",
        "path_with_type": "Phường Tô Hiệu, Thành phố Sơn La, Tỉnh Sơn La",
        "code": "03649",
        "parent_code": "116"
    },
    "03652": {
        "name": "Quyết Thắng",
        "type": "phuong",
        "slug": "quyet-thang",
        "name_with_type": "Phường Quyết Thắng",
        "path": "Quyết Thắng, Sơn La, Sơn La",
        "path_with_type": "Phường Quyết Thắng, Thành phố Sơn La, Tỉnh Sơn La",
        "code": "03652",
        "parent_code": "116"
    },
    "03655": {
        "name": "Quyết Tâm",
        "type": "phuong",
        "slug": "quyet-tam",
        "name_with_type": "Phường Quyết Tâm",
        "path": "Quyết Tâm, Sơn La, Sơn La",
        "path_with_type": "Phường Quyết Tâm, Thành phố Sơn La, Tỉnh Sơn La",
        "code": "03655",
        "parent_code": "116"
    },
    "03658": {
        "name": "Chiềng Cọ",
        "type": "xa",
        "slug": "chieng-co",
        "name_with_type": "Xã Chiềng Cọ",
        "path": "Chiềng Cọ, Sơn La, Sơn La",
        "path_with_type": "Xã Chiềng Cọ, Thành phố Sơn La, Tỉnh Sơn La",
        "code": "03658",
        "parent_code": "116"
    },
    "03661": {
        "name": "Chiềng Đen",
        "type": "xa",
        "slug": "chieng-den",
        "name_with_type": "Xã Chiềng Đen",
        "path": "Chiềng Đen, Sơn La, Sơn La",
        "path_with_type": "Xã Chiềng Đen, Thành phố Sơn La, Tỉnh Sơn La",
        "code": "03661",
        "parent_code": "116"
    },
    "03664": {
        "name": "Chiềng Xôm",
        "type": "xa",
        "slug": "chieng-xom",
        "name_with_type": "Xã Chiềng Xôm",
        "path": "Chiềng Xôm, Sơn La, Sơn La",
        "path_with_type": "Xã Chiềng Xôm, Thành phố Sơn La, Tỉnh Sơn La",
        "code": "03664",
        "parent_code": "116"
    },
    "03667": {
        "name": "Chiềng An",
        "type": "phuong",
        "slug": "chieng-an",
        "name_with_type": "Phường Chiềng An",
        "path": "Chiềng An, Sơn La, Sơn La",
        "path_with_type": "Phường Chiềng An, Thành phố Sơn La, Tỉnh Sơn La",
        "code": "03667",
        "parent_code": "116"
    },
    "03670": {
        "name": "Chiềng Cơi",
        "type": "phuong",
        "slug": "chieng-coi",
        "name_with_type": "Phường Chiềng Cơi",
        "path": "Chiềng Cơi, Sơn La, Sơn La",
        "path_with_type": "Phường Chiềng Cơi, Thành phố Sơn La, Tỉnh Sơn La",
        "code": "03670",
        "parent_code": "116"
    },
    "03673": {
        "name": "Chiềng Ngần",
        "type": "xa",
        "slug": "chieng-ngan",
        "name_with_type": "Xã Chiềng Ngần",
        "path": "Chiềng Ngần, Sơn La, Sơn La",
        "path_with_type": "Xã Chiềng Ngần, Thành phố Sơn La, Tỉnh Sơn La",
        "code": "03673",
        "parent_code": "116"
    },
    "03676": {
        "name": "Hua La",
        "type": "xa",
        "slug": "hua-la",
        "name_with_type": "Xã Hua La",
        "path": "Hua La, Sơn La, Sơn La",
        "path_with_type": "Xã Hua La, Thành phố Sơn La, Tỉnh Sơn La",
        "code": "03676",
        "parent_code": "116"
    },
    "03679": {
        "name": "Chiềng Sinh",
        "type": "phuong",
        "slug": "chieng-sinh",
        "name_with_type": "Phường Chiềng Sinh",
        "path": "Chiềng Sinh, Sơn La, Sơn La",
        "path_with_type": "Phường Chiềng Sinh, Thành phố Sơn La, Tỉnh Sơn La",
        "code": "03679",
        "parent_code": "116"
    }
}