{
    "03898": {
        "name": "Phù Yên",
        "type": "thi-tran",
        "slug": "phu-yen",
        "name_with_type": "Thị trấn Phù Yên",
        "path": "Phù Yên, Phù Yên, Sơn La",
        "path_with_type": "Thị trấn Phù Yên, Huyện Phù Yên, Tỉnh Sơn La",
        "code": "03898",
        "parent_code": "122"
    },
    "03901": {
        "name": "Suối Tọ",
        "type": "xa",
        "slug": "suoi-to",
        "name_with_type": "Xã Suối Tọ",
        "path": "Suối Tọ, Phù Yên, Sơn La",
        "path_with_type": "Xã Suối Tọ, Huyện Phù Yên, Tỉnh Sơn La",
        "code": "03901",
        "parent_code": "122"
    },
    "03904": {
        "name": "Mường Thải",
        "type": "xa",
        "slug": "muong-thai",
        "name_with_type": "Xã Mường Thải",
        "path": "Mường Thải, Phù Yên, Sơn La",
        "path_with_type": "Xã Mường Thải, Huyện Phù Yên, Tỉnh Sơn La",
        "code": "03904",
        "parent_code": "122"
    },
    "03907": {
        "name": "Mường Cơi",
        "type": "xa",
        "slug": "muong-coi",
        "name_with_type": "Xã Mường Cơi",
        "path": "Mường Cơi, Phù Yên, Sơn La",
        "path_with_type": "Xã Mường Cơi, Huyện Phù Yên, Tỉnh Sơn La",
        "code": "03907",
        "parent_code": "122"
    },
    "03910": {
        "name": "Quang Huy",
        "type": "xa",
        "slug": "quang-huy",
        "name_with_type": "Xã Quang Huy",
        "path": "Quang Huy, Phù Yên, Sơn La",
        "path_with_type": "Xã Quang Huy, Huyện Phù Yên, Tỉnh Sơn La",
        "code": "03910",
        "parent_code": "122"
    },
    "03913": {
        "name": "Huy Bắc",
        "type": "xa",
        "slug": "huy-bac",
        "name_with_type": "Xã Huy Bắc",
        "path": "Huy Bắc, Phù Yên, Sơn La",
        "path_with_type": "Xã Huy Bắc, Huyện Phù Yên, Tỉnh Sơn La",
        "code": "03913",
        "parent_code": "122"
    },
    "03916": {
        "name": "Huy Thượng",
        "type": "xa",
        "slug": "huy-thuong",
        "name_with_type": "Xã Huy Thượng",
        "path": "Huy Thượng, Phù Yên, Sơn La",
        "path_with_type": "Xã Huy Thượng, Huyện Phù Yên, Tỉnh Sơn La",
        "code": "03916",
        "parent_code": "122"
    },
    "03919": {
        "name": "Tân Lang",
        "type": "xa",
        "slug": "tan-lang",
        "name_with_type": "Xã Tân Lang",
        "path": "Tân Lang, Phù Yên, Sơn La",
        "path_with_type": "Xã Tân Lang, Huyện Phù Yên, Tỉnh Sơn La",
        "code": "03919",
        "parent_code": "122"
    },
    "03922": {
        "name": "Gia Phù",
        "type": "xa",
        "slug": "gia-phu",
        "name_with_type": "Xã Gia Phù",
        "path": "Gia Phù, Phù Yên, Sơn La",
        "path_with_type": "Xã Gia Phù, Huyện Phù Yên, Tỉnh Sơn La",
        "code": "03922",
        "parent_code": "122"
    },
    "03925": {
        "name": "Tường Phù",
        "type": "xa",
        "slug": "tuong-phu",
        "name_with_type": "Xã Tường Phù",
        "path": "Tường Phù, Phù Yên, Sơn La",
        "path_with_type": "Xã Tường Phù, Huyện Phù Yên, Tỉnh Sơn La",
        "code": "03925",
        "parent_code": "122"
    },
    "03928": {
        "name": "Huy Hạ",
        "type": "xa",
        "slug": "huy-ha",
        "name_with_type": "Xã Huy Hạ",
        "path": "Huy Hạ, Phù Yên, Sơn La",
        "path_with_type": "Xã Huy Hạ, Huyện Phù Yên, Tỉnh Sơn La",
        "code": "03928",
        "parent_code": "122"
    },
    "03931": {
        "name": "Huy Tân",
        "type": "xa",
        "slug": "huy-tan",
        "name_with_type": "Xã Huy Tân",
        "path": "Huy Tân, Phù Yên, Sơn La",
        "path_with_type": "Xã Huy Tân, Huyện Phù Yên, Tỉnh Sơn La",
        "code": "03931",
        "parent_code": "122"
    },
    "03934": {
        "name": "Mường Lang",
        "type": "xa",
        "slug": "muong-lang",
        "name_with_type": "Xã Mường Lang",
        "path": "Mường Lang, Phù Yên, Sơn La",
        "path_with_type": "Xã Mường Lang, Huyện Phù Yên, Tỉnh Sơn La",
        "code": "03934",
        "parent_code": "122"
    },
    "03937": {
        "name": "Suối Bau",
        "type": "xa",
        "slug": "suoi-bau",
        "name_with_type": "Xã Suối Bau",
        "path": "Suối Bau, Phù Yên, Sơn La",
        "path_with_type": "Xã Suối Bau, Huyện Phù Yên, Tỉnh Sơn La",
        "code": "03937",
        "parent_code": "122"
    },
    "03940": {
        "name": "Huy Tường",
        "type": "xa",
        "slug": "huy-tuong",
        "name_with_type": "Xã Huy Tường",
        "path": "Huy Tường, Phù Yên, Sơn La",
        "path_with_type": "Xã Huy Tường, Huyện Phù Yên, Tỉnh Sơn La",
        "code": "03940",
        "parent_code": "122"
    },
    "03943": {
        "name": "Mường Do",
        "type": "xa",
        "slug": "muong-do",
        "name_with_type": "Xã Mường Do",
        "path": "Mường Do, Phù Yên, Sơn La",
        "path_with_type": "Xã Mường Do, Huyện Phù Yên, Tỉnh Sơn La",
        "code": "03943",
        "parent_code": "122"
    },
    "03946": {
        "name": "Sập Xa",
        "type": "xa",
        "slug": "sap-xa",
        "name_with_type": "Xã Sập Xa",
        "path": "Sập Xa, Phù Yên, Sơn La",
        "path_with_type": "Xã Sập Xa, Huyện Phù Yên, Tỉnh Sơn La",
        "code": "03946",
        "parent_code": "122"
    },
    "03949": {
        "name": "Tường Thượng",
        "type": "xa",
        "slug": "tuong-thuong",
        "name_with_type": "Xã Tường Thượng",
        "path": "Tường Thượng, Phù Yên, Sơn La",
        "path_with_type": "Xã Tường Thượng, Huyện Phù Yên, Tỉnh Sơn La",
        "code": "03949",
        "parent_code": "122"
    },
    "03952": {
        "name": "Tường Tiến",
        "type": "xa",
        "slug": "tuong-tien",
        "name_with_type": "Xã Tường Tiến",
        "path": "Tường Tiến, Phù Yên, Sơn La",
        "path_with_type": "Xã Tường Tiến, Huyện Phù Yên, Tỉnh Sơn La",
        "code": "03952",
        "parent_code": "122"
    },
    "03955": {
        "name": "Tường Phong",
        "type": "xa",
        "slug": "tuong-phong",
        "name_with_type": "Xã Tường Phong",
        "path": "Tường Phong, Phù Yên, Sơn La",
        "path_with_type": "Xã Tường Phong, Huyện Phù Yên, Tỉnh Sơn La",
        "code": "03955",
        "parent_code": "122"
    },
    "03958": {
        "name": "Tường Hạ",
        "type": "xa",
        "slug": "tuong-ha",
        "name_with_type": "Xã Tường Hạ",
        "path": "Tường Hạ, Phù Yên, Sơn La",
        "path_with_type": "Xã Tường Hạ, Huyện Phù Yên, Tỉnh Sơn La",
        "code": "03958",
        "parent_code": "122"
    },
    "03961": {
        "name": "Kim Bon",
        "type": "xa",
        "slug": "kim-bon",
        "name_with_type": "Xã Kim Bon",
        "path": "Kim Bon, Phù Yên, Sơn La",
        "path_with_type": "Xã Kim Bon, Huyện Phù Yên, Tỉnh Sơn La",
        "code": "03961",
        "parent_code": "122"
    },
    "03964": {
        "name": "Mường Bang",
        "type": "xa",
        "slug": "muong-bang",
        "name_with_type": "Xã Mường Bang",
        "path": "Mường Bang, Phù Yên, Sơn La",
        "path_with_type": "Xã Mường Bang, Huyện Phù Yên, Tỉnh Sơn La",
        "code": "03964",
        "parent_code": "122"
    },
    "03967": {
        "name": "Đá Đỏ",
        "type": "xa",
        "slug": "da-do",
        "name_with_type": "Xã Đá Đỏ",
        "path": "Đá Đỏ, Phù Yên, Sơn La",
        "path_with_type": "Xã Đá Đỏ, Huyện Phù Yên, Tỉnh Sơn La",
        "code": "03967",
        "parent_code": "122"
    },
    "03970": {
        "name": "Tân Phong",
        "type": "xa",
        "slug": "tan-phong",
        "name_with_type": "Xã Tân Phong",
        "path": "Tân Phong, Phù Yên, Sơn La",
        "path_with_type": "Xã Tân Phong, Huyện Phù Yên, Tỉnh Sơn La",
        "code": "03970",
        "parent_code": "122"
    },
    "03973": {
        "name": "Nam Phong",
        "type": "xa",
        "slug": "nam-phong",
        "name_with_type": "Xã Nam Phong",
        "path": "Nam Phong, Phù Yên, Sơn La",
        "path_with_type": "Xã Nam Phong, Huyện Phù Yên, Tỉnh Sơn La",
        "code": "03973",
        "parent_code": "122"
    },
    "03976": {
        "name": "Bắc Phong",
        "type": "xa",
        "slug": "bac-phong",
        "name_with_type": "Xã Bắc Phong",
        "path": "Bắc Phong, Phù Yên, Sơn La",
        "path_with_type": "Xã Bắc Phong, Huyện Phù Yên, Tỉnh Sơn La",
        "code": "03976",
        "parent_code": "122"
    }
}