{
    "04060": {
        "name": "Yên Châu",
        "type": "thi-tran",
        "slug": "yen-chau",
        "name_with_type": "Thị trấn Yên Châu",
        "path": "Yên Châu, Yên Châu, Sơn La",
        "path_with_type": "Thị trấn Yên Châu, Huyện Yên Châu, Tỉnh Sơn La",
        "code": "04060",
        "parent_code": "124"
    },
    "04063": {
        "name": "Chiềng Đông",
        "type": "xa",
        "slug": "chieng-dong",
        "name_with_type": "Xã Chiềng Đông",
        "path": "Chiềng Đông, Yên Châu, Sơn La",
        "path_with_type": "Xã Chiềng Đông, Huyện Yên Châu, Tỉnh Sơn La",
        "code": "04063",
        "parent_code": "124"
    },
    "04066": {
        "name": "Sập Vạt",
        "type": "xa",
        "slug": "sap-vat",
        "name_with_type": "Xã Sập Vạt",
        "path": "Sập Vạt, Yên Châu, Sơn La",
        "path_with_type": "Xã Sập Vạt, Huyện Yên Châu, Tỉnh Sơn La",
        "code": "04066",
        "parent_code": "124"
    },
    "04069": {
        "name": "Chiềng Sàng",
        "type": "xa",
        "slug": "chieng-sang",
        "name_with_type": "Xã Chiềng Sàng",
        "path": "Chiềng Sàng, Yên Châu, Sơn La",
        "path_with_type": "Xã Chiềng Sàng, Huyện Yên Châu, Tỉnh Sơn La",
        "code": "04069",
        "parent_code": "124"
    },
    "04072": {
        "name": "Chiềng Pằn",
        "type": "xa",
        "slug": "chieng-pan",
        "name_with_type": "Xã Chiềng Pằn",
        "path": "Chiềng Pằn, Yên Châu, Sơn La",
        "path_with_type": "Xã Chiềng Pằn, Huyện Yên Châu, Tỉnh Sơn La",
        "code": "04072",
        "parent_code": "124"
    },
    "04075": {
        "name": "Viêng Lán",
        "type": "xa",
        "slug": "vieng-lan",
        "name_with_type": "Xã Viêng Lán",
        "path": "Viêng Lán, Yên Châu, Sơn La",
        "path_with_type": "Xã Viêng Lán, Huyện Yên Châu, Tỉnh Sơn La",
        "code": "04075",
        "parent_code": "124"
    },
    "04078": {
        "name": "Chiềng Hặc",
        "type": "xa",
        "slug": "chieng-hac",
        "name_with_type": "Xã Chiềng Hặc",
        "path": "Chiềng Hặc, Yên Châu, Sơn La",
        "path_with_type": "Xã Chiềng Hặc, Huyện Yên Châu, Tỉnh Sơn La",
        "code": "04078",
        "parent_code": "124"
    },
    "04081": {
        "name": "Mường Lựm",
        "type": "xa",
        "slug": "muong-lum",
        "name_with_type": "Xã Mường Lựm",
        "path": "Mường Lựm, Yên Châu, Sơn La",
        "path_with_type": "Xã Mường Lựm, Huyện Yên Châu, Tỉnh Sơn La",
        "code": "04081",
        "parent_code": "124"
    },
    "04084": {
        "name": "Chiềng On",
        "type": "xa",
        "slug": "chieng-on",
        "name_with_type": "Xã Chiềng On",
        "path": "Chiềng On, Yên Châu, Sơn La",
        "path_with_type": "Xã Chiềng On, Huyện Yên Châu, Tỉnh Sơn La",
        "code": "04084",
        "parent_code": "124"
    },
    "04087": {
        "name": "Yên Sơn",
        "type": "xa",
        "slug": "yen-son",
        "name_with_type": "Xã Yên Sơn",
        "path": "Yên Sơn, Yên Châu, Sơn La",
        "path_with_type": "Xã Yên Sơn, Huyện Yên Châu, Tỉnh Sơn La",
        "code": "04087",
        "parent_code": "124"
    },
    "04090": {
        "name": "Chiềng Khoi",
        "type": "xa",
        "slug": "chieng-khoi",
        "name_with_type": "Xã Chiềng Khoi",
        "path": "Chiềng Khoi, Yên Châu, Sơn La",
        "path_with_type": "Xã Chiềng Khoi, Huyện Yên Châu, Tỉnh Sơn La",
        "code": "04090",
        "parent_code": "124"
    },
    "04093": {
        "name": "Tú Nang",
        "type": "xa",
        "slug": "tu-nang",
        "name_with_type": "Xã Tú Nang",
        "path": "Tú Nang, Yên Châu, Sơn La",
        "path_with_type": "Xã Tú Nang, Huyện Yên Châu, Tỉnh Sơn La",
        "code": "04093",
        "parent_code": "124"
    },
    "04096": {
        "name": "Lóng Phiêng",
        "type": "xa",
        "slug": "long-phieng",
        "name_with_type": "Xã Lóng Phiêng",
        "path": "Lóng Phiêng, Yên Châu, Sơn La",
        "path_with_type": "Xã Lóng Phiêng, Huyện Yên Châu, Tỉnh Sơn La",
        "code": "04096",
        "parent_code": "124"
    },
    "04099": {
        "name": "Phiêng Khoài",
        "type": "xa",
        "slug": "phieng-khoai",
        "name_with_type": "Xã Phiêng Khoài",
        "path": "Phiêng Khoài, Yên Châu, Sơn La",
        "path_with_type": "Xã Phiêng Khoài, Huyện Yên Châu, Tỉnh Sơn La",
        "code": "04099",
        "parent_code": "124"
    },
    "04102": {
        "name": "Chiềng Tương",
        "type": "xa",
        "slug": "chieng-tuong",
        "name_with_type": "Xã Chiềng Tương",
        "path": "Chiềng Tương, Yên Châu, Sơn La",
        "path_with_type": "Xã Chiềng Tương, Huyện Yên Châu, Tỉnh Sơn La",
        "code": "04102",
        "parent_code": "124"
    }
}