{
    "04249": {
        "name": "Yên Thịnh",
        "type": "phuong",
        "slug": "yen-thinh",
        "name_with_type": "Phường Yên Thịnh",
        "path": "Yên Thịnh, Yên Bái, Yên Bái",
        "path_with_type": "Phường Yên Thịnh, Thành phố Yên Bái, Tỉnh Yên Bái",
        "code": "04249",
        "parent_code": "132"
    },
    "04252": {
        "name": "Yên Ninh",
        "type": "phuong",
        "slug": "yen-ninh",
        "name_with_type": "Phường Yên Ninh",
        "path": "Yên Ninh, Yên Bái, Yên Bái",
        "path_with_type": "Phường Yên Ninh, Thành phố Yên Bái, Tỉnh Yên Bái",
        "code": "04252",
        "parent_code": "132"
    },
    "04255": {
        "name": "Minh Tân",
        "type": "phuong",
        "slug": "minh-tan",
        "name_with_type": "Phường Minh Tân",
        "path": "Minh Tân, Yên Bái, Yên Bái",
        "path_with_type": "Phường Minh Tân, Thành phố Yên Bái, Tỉnh Yên Bái",
        "code": "04255",
        "parent_code": "132"
    },
    "04258": {
        "name": "Nguyễn Thái Học",
        "type": "phuong",
        "slug": "nguyen-thai-hoc",
        "name_with_type": "Phường Nguyễn Thái Học",
        "path": "Nguyễn Thái Học, Yên Bái, Yên Bái",
        "path_with_type": "Phường Nguyễn Thái Học, Thành phố Yên Bái, Tỉnh Yên Bái",
        "code": "04258",
        "parent_code": "132"
    },
    "04261": {
        "name": "Đồng Tâm",
        "type": "phuong",
        "slug": "dong-tam",
        "name_with_type": "Phường Đồng Tâm",
        "path": "Đồng Tâm, Yên Bái, Yên Bái",
        "path_with_type": "Phường Đồng Tâm, Thành phố Yên Bái, Tỉnh Yên Bái",
        "code": "04261",
        "parent_code": "132"
    },
    "04264": {
        "name": "Nguyễn Phúc",
        "type": "phuong",
        "slug": "nguyen-phuc",
        "name_with_type": "Phường Nguyễn Phúc",
        "path": "Nguyễn Phúc, Yên Bái, Yên Bái",
        "path_with_type": "Phường Nguyễn Phúc, Thành phố Yên Bái, Tỉnh Yên Bái",
        "code": "04264",
        "parent_code": "132"
    },
    "04267": {
        "name": "Hồng Hà",
        "type": "phuong",
        "slug": "hong-ha",
        "name_with_type": "Phường Hồng Hà",
        "path": "Hồng Hà, Yên Bái, Yên Bái",
        "path_with_type": "Phường Hồng Hà, Thành phố Yên Bái, Tỉnh Yên Bái",
        "code": "04267",
        "parent_code": "132"
    },
    "04270": {
        "name": "Minh Bảo",
        "type": "xa",
        "slug": "minh-bao",
        "name_with_type": "Xã Minh Bảo",
        "path": "Minh Bảo, Yên Bái, Yên Bái",
        "path_with_type": "Xã Minh Bảo, Thành phố Yên Bái, Tỉnh Yên Bái",
        "code": "04270",
        "parent_code": "132"
    },
    "04273": {
        "name": "Nam Cường",
        "type": "phuong",
        "slug": "nam-cuong",
        "name_with_type": "Phường Nam Cường",
        "path": "Nam Cường, Yên Bái, Yên Bái",
        "path_with_type": "Phường Nam Cường, Thành phố Yên Bái, Tỉnh Yên Bái",
        "code": "04273",
        "parent_code": "132"
    },
    "04276": {
        "name": "Tuy Lộc",
        "type": "xa",
        "slug": "tuy-loc",
        "name_with_type": "Xã Tuy Lộc",
        "path": "Tuy Lộc, Yên Bái, Yên Bái",
        "path_with_type": "Xã Tuy Lộc, Thành phố Yên Bái, Tỉnh Yên Bái",
        "code": "04276",
        "parent_code": "132"
    },
    "04279": {
        "name": "Tân Thịnh",
        "type": "xa",
        "slug": "tan-thinh",
        "name_with_type": "Xã Tân Thịnh",
        "path": "Tân Thịnh, Yên Bái, Yên Bái",
        "path_with_type": "Xã Tân Thịnh, Thành phố Yên Bái, Tỉnh Yên Bái",
        "code": "04279",
        "parent_code": "132"
    },
    "04540": {
        "name": "Âu Lâu",
        "type": "xa",
        "slug": "au-lau",
        "name_with_type": "Xã Âu Lâu",
        "path": "Âu Lâu, Yên Bái, Yên Bái",
        "path_with_type": "Xã Âu Lâu, Thành phố Yên Bái, Tỉnh Yên Bái",
        "code": "04540",
        "parent_code": "132"
    },
    "04543": {
        "name": "Giới Phiên",
        "type": "xa",
        "slug": "gioi-phien",
        "name_with_type": "Xã Giới Phiên",
        "path": "Giới Phiên, Yên Bái, Yên Bái",
        "path_with_type": "Xã Giới Phiên, Thành phố Yên Bái, Tỉnh Yên Bái",
        "code": "04543",
        "parent_code": "132"
    },
    "04546": {
        "name": "Hợp Minh",
        "type": "phuong",
        "slug": "hop-minh",
        "name_with_type": "Phường Hợp Minh",
        "path": "Hợp Minh, Yên Bái, Yên Bái",
        "path_with_type": "Phường Hợp Minh, Thành phố Yên Bái, Tỉnh Yên Bái",
        "code": "04546",
        "parent_code": "132"
    },
    "04558": {
        "name": "Văn Phú",
        "type": "xa",
        "slug": "van-phu",
        "name_with_type": "Xã Văn Phú",
        "path": "Văn Phú, Yên Bái, Yên Bái",
        "path_with_type": "Xã Văn Phú, Thành phố Yên Bái, Tỉnh Yên Bái",
        "code": "04558",
        "parent_code": "132"
    }
}