{
    "04282": {
        "name": "Pú Trạng",
        "type": "phuong",
        "slug": "pu-trang",
        "name_with_type": "Phường Pú Trạng",
        "path": "Pú Trạng, Nghĩa Lộ, Yên Bái",
        "path_with_type": "Phường Pú Trạng, Thị xã Nghĩa Lộ, Tỉnh Yên Bái",
        "code": "04282",
        "parent_code": "133"
    },
    "04285": {
        "name": "Trung Tâm",
        "type": "phuong",
        "slug": "trung-tam",
        "name_with_type": "Phường Trung Tâm",
        "path": "Trung Tâm, Nghĩa Lộ, Yên Bái",
        "path_with_type": "Phường Trung Tâm, Thị xã Nghĩa Lộ, Tỉnh Yên Bái",
        "code": "04285",
        "parent_code": "133"
    },
    "04288": {
        "name": "Tân An",
        "type": "phuong",
        "slug": "tan-an",
        "name_with_type": "Phường Tân An",
        "path": "Tân An, Nghĩa Lộ, Yên Bái",
        "path_with_type": "Phường Tân An, Thị xã Nghĩa Lộ, Tỉnh Yên Bái",
        "code": "04288",
        "parent_code": "133"
    },
    "04291": {
        "name": "Cầu Thia",
        "type": "phuong",
        "slug": "cau-thia",
        "name_with_type": "Phường Cầu Thia",
        "path": "Cầu Thia, Nghĩa Lộ, Yên Bái",
        "path_with_type": "Phường Cầu Thia, Thị xã Nghĩa Lộ, Tỉnh Yên Bái",
        "code": "04291",
        "parent_code": "133"
    },
    "04294": {
        "name": "Nghĩa Lợi",
        "type": "xa",
        "slug": "nghia-loi",
        "name_with_type": "Xã Nghĩa Lợi",
        "path": "Nghĩa Lợi, Nghĩa Lộ, Yên Bái",
        "path_with_type": "Xã Nghĩa Lợi, Thị xã Nghĩa Lộ, Tỉnh Yên Bái",
        "code": "04294",
        "parent_code": "133"
    },
    "04297": {
        "name": "Nghĩa Phúc",
        "type": "xa",
        "slug": "nghia-phuc",
        "name_with_type": "Xã Nghĩa Phúc",
        "path": "Nghĩa Phúc, Nghĩa Lộ, Yên Bái",
        "path_with_type": "Xã Nghĩa Phúc, Thị xã Nghĩa Lộ, Tỉnh Yên Bái",
        "code": "04297",
        "parent_code": "133"
    },
    "04300": {
        "name": "Nghĩa An",
        "type": "xa",
        "slug": "nghia-an",
        "name_with_type": "Xã Nghĩa An",
        "path": "Nghĩa An, Nghĩa Lộ, Yên Bái",
        "path_with_type": "Xã Nghĩa An, Thị xã Nghĩa Lộ, Tỉnh Yên Bái",
        "code": "04300",
        "parent_code": "133"
    },
    "04624": {
        "name": "Nghĩa Lộ",
        "type": "xa",
        "slug": "nghia-lo",
        "name_with_type": "Xã Nghĩa Lộ",
        "path": "Nghĩa Lộ, Nghĩa Lộ, Yên Bái",
        "path_with_type": "Xã Nghĩa Lộ, Thị xã Nghĩa Lộ, Tỉnh Yên Bái",
        "code": "04624",
        "parent_code": "133"
    },
    "04660": {
        "name": "Sơn A",
        "type": "xa",
        "slug": "son-a",
        "name_with_type": "Xã Sơn A",
        "path": "Sơn A, Nghĩa Lộ, Yên Bái",
        "path_with_type": "Xã Sơn A, Thị xã Nghĩa Lộ, Tỉnh Yên Bái",
        "code": "04660",
        "parent_code": "133"
    },
    "04663": {
        "name": "Phù Nham",
        "type": "xa",
        "slug": "phu-nham",
        "name_with_type": "Xã Phù Nham",
        "path": "Phù Nham, Nghĩa Lộ, Yên Bái",
        "path_with_type": "Xã Phù Nham, Thị xã Nghĩa Lộ, Tỉnh Yên Bái",
        "code": "04663",
        "parent_code": "133"
    },
    "04675": {
        "name": "Thanh Lương",
        "type": "xa",
        "slug": "thanh-luong",
        "name_with_type": "Xã Thanh Lương",
        "path": "Thanh Lương, Nghĩa Lộ, Yên Bái",
        "path_with_type": "Xã Thanh Lương, Thị xã Nghĩa Lộ, Tỉnh Yên Bái",
        "code": "04675",
        "parent_code": "133"
    },
    "04678": {
        "name": "Hạnh Sơn",
        "type": "xa",
        "slug": "hanh-son",
        "name_with_type": "Xã Hạnh Sơn",
        "path": "Hạnh Sơn, Nghĩa Lộ, Yên Bái",
        "path_with_type": "Xã Hạnh Sơn, Thị xã Nghĩa Lộ, Tỉnh Yên Bái",
        "code": "04678",
        "parent_code": "133"
    },
    "04681": {
        "name": "Phúc Sơn",
        "type": "xa",
        "slug": "phuc-son",
        "name_with_type": "Xã Phúc Sơn",
        "path": "Phúc Sơn, Nghĩa Lộ, Yên Bái",
        "path_with_type": "Xã Phúc Sơn, Thị xã Nghĩa Lộ, Tỉnh Yên Bái",
        "code": "04681",
        "parent_code": "133"
    },
    "04684": {
        "name": "Thạch Lương",
        "type": "xa",
        "slug": "thach-luong",
        "name_with_type": "Xã Thạch Lương",
        "path": "Thạch Lương, Nghĩa Lộ, Yên Bái",
        "path_with_type": "Xã Thạch Lương, Thị xã Nghĩa Lộ, Tỉnh Yên Bái",
        "code": "04684",
        "parent_code": "133"
    }
}