{
    "04585": {
        "name": "Trạm Tấu",
        "type": "thi-tran",
        "slug": "tram-tau",
        "name_with_type": "Thị trấn Trạm Tấu",
        "path": "Trạm Tấu, Trạm Tấu, Yên Bái",
        "path_with_type": "Thị trấn Trạm Tấu, Huyện Trạm Tấu, Tỉnh Yên Bái",
        "code": "04585",
        "parent_code": "139"
    },
    "04588": {
        "name": "Túc Đán",
        "type": "xa",
        "slug": "tuc-dan",
        "name_with_type": "Xã Túc Đán",
        "path": "Túc Đán, Trạm Tấu, Yên Bái",
        "path_with_type": "Xã Túc Đán, Huyện Trạm Tấu, Tỉnh Yên Bái",
        "code": "04588",
        "parent_code": "139"
    },
    "04591": {
        "name": "Pá Lau",
        "type": "xa",
        "slug": "pa-lau",
        "name_with_type": "Xã Pá Lau",
        "path": "Pá Lau, Trạm Tấu, Yên Bái",
        "path_with_type": "Xã Pá Lau, Huyện Trạm Tấu, Tỉnh Yên Bái",
        "code": "04591",
        "parent_code": "139"
    },
    "04594": {
        "name": "Xà Hồ",
        "type": "xa",
        "slug": "xa-ho",
        "name_with_type": "Xã Xà Hồ",
        "path": "Xà Hồ, Trạm Tấu, Yên Bái",
        "path_with_type": "Xã Xà Hồ, Huyện Trạm Tấu, Tỉnh Yên Bái",
        "code": "04594",
        "parent_code": "139"
    },
    "04597": {
        "name": "Phình Hồ",
        "type": "xa",
        "slug": "phinh-ho",
        "name_with_type": "Xã Phình Hồ",
        "path": "Phình Hồ, Trạm Tấu, Yên Bái",
        "path_with_type": "Xã Phình Hồ, Huyện Trạm Tấu, Tỉnh Yên Bái",
        "code": "04597",
        "parent_code": "139"
    },
    "04600": {
        "name": "Trạm Tấu",
        "type": "xa",
        "slug": "tram-tau",
        "name_with_type": "Xã Trạm Tấu",
        "path": "Trạm Tấu, Trạm Tấu, Yên Bái",
        "path_with_type": "Xã Trạm Tấu, Huyện Trạm Tấu, Tỉnh Yên Bái",
        "code": "04600",
        "parent_code": "139"
    },
    "04603": {
        "name": "Tà Si Láng",
        "type": "xa",
        "slug": "ta-si-lang",
        "name_with_type": "Xã Tà Si Láng",
        "path": "Tà Si Láng, Trạm Tấu, Yên Bái",
        "path_with_type": "Xã Tà Si Láng, Huyện Trạm Tấu, Tỉnh Yên Bái",
        "code": "04603",
        "parent_code": "139"
    },
    "04606": {
        "name": "Pá Hu",
        "type": "xa",
        "slug": "pa-hu",
        "name_with_type": "Xã Pá Hu",
        "path": "Pá Hu, Trạm Tấu, Yên Bái",
        "path_with_type": "Xã Pá Hu, Huyện Trạm Tấu, Tỉnh Yên Bái",
        "code": "04606",
        "parent_code": "139"
    },
    "04609": {
        "name": "Làng Nhì",
        "type": "xa",
        "slug": "lang-nhi",
        "name_with_type": "Xã Làng Nhì",
        "path": "Làng Nhì, Trạm Tấu, Yên Bái",
        "path_with_type": "Xã Làng Nhì, Huyện Trạm Tấu, Tỉnh Yên Bái",
        "code": "04609",
        "parent_code": "139"
    },
    "04612": {
        "name": "Bản Công",
        "type": "xa",
        "slug": "ban-cong",
        "name_with_type": "Xã Bản Công",
        "path": "Bản Công, Trạm Tấu, Yên Bái",
        "path_with_type": "Xã Bản Công, Huyện Trạm Tấu, Tỉnh Yên Bái",
        "code": "04612",
        "parent_code": "139"
    },
    "04615": {
        "name": "Bản Mù",
        "type": "xa",
        "slug": "ban-mu",
        "name_with_type": "Xã Bản Mù",
        "path": "Bản Mù, Trạm Tấu, Yên Bái",
        "path_with_type": "Xã Bản Mù, Huyện Trạm Tấu, Tỉnh Yên Bái",
        "code": "04615",
        "parent_code": "139"
    },
    "04618": {
        "name": "Hát Lìu",
        "type": "xa",
        "slug": "hat-liu",
        "name_with_type": "Xã Hát Lìu",
        "path": "Hát Lìu, Trạm Tấu, Yên Bái",
        "path_with_type": "Xã Hát Lìu, Huyện Trạm Tấu, Tỉnh Yên Bái",
        "code": "04618",
        "parent_code": "139"
    }
}