{
    "04714": {
        "name": "Yên Bình",
        "type": "thi-tran",
        "slug": "yen-binh",
        "name_with_type": "Thị trấn Yên Bình",
        "path": "Yên Bình, Yên Bình, Yên Bái",
        "path_with_type": "Thị trấn Yên Bình, Huyện Yên Bình, Tỉnh Yên Bái",
        "code": "04714",
        "parent_code": "141"
    },
    "04717": {
        "name": "Thác Bà",
        "type": "thi-tran",
        "slug": "thac-ba",
        "name_with_type": "Thị trấn Thác Bà",
        "path": "Thác Bà, Yên Bình, Yên Bái",
        "path_with_type": "Thị trấn Thác Bà, Huyện Yên Bình, Tỉnh Yên Bái",
        "code": "04717",
        "parent_code": "141"
    },
    "04720": {
        "name": "Xuân Long",
        "type": "xa",
        "slug": "xuan-long",
        "name_with_type": "Xã Xuân Long",
        "path": "Xuân Long, Yên Bình, Yên Bái",
        "path_with_type": "Xã Xuân Long, Huyện Yên Bình, Tỉnh Yên Bái",
        "code": "04720",
        "parent_code": "141"
    },
    "04726": {
        "name": "Cảm Nhân",
        "type": "xa",
        "slug": "cam-nhan",
        "name_with_type": "Xã Cảm Nhân",
        "path": "Cảm Nhân, Yên Bình, Yên Bái",
        "path_with_type": "Xã Cảm Nhân, Huyện Yên Bình, Tỉnh Yên Bái",
        "code": "04726",
        "parent_code": "141"
    },
    "04729": {
        "name": "Ngọc Chấn",
        "type": "xa",
        "slug": "ngoc-chan",
        "name_with_type": "Xã Ngọc Chấn",
        "path": "Ngọc Chấn, Yên Bình, Yên Bái",
        "path_with_type": "Xã Ngọc Chấn, Huyện Yên Bình, Tỉnh Yên Bái",
        "code": "04729",
        "parent_code": "141"
    },
    "04732": {
        "name": "Tân Nguyên",
        "type": "xa",
        "slug": "tan-nguyen",
        "name_with_type": "Xã Tân Nguyên",
        "path": "Tân Nguyên, Yên Bình, Yên Bái",
        "path_with_type": "Xã Tân Nguyên, Huyện Yên Bình, Tỉnh Yên Bái",
        "code": "04732",
        "parent_code": "141"
    },
    "04735": {
        "name": "Phúc Ninh",
        "type": "xa",
        "slug": "phuc-ninh",
        "name_with_type": "Xã Phúc Ninh",
        "path": "Phúc Ninh, Yên Bình, Yên Bái",
        "path_with_type": "Xã Phúc Ninh, Huyện Yên Bình, Tỉnh Yên Bái",
        "code": "04735",
        "parent_code": "141"
    },
    "04738": {
        "name": "Bảo Ái",
        "type": "xa",
        "slug": "bao-ai",
        "name_with_type": "Xã Bảo Ái",
        "path": "Bảo Ái, Yên Bình, Yên Bái",
        "path_with_type": "Xã Bảo Ái, Huyện Yên Bình, Tỉnh Yên Bái",
        "code": "04738",
        "parent_code": "141"
    },
    "04741": {
        "name": "Mỹ Gia",
        "type": "xa",
        "slug": "my-gia",
        "name_with_type": "Xã Mỹ Gia",
        "path": "Mỹ Gia, Yên Bình, Yên Bái",
        "path_with_type": "Xã Mỹ Gia, Huyện Yên Bình, Tỉnh Yên Bái",
        "code": "04741",
        "parent_code": "141"
    },
    "04744": {
        "name": "Xuân Lai",
        "type": "xa",
        "slug": "xuan-lai",
        "name_with_type": "Xã Xuân Lai",
        "path": "Xuân Lai, Yên Bình, Yên Bái",
        "path_with_type": "Xã Xuân Lai, Huyện Yên Bình, Tỉnh Yên Bái",
        "code": "04744",
        "parent_code": "141"
    },
    "04747": {
        "name": "Mông Sơn",
        "type": "xa",
        "slug": "mong-son",
        "name_with_type": "Xã Mông Sơn",
        "path": "Mông Sơn, Yên Bình, Yên Bái",
        "path_with_type": "Xã Mông Sơn, Huyện Yên Bình, Tỉnh Yên Bái",
        "code": "04747",
        "parent_code": "141"
    },
    "04750": {
        "name": "Cảm Ân",
        "type": "xa",
        "slug": "cam-an",
        "name_with_type": "Xã Cảm Ân",
        "path": "Cảm Ân, Yên Bình, Yên Bái",
        "path_with_type": "Xã Cảm Ân, Huyện Yên Bình, Tỉnh Yên Bái",
        "code": "04750",
        "parent_code": "141"
    },
    "04753": {
        "name": "Yên Thành",
        "type": "xa",
        "slug": "yen-thanh",
        "name_with_type": "Xã Yên Thành",
        "path": "Yên Thành, Yên Bình, Yên Bái",
        "path_with_type": "Xã Yên Thành, Huyện Yên Bình, Tỉnh Yên Bái",
        "code": "04753",
        "parent_code": "141"
    },
    "04756": {
        "name": "Tân Hương",
        "type": "xa",
        "slug": "tan-huong",
        "name_with_type": "Xã Tân Hương",
        "path": "Tân Hương, Yên Bình, Yên Bái",
        "path_with_type": "Xã Tân Hương, Huyện Yên Bình, Tỉnh Yên Bái",
        "code": "04756",
        "parent_code": "141"
    },
    "04759": {
        "name": "Phúc An",
        "type": "xa",
        "slug": "phuc-an",
        "name_with_type": "Xã Phúc An",
        "path": "Phúc An, Yên Bình, Yên Bái",
        "path_with_type": "Xã Phúc An, Huyện Yên Bình, Tỉnh Yên Bái",
        "code": "04759",
        "parent_code": "141"
    },
    "04762": {
        "name": "Bạch Hà",
        "type": "xa",
        "slug": "bach-ha",
        "name_with_type": "Xã Bạch Hà",
        "path": "Bạch Hà, Yên Bình, Yên Bái",
        "path_with_type": "Xã Bạch Hà, Huyện Yên Bình, Tỉnh Yên Bái",
        "code": "04762",
        "parent_code": "141"
    },
    "04765": {
        "name": "Vũ Linh",
        "type": "xa",
        "slug": "vu-linh",
        "name_with_type": "Xã Vũ Linh",
        "path": "Vũ Linh, Yên Bình, Yên Bái",
        "path_with_type": "Xã Vũ Linh, Huyện Yên Bình, Tỉnh Yên Bái",
        "code": "04765",
        "parent_code": "141"
    },
    "04768": {
        "name": "Đại Đồng",
        "type": "xa",
        "slug": "dai-dong",
        "name_with_type": "Xã Đại Đồng",
        "path": "Đại Đồng, Yên Bình, Yên Bái",
        "path_with_type": "Xã Đại Đồng, Huyện Yên Bình, Tỉnh Yên Bái",
        "code": "04768",
        "parent_code": "141"
    },
    "04771": {
        "name": "Vĩnh Kiên",
        "type": "xa",
        "slug": "vinh-kien",
        "name_with_type": "Xã Vĩnh Kiên",
        "path": "Vĩnh Kiên, Yên Bình, Yên Bái",
        "path_with_type": "Xã Vĩnh Kiên, Huyện Yên Bình, Tỉnh Yên Bái",
        "code": "04771",
        "parent_code": "141"
    },
    "04774": {
        "name": "Yên Bình",
        "type": "xa",
        "slug": "yen-binh",
        "name_with_type": "Xã Yên Bình",
        "path": "Yên Bình, Yên Bình, Yên Bái",
        "path_with_type": "Xã Yên Bình, Huyện Yên Bình, Tỉnh Yên Bái",
        "code": "04774",
        "parent_code": "141"
    },
    "04777": {
        "name": "Thịnh Hưng",
        "type": "xa",
        "slug": "thinh-hung",
        "name_with_type": "Xã Thịnh Hưng",
        "path": "Thịnh Hưng, Yên Bình, Yên Bái",
        "path_with_type": "Xã Thịnh Hưng, Huyện Yên Bình, Tỉnh Yên Bái",
        "code": "04777",
        "parent_code": "141"
    },
    "04780": {
        "name": "Hán Đà",
        "type": "xa",
        "slug": "han-da",
        "name_with_type": "Xã Hán Đà",
        "path": "Hán Đà, Yên Bình, Yên Bái",
        "path_with_type": "Xã Hán Đà, Huyện Yên Bình, Tỉnh Yên Bái",
        "code": "04780",
        "parent_code": "141"
    },
    "04783": {
        "name": "Phú Thịnh",
        "type": "xa",
        "slug": "phu-thinh",
        "name_with_type": "Xã Phú Thịnh",
        "path": "Phú Thịnh, Yên Bình, Yên Bái",
        "path_with_type": "Xã Phú Thịnh, Huyện Yên Bình, Tỉnh Yên Bái",
        "code": "04783",
        "parent_code": "141"
    },
    "04786": {
        "name": "Đại Minh",
        "type": "xa",
        "slug": "dai-minh",
        "name_with_type": "Xã Đại Minh",
        "path": "Đại Minh, Yên Bình, Yên Bái",
        "path_with_type": "Xã Đại Minh, Huyện Yên Bình, Tỉnh Yên Bái",
        "code": "04786",
        "parent_code": "141"
    }
}