{
    "04789": {
        "name": "Thái Bình",
        "type": "phuong",
        "slug": "thai-binh",
        "name_with_type": "Phường Thái Bình",
        "path": "Thái Bình, Hòa Bình, Hoà Bình",
        "path_with_type": "Phường Thái Bình, Thành phố Hòa Bình, Tỉnh Hoà Bình",
        "code": "04789",
        "parent_code": "148"
    },
    "04792": {
        "name": "Tân Hòa",
        "type": "phuong",
        "slug": "tan-hoa",
        "name_with_type": "Phường Tân Hòa",
        "path": "Tân Hòa, Hòa Bình, Hoà Bình",
        "path_with_type": "Phường Tân Hòa, Thành phố Hòa Bình, Tỉnh Hoà Bình",
        "code": "04792",
        "parent_code": "148"
    },
    "04795": {
        "name": "Thịnh Lang",
        "type": "phuong",
        "slug": "thinh-lang",
        "name_with_type": "Phường Thịnh Lang",
        "path": "Thịnh Lang, Hòa Bình, Hoà Bình",
        "path_with_type": "Phường Thịnh Lang, Thành phố Hòa Bình, Tỉnh Hoà Bình",
        "code": "04795",
        "parent_code": "148"
    },
    "04798": {
        "name": "Hữu Nghị",
        "type": "phuong",
        "slug": "huu-nghi",
        "name_with_type": "Phường Hữu Nghị",
        "path": "Hữu Nghị, Hòa Bình, Hoà Bình",
        "path_with_type": "Phường Hữu Nghị, Thành phố Hòa Bình, Tỉnh Hoà Bình",
        "code": "04798",
        "parent_code": "148"
    },
    "04801": {
        "name": "Tân Thịnh",
        "type": "phuong",
        "slug": "tan-thinh",
        "name_with_type": "Phường Tân Thịnh",
        "path": "Tân Thịnh, Hòa Bình, Hoà Bình",
        "path_with_type": "Phường Tân Thịnh, Thành phố Hòa Bình, Tỉnh Hoà Bình",
        "code": "04801",
        "parent_code": "148"
    },
    "04804": {
        "name": "Đồng Tiến",
        "type": "phuong",
        "slug": "dong-tien",
        "name_with_type": "Phường Đồng Tiến",
        "path": "Đồng Tiến, Hòa Bình, Hoà Bình",
        "path_with_type": "Phường Đồng Tiến, Thành phố Hòa Bình, Tỉnh Hoà Bình",
        "code": "04804",
        "parent_code": "148"
    },
    "04807": {
        "name": "Phương Lâm",
        "type": "phuong",
        "slug": "phuong-lam",
        "name_with_type": "Phường Phương Lâm",
        "path": "Phương Lâm, Hòa Bình, Hoà Bình",
        "path_with_type": "Phường Phương Lâm, Thành phố Hòa Bình, Tỉnh Hoà Bình",
        "code": "04807",
        "parent_code": "148"
    },
    "04813": {
        "name": "Yên Mông",
        "type": "xa",
        "slug": "yen-mong",
        "name_with_type": "Xã Yên Mông",
        "path": "Yên Mông, Hòa Bình, Hoà Bình",
        "path_with_type": "Xã Yên Mông, Thành phố Hòa Bình, Tỉnh Hoà Bình",
        "code": "04813",
        "parent_code": "148"
    },
    "04816": {
        "name": "Quỳnh Lâm",
        "type": "phuong",
        "slug": "quynh-lam",
        "name_with_type": "Phường Quỳnh Lâm",
        "path": "Quỳnh Lâm, Hòa Bình, Hoà Bình",
        "path_with_type": "Phường Quỳnh Lâm, Thành phố Hòa Bình, Tỉnh Hoà Bình",
        "code": "04816",
        "parent_code": "148"
    },
    "04819": {
        "name": "Dân Chủ",
        "type": "phuong",
        "slug": "dan-chu",
        "name_with_type": "Phường Dân Chủ",
        "path": "Dân Chủ, Hòa Bình, Hoà Bình",
        "path_with_type": "Phường Dân Chủ, Thành phố Hòa Bình, Tỉnh Hoà Bình",
        "code": "04819",
        "parent_code": "148"
    },
    "04825": {
        "name": "Hòa Bình",
        "type": "xa",
        "slug": "hoa-binh",
        "name_with_type": "Xã Hòa Bình",
        "path": "Hòa Bình, Hòa Bình, Hoà Bình",
        "path_with_type": "Xã Hòa Bình, Thành phố Hòa Bình, Tỉnh Hoà Bình",
        "code": "04825",
        "parent_code": "148"
    },
    "04828": {
        "name": "Thống Nhất",
        "type": "phuong",
        "slug": "thong-nhat",
        "name_with_type": "Phường Thống Nhất",
        "path": "Thống Nhất, Hòa Bình, Hoà Bình",
        "path_with_type": "Phường Thống Nhất, Thành phố Hòa Bình, Tỉnh Hoà Bình",
        "code": "04828",
        "parent_code": "148"
    },
    "04894": {
        "name": "Kỳ Sơn",
        "type": "phuong",
        "slug": "ky-son",
        "name_with_type": "Phường Kỳ Sơn",
        "path": "Kỳ Sơn, Hòa Bình, Hoà Bình",
        "path_with_type": "Phường Kỳ Sơn, Thành phố Hòa Bình, Tỉnh Hoà Bình",
        "code": "04894",
        "parent_code": "148"
    },
    "04897": {
        "name": "Thịnh Minh",
        "type": "xa",
        "slug": "thinh-minh",
        "name_with_type": "Xã Thịnh Minh",
        "path": "Thịnh Minh, Hòa Bình, Hoà Bình",
        "path_with_type": "Xã Thịnh Minh, Thành phố Hòa Bình, Tỉnh Hoà Bình",
        "code": "04897",
        "parent_code": "148"
    },
    "04903": {
        "name": "Hợp Thành",
        "type": "xa",
        "slug": "hop-thanh",
        "name_with_type": "Xã Hợp Thành",
        "path": "Hợp Thành, Hòa Bình, Hoà Bình",
        "path_with_type": "Xã Hợp Thành, Thành phố Hòa Bình, Tỉnh Hoà Bình",
        "code": "04903",
        "parent_code": "148"
    },
    "04906": {
        "name": "Quang Tiến",
        "type": "xa",
        "slug": "quang-tien",
        "name_with_type": "Xã Quang Tiến",
        "path": "Quang Tiến, Hòa Bình, Hoà Bình",
        "path_with_type": "Xã Quang Tiến, Thành phố Hòa Bình, Tỉnh Hoà Bình",
        "code": "04906",
        "parent_code": "148"
    },
    "04912": {
        "name": "Mông Hóa",
        "type": "xa",
        "slug": "mong-hoa",
        "name_with_type": "Xã Mông Hóa",
        "path": "Mông Hóa, Hòa Bình, Hoà Bình",
        "path_with_type": "Xã Mông Hóa, Thành phố Hòa Bình, Tỉnh Hoà Bình",
        "code": "04912",
        "parent_code": "148"
    },
    "04918": {
        "name": "Trung Minh",
        "type": "phuong",
        "slug": "trung-minh",
        "name_with_type": "Phường Trung Minh",
        "path": "Trung Minh, Hòa Bình, Hoà Bình",
        "path_with_type": "Phường Trung Minh, Thành phố Hòa Bình, Tỉnh Hoà Bình",
        "code": "04918",
        "parent_code": "148"
    },
    "04921": {
        "name": "Độc Lập",
        "type": "xa",
        "slug": "doc-lap",
        "name_with_type": "Xã Độc Lập",
        "path": "Độc Lập, Hòa Bình, Hoà Bình",
        "path_with_type": "Xã Độc Lập, Thành phố Hòa Bình, Tỉnh Hoà Bình",
        "code": "04921",
        "parent_code": "148"
    }
}