{
    "04831": {
        "name": "Đà Bắc",
        "type": "thi-tran",
        "slug": "da-bac",
        "name_with_type": "Thị trấn Đà Bắc",
        "path": "Đà Bắc, Đà Bắc, Hoà Bình",
        "path_with_type": "Thị trấn Đà Bắc, Huyện Đà Bắc, Tỉnh Hoà Bình",
        "code": "04831",
        "parent_code": "150"
    },
    "04834": {
        "name": "Nánh Nghê",
        "type": "xa",
        "slug": "nanh-nghe",
        "name_with_type": "Xã Nánh Nghê",
        "path": "Nánh Nghê, Đà Bắc, Hoà Bình",
        "path_with_type": "Xã Nánh Nghê, Huyện Đà Bắc, Tỉnh Hoà Bình",
        "code": "04834",
        "parent_code": "150"
    },
    "04840": {
        "name": "Giáp Đắt",
        "type": "xa",
        "slug": "giap-dat",
        "name_with_type": "Xã Giáp Đắt",
        "path": "Giáp Đắt, Đà Bắc, Hoà Bình",
        "path_with_type": "Xã Giáp Đắt, Huyện Đà Bắc, Tỉnh Hoà Bình",
        "code": "04840",
        "parent_code": "150"
    },
    "04846": {
        "name": "Mường Chiềng",
        "type": "xa",
        "slug": "muong-chieng",
        "name_with_type": "Xã Mường Chiềng",
        "path": "Mường Chiềng, Đà Bắc, Hoà Bình",
        "path_with_type": "Xã Mường Chiềng, Huyện Đà Bắc, Tỉnh Hoà Bình",
        "code": "04846",
        "parent_code": "150"
    },
    "04849": {
        "name": "Tân Pheo",
        "type": "xa",
        "slug": "tan-pheo",
        "name_with_type": "Xã Tân Pheo",
        "path": "Tân Pheo, Đà Bắc, Hoà Bình",
        "path_with_type": "Xã Tân Pheo, Huyện Đà Bắc, Tỉnh Hoà Bình",
        "code": "04849",
        "parent_code": "150"
    },
    "04852": {
        "name": "Đồng Chum",
        "type": "xa",
        "slug": "dong-chum",
        "name_with_type": "Xã Đồng Chum",
        "path": "Đồng Chum, Đà Bắc, Hoà Bình",
        "path_with_type": "Xã Đồng Chum, Huyện Đà Bắc, Tỉnh Hoà Bình",
        "code": "04852",
        "parent_code": "150"
    },
    "04855": {
        "name": "Tân Minh",
        "type": "xa",
        "slug": "tan-minh",
        "name_with_type": "Xã Tân Minh",
        "path": "Tân Minh, Đà Bắc, Hoà Bình",
        "path_with_type": "Xã Tân Minh, Huyện Đà Bắc, Tỉnh Hoà Bình",
        "code": "04855",
        "parent_code": "150"
    },
    "04858": {
        "name": "Đoàn Kết",
        "type": "xa",
        "slug": "doan-ket",
        "name_with_type": "Xã Đoàn Kết",
        "path": "Đoàn Kết, Đà Bắc, Hoà Bình",
        "path_with_type": "Xã Đoàn Kết, Huyện Đà Bắc, Tỉnh Hoà Bình",
        "code": "04858",
        "parent_code": "150"
    },
    "04861": {
        "name": "Đồng Ruộng",
        "type": "xa",
        "slug": "dong-ruong",
        "name_with_type": "Xã Đồng Ruộng",
        "path": "Đồng Ruộng, Đà Bắc, Hoà Bình",
        "path_with_type": "Xã Đồng Ruộng, Huyện Đà Bắc, Tỉnh Hoà Bình",
        "code": "04861",
        "parent_code": "150"
    },
    "04867": {
        "name": "Tú Lý",
        "type": "xa",
        "slug": "tu-ly",
        "name_with_type": "Xã Tú Lý",
        "path": "Tú Lý, Đà Bắc, Hoà Bình",
        "path_with_type": "Xã Tú Lý, Huyện Đà Bắc, Tỉnh Hoà Bình",
        "code": "04867",
        "parent_code": "150"
    },
    "04870": {
        "name": "Trung Thành",
        "type": "xa",
        "slug": "trung-thanh",
        "name_with_type": "Xã Trung Thành",
        "path": "Trung Thành, Đà Bắc, Hoà Bình",
        "path_with_type": "Xã Trung Thành, Huyện Đà Bắc, Tỉnh Hoà Bình",
        "code": "04870",
        "parent_code": "150"
    },
    "04873": {
        "name": "Yên Hòa",
        "type": "xa",
        "slug": "yen-hoa",
        "name_with_type": "Xã Yên Hòa",
        "path": "Yên Hòa, Đà Bắc, Hoà Bình",
        "path_with_type": "Xã Yên Hòa, Huyện Đà Bắc, Tỉnh Hoà Bình",
        "code": "04873",
        "parent_code": "150"
    },
    "04876": {
        "name": "Cao Sơn",
        "type": "xa",
        "slug": "cao-son",
        "name_with_type": "Xã Cao Sơn",
        "path": "Cao Sơn, Đà Bắc, Hoà Bình",
        "path_with_type": "Xã Cao Sơn, Huyện Đà Bắc, Tỉnh Hoà Bình",
        "code": "04876",
        "parent_code": "150"
    },
    "04879": {
        "name": "Toàn Sơn",
        "type": "xa",
        "slug": "toan-son",
        "name_with_type": "Xã Toàn Sơn",
        "path": "Toàn Sơn, Đà Bắc, Hoà Bình",
        "path_with_type": "Xã Toàn Sơn, Huyện Đà Bắc, Tỉnh Hoà Bình",
        "code": "04879",
        "parent_code": "150"
    },
    "04885": {
        "name": "Hiền Lương",
        "type": "xa",
        "slug": "hien-luong",
        "name_with_type": "Xã Hiền Lương",
        "path": "Hiền Lương, Đà Bắc, Hoà Bình",
        "path_with_type": "Xã Hiền Lương, Huyện Đà Bắc, Tỉnh Hoà Bình",
        "code": "04885",
        "parent_code": "150"
    },
    "04888": {
        "name": "Tiền Phong",
        "type": "xa",
        "slug": "tien-phong",
        "name_with_type": "Xã Tiền Phong",
        "path": "Tiền Phong, Đà Bắc, Hoà Bình",
        "path_with_type": "Xã Tiền Phong, Huyện Đà Bắc, Tỉnh Hoà Bình",
        "code": "04888",
        "parent_code": "150"
    },
    "04891": {
        "name": "Vầy Nưa",
        "type": "xa",
        "slug": "vay-nua",
        "name_with_type": "Xã Vầy Nưa",
        "path": "Vầy Nưa, Đà Bắc, Hoà Bình",
        "path_with_type": "Xã Vầy Nưa, Huyện Đà Bắc, Tỉnh Hoà Bình",
        "code": "04891",
        "parent_code": "150"
    }
}