{
    "04894": {
        "name": "Kỳ Sơn",
        "type": "thi-tran",
        "slug": "ky-son",
        "name_with_type": "Thị trấn Kỳ Sơn",
        "path": "Kỳ Sơn, Kỳ Sơn, Hoà Bình",
        "path_with_type": "Thị trấn Kỳ Sơn, Huyện Kỳ Sơn, Tỉnh Hoà Bình",
        "code": "04894",
        "parent_code": "151"
    },
    "04897": {
        "name": "Hợp Thịnh",
        "type": "xa",
        "slug": "hop-thinh",
        "name_with_type": "Xã Hợp Thịnh",
        "path": "Hợp Thịnh, Kỳ Sơn, Hoà Bình",
        "path_with_type": "Xã Hợp Thịnh, Huyện Kỳ Sơn, Tỉnh Hoà Bình",
        "code": "04897",
        "parent_code": "151"
    },
    "04900": {
        "name": "Phú Minh",
        "type": "xa",
        "slug": "phu-minh",
        "name_with_type": "Xã Phú Minh",
        "path": "Phú Minh, Kỳ Sơn, Hoà Bình",
        "path_with_type": "Xã Phú Minh, Huyện Kỳ Sơn, Tỉnh Hoà Bình",
        "code": "04900",
        "parent_code": "151"
    },
    "04903": {
        "name": "Hợp Thành",
        "type": "xa",
        "slug": "hop-thanh",
        "name_with_type": "Xã Hợp Thành",
        "path": "Hợp Thành, Kỳ Sơn, Hoà Bình",
        "path_with_type": "Xã Hợp Thành, Huyện Kỳ Sơn, Tỉnh Hoà Bình",
        "code": "04903",
        "parent_code": "151"
    },
    "04906": {
        "name": "Phúc Tiến",
        "type": "xa",
        "slug": "phuc-tien",
        "name_with_type": "Xã Phúc Tiến",
        "path": "Phúc Tiến, Kỳ Sơn, Hoà Bình",
        "path_with_type": "Xã Phúc Tiến, Huyện Kỳ Sơn, Tỉnh Hoà Bình",
        "code": "04906",
        "parent_code": "151"
    },
    "04909": {
        "name": "Dân Hòa",
        "type": "xa",
        "slug": "dan-hoa",
        "name_with_type": "Xã Dân Hòa",
        "path": "Dân Hòa, Kỳ Sơn, Hoà Bình",
        "path_with_type": "Xã Dân Hòa, Huyện Kỳ Sơn, Tỉnh Hoà Bình",
        "code": "04909",
        "parent_code": "151"
    },
    "04912": {
        "name": "Mông Hóa",
        "type": "xa",
        "slug": "mong-hoa",
        "name_with_type": "Xã Mông Hóa",
        "path": "Mông Hóa, Kỳ Sơn, Hoà Bình",
        "path_with_type": "Xã Mông Hóa, Huyện Kỳ Sơn, Tỉnh Hoà Bình",
        "code": "04912",
        "parent_code": "151"
    },
    "04915": {
        "name": "Dân Hạ",
        "type": "xa",
        "slug": "dan-ha",
        "name_with_type": "Xã Dân Hạ",
        "path": "Dân Hạ, Kỳ Sơn, Hoà Bình",
        "path_with_type": "Xã Dân Hạ, Huyện Kỳ Sơn, Tỉnh Hoà Bình",
        "code": "04915",
        "parent_code": "151"
    },
    "04921": {
        "name": "Độc Lập",
        "type": "xa",
        "slug": "doc-lap",
        "name_with_type": "Xã Độc Lập",
        "path": "Độc Lập, Kỳ Sơn, Hoà Bình",
        "path_with_type": "Xã Độc Lập, Huyện Kỳ Sơn, Tỉnh Hoà Bình",
        "code": "04921",
        "parent_code": "151"
    },
    "04933": {
        "name": "Yên Quang",
        "type": "xa",
        "slug": "yen-quang",
        "name_with_type": "Xã Yên Quang",
        "path": "Yên Quang, Kỳ Sơn, Hoà Bình",
        "path_with_type": "Xã Yên Quang, Huyện Kỳ Sơn, Tỉnh Hoà Bình",
        "code": "04933",
        "parent_code": "151"
    }
}