{
    "04978": {
        "name": "Bo",
        "type": "thi-tran",
        "slug": "bo",
        "name_with_type": "Thị trấn Bo",
        "path": "Bo, Kim Bôi, Hoà Bình",
        "path_with_type": "Thị trấn Bo, Huyện Kim Bôi, Tỉnh Hoà Bình",
        "code": "04978",
        "parent_code": "153"
    },
    "04984": {
        "name": "Đú Sáng",
        "type": "xa",
        "slug": "du-sang",
        "name_with_type": "Xã Đú Sáng",
        "path": "Đú Sáng, Kim Bôi, Hoà Bình",
        "path_with_type": "Xã Đú Sáng, Huyện Kim Bôi, Tỉnh Hoà Bình",
        "code": "04984",
        "parent_code": "153"
    },
    "04987": {
        "name": "Hùng Sơn",
        "type": "xa",
        "slug": "hung-son",
        "name_with_type": "Xã Hùng Sơn",
        "path": "Hùng Sơn, Kim Bôi, Hoà Bình",
        "path_with_type": "Xã Hùng Sơn, Huyện Kim Bôi, Tỉnh Hoà Bình",
        "code": "04987",
        "parent_code": "153"
    },
    "04990": {
        "name": "Bình Sơn",
        "type": "xa",
        "slug": "binh-son",
        "name_with_type": "Xã Bình Sơn",
        "path": "Bình Sơn, Kim Bôi, Hoà Bình",
        "path_with_type": "Xã Bình Sơn, Huyện Kim Bôi, Tỉnh Hoà Bình",
        "code": "04990",
        "parent_code": "153"
    },
    "04999": {
        "name": "Tú Sơn",
        "type": "xa",
        "slug": "tu-son",
        "name_with_type": "Xã Tú Sơn",
        "path": "Tú Sơn, Kim Bôi, Hoà Bình",
        "path_with_type": "Xã Tú Sơn, Huyện Kim Bôi, Tỉnh Hoà Bình",
        "code": "04999",
        "parent_code": "153"
    },
    "05005": {
        "name": "Vĩnh Tiến",
        "type": "xa",
        "slug": "vinh-tien",
        "name_with_type": "Xã Vĩnh Tiến",
        "path": "Vĩnh Tiến, Kim Bôi, Hoà Bình",
        "path_with_type": "Xã Vĩnh Tiến, Huyện Kim Bôi, Tỉnh Hoà Bình",
        "code": "05005",
        "parent_code": "153"
    },
    "05014": {
        "name": "Đông Bắc",
        "type": "xa",
        "slug": "dong-bac",
        "name_with_type": "Xã Đông Bắc",
        "path": "Đông Bắc, Kim Bôi, Hoà Bình",
        "path_with_type": "Xã Đông Bắc, Huyện Kim Bôi, Tỉnh Hoà Bình",
        "code": "05014",
        "parent_code": "153"
    },
    "05017": {
        "name": "Xuân Thủy",
        "type": "xa",
        "slug": "xuan-thuy",
        "name_with_type": "Xã Xuân Thủy",
        "path": "Xuân Thủy, Kim Bôi, Hoà Bình",
        "path_with_type": "Xã Xuân Thủy, Huyện Kim Bôi, Tỉnh Hoà Bình",
        "code": "05017",
        "parent_code": "153"
    },
    "05026": {
        "name": "Vĩnh Đồng",
        "type": "xa",
        "slug": "vinh-dong",
        "name_with_type": "Xã Vĩnh Đồng",
        "path": "Vĩnh Đồng, Kim Bôi, Hoà Bình",
        "path_with_type": "Xã Vĩnh Đồng, Huyện Kim Bôi, Tỉnh Hoà Bình",
        "code": "05026",
        "parent_code": "153"
    },
    "05035": {
        "name": "Kim Lập",
        "type": "xa",
        "slug": "kim-lap",
        "name_with_type": "Xã Kim Lập",
        "path": "Kim Lập, Kim Bôi, Hoà Bình",
        "path_with_type": "Xã Kim Lập, Huyện Kim Bôi, Tỉnh Hoà Bình",
        "code": "05035",
        "parent_code": "153"
    },
    "05038": {
        "name": "Hợp Tiến",
        "type": "xa",
        "slug": "hop-tien",
        "name_with_type": "Xã Hợp Tiến",
        "path": "Hợp Tiến, Kim Bôi, Hoà Bình",
        "path_with_type": "Xã Hợp Tiến, Huyện Kim Bôi, Tỉnh Hoà Bình",
        "code": "05038",
        "parent_code": "153"
    },
    "05065": {
        "name": "Kim Bôi",
        "type": "xa",
        "slug": "kim-boi",
        "name_with_type": "Xã Kim Bôi",
        "path": "Kim Bôi, Kim Bôi, Hoà Bình",
        "path_with_type": "Xã Kim Bôi, Huyện Kim Bôi, Tỉnh Hoà Bình",
        "code": "05065",
        "parent_code": "153"
    },
    "05068": {
        "name": "Nam Thượng",
        "type": "xa",
        "slug": "nam-thuong",
        "name_with_type": "Xã Nam Thượng",
        "path": "Nam Thượng, Kim Bôi, Hoà Bình",
        "path_with_type": "Xã Nam Thượng, Huyện Kim Bôi, Tỉnh Hoà Bình",
        "code": "05068",
        "parent_code": "153"
    },
    "05077": {
        "name": "Cuối Hạ",
        "type": "xa",
        "slug": "cuoi-ha",
        "name_with_type": "Xã Cuối Hạ",
        "path": "Cuối Hạ, Kim Bôi, Hoà Bình",
        "path_with_type": "Xã Cuối Hạ, Huyện Kim Bôi, Tỉnh Hoà Bình",
        "code": "05077",
        "parent_code": "153"
    },
    "05080": {
        "name": "Sào Báy",
        "type": "xa",
        "slug": "sao-bay",
        "name_with_type": "Xã Sào Báy",
        "path": "Sào Báy, Kim Bôi, Hoà Bình",
        "path_with_type": "Xã Sào Báy, Huyện Kim Bôi, Tỉnh Hoà Bình",
        "code": "05080",
        "parent_code": "153"
    },
    "05083": {
        "name": "Mi Hòa",
        "type": "xa",
        "slug": "mi-hoa",
        "name_with_type": "Xã Mi Hòa",
        "path": "Mi Hòa, Kim Bôi, Hoà Bình",
        "path_with_type": "Xã Mi Hòa, Huyện Kim Bôi, Tỉnh Hoà Bình",
        "code": "05083",
        "parent_code": "153"
    },
    "05086": {
        "name": "Nuông Dăm",
        "type": "xa",
        "slug": "nuong-dam",
        "name_with_type": "Xã Nuông Dăm",
        "path": "Nuông Dăm, Kim Bôi, Hoà Bình",
        "path_with_type": "Xã Nuông Dăm, Huyện Kim Bôi, Tỉnh Hoà Bình",
        "code": "05086",
        "parent_code": "153"
    }
}