{
    "05128": {
        "name": "Mãn Đức",
        "type": "thi-tran",
        "slug": "man-duc",
        "name_with_type": "Thị trấn Mãn Đức",
        "path": "Mãn Đức, Tân Lạc, Hoà Bình",
        "path_with_type": "Thị trấn Mãn Đức, Huyện Tân Lạc, Tỉnh Hoà Bình",
        "code": "05128",
        "parent_code": "155"
    },
    "05134": {
        "name": "Suối Hoa",
        "type": "xa",
        "slug": "suoi-hoa",
        "name_with_type": "Xã Suối Hoa",
        "path": "Suối Hoa, Tân Lạc, Hoà Bình",
        "path_with_type": "Xã Suối Hoa, Huyện Tân Lạc, Tỉnh Hoà Bình",
        "code": "05134",
        "parent_code": "155"
    },
    "05137": {
        "name": "Phú Vinh",
        "type": "xa",
        "slug": "phu-vinh",
        "name_with_type": "Xã Phú Vinh",
        "path": "Phú Vinh, Tân Lạc, Hoà Bình",
        "path_with_type": "Xã Phú Vinh, Huyện Tân Lạc, Tỉnh Hoà Bình",
        "code": "05137",
        "parent_code": "155"
    },
    "05140": {
        "name": "Phú Cường",
        "type": "xa",
        "slug": "phu-cuong",
        "name_with_type": "Xã Phú Cường",
        "path": "Phú Cường, Tân Lạc, Hoà Bình",
        "path_with_type": "Xã Phú Cường, Huyện Tân Lạc, Tỉnh Hoà Bình",
        "code": "05140",
        "parent_code": "155"
    },
    "05143": {
        "name": "Mỹ Hòa",
        "type": "xa",
        "slug": "my-hoa",
        "name_with_type": "Xã Mỹ Hòa",
        "path": "Mỹ Hòa, Tân Lạc, Hoà Bình",
        "path_with_type": "Xã Mỹ Hòa, Huyện Tân Lạc, Tỉnh Hoà Bình",
        "code": "05143",
        "parent_code": "155"
    },
    "05152": {
        "name": "Quyết Chiến",
        "type": "xa",
        "slug": "quyet-chien",
        "name_with_type": "Xã Quyết Chiến",
        "path": "Quyết Chiến, Tân Lạc, Hoà Bình",
        "path_with_type": "Xã Quyết Chiến, Huyện Tân Lạc, Tỉnh Hoà Bình",
        "code": "05152",
        "parent_code": "155"
    },
    "05158": {
        "name": "Phong Phú",
        "type": "xa",
        "slug": "phong-phu",
        "name_with_type": "Xã Phong Phú",
        "path": "Phong Phú, Tân Lạc, Hoà Bình",
        "path_with_type": "Xã Phong Phú, Huyện Tân Lạc, Tỉnh Hoà Bình",
        "code": "05158",
        "parent_code": "155"
    },
    "05164": {
        "name": "Tử Nê",
        "type": "xa",
        "slug": "tu-ne",
        "name_with_type": "Xã Tử Nê",
        "path": "Tử Nê, Tân Lạc, Hoà Bình",
        "path_with_type": "Xã Tử Nê, Huyện Tân Lạc, Tỉnh Hoà Bình",
        "code": "05164",
        "parent_code": "155"
    },
    "05167": {
        "name": "Thanh Hối",
        "type": "xa",
        "slug": "thanh-hoi",
        "name_with_type": "Xã Thanh Hối",
        "path": "Thanh Hối, Tân Lạc, Hoà Bình",
        "path_with_type": "Xã Thanh Hối, Huyện Tân Lạc, Tỉnh Hoà Bình",
        "code": "05167",
        "parent_code": "155"
    },
    "05170": {
        "name": "Ngọc Mỹ",
        "type": "xa",
        "slug": "ngoc-my",
        "name_with_type": "Xã Ngọc Mỹ",
        "path": "Ngọc Mỹ, Tân Lạc, Hoà Bình",
        "path_with_type": "Xã Ngọc Mỹ, Huyện Tân Lạc, Tỉnh Hoà Bình",
        "code": "05170",
        "parent_code": "155"
    },
    "05173": {
        "name": "Đông Lai",
        "type": "xa",
        "slug": "dong-lai",
        "name_with_type": "Xã Đông Lai",
        "path": "Đông Lai, Tân Lạc, Hoà Bình",
        "path_with_type": "Xã Đông Lai, Huyện Tân Lạc, Tỉnh Hoà Bình",
        "code": "05173",
        "parent_code": "155"
    },
    "05176": {
        "name": "Vân Sơn",
        "type": "xa",
        "slug": "van-son",
        "name_with_type": "Xã Vân Sơn",
        "path": "Vân Sơn, Tân Lạc, Hoà Bình",
        "path_with_type": "Xã Vân Sơn, Huyện Tân Lạc, Tỉnh Hoà Bình",
        "code": "05176",
        "parent_code": "155"
    },
    "05182": {
        "name": "Nhân Mỹ",
        "type": "xa",
        "slug": "nhan-my",
        "name_with_type": "Xã Nhân Mỹ",
        "path": "Nhân Mỹ, Tân Lạc, Hoà Bình",
        "path_with_type": "Xã Nhân Mỹ, Huyện Tân Lạc, Tỉnh Hoà Bình",
        "code": "05182",
        "parent_code": "155"
    },
    "05191": {
        "name": "Lỗ Sơn",
        "type": "xa",
        "slug": "lo-son",
        "name_with_type": "Xã Lỗ Sơn",
        "path": "Lỗ Sơn, Tân Lạc, Hoà Bình",
        "path_with_type": "Xã Lỗ Sơn, Huyện Tân Lạc, Tỉnh Hoà Bình",
        "code": "05191",
        "parent_code": "155"
    },
    "05194": {
        "name": "Ngổ Luông",
        "type": "xa",
        "slug": "ngo-luong",
        "name_with_type": "Xã Ngổ Luông",
        "path": "Ngổ Luông, Tân Lạc, Hoà Bình",
        "path_with_type": "Xã Ngổ Luông, Huyện Tân Lạc, Tỉnh Hoà Bình",
        "code": "05194",
        "parent_code": "155"
    },
    "05197": {
        "name": "Gia Mô",
        "type": "xa",
        "slug": "gia-mo",
        "name_with_type": "Xã Gia Mô",
        "path": "Gia Mô, Tân Lạc, Hoà Bình",
        "path_with_type": "Xã Gia Mô, Huyện Tân Lạc, Tỉnh Hoà Bình",
        "code": "05197",
        "parent_code": "155"
    }
}