{
    "04981": {
        "name": "Ba Hàng Đồi",
        "type": "thi-tran",
        "slug": "ba-hang-doi",
        "name_with_type": "Thị trấn Ba Hàng Đồi",
        "path": "Ba Hàng Đồi, Lạc Thủy, Hoà Bình",
        "path_with_type": "Thị trấn Ba Hàng Đồi, Huyện Lạc Thủy, Tỉnh Hoà Bình",
        "code": "04981",
        "parent_code": "159"
    },
    "05392": {
        "name": "Chi Nê",
        "type": "thi-tran",
        "slug": "chi-ne",
        "name_with_type": "Thị trấn Chi Nê",
        "path": "Chi Nê, Lạc Thủy, Hoà Bình",
        "path_with_type": "Thị trấn Chi Nê, Huyện Lạc Thủy, Tỉnh Hoà Bình",
        "code": "05392",
        "parent_code": "159"
    },
    "05395": {
        "name": "Phú Nghĩa",
        "type": "xa",
        "slug": "phu-nghia",
        "name_with_type": "Xã Phú Nghĩa",
        "path": "Phú Nghĩa, Lạc Thủy, Hoà Bình",
        "path_with_type": "Xã Phú Nghĩa, Huyện Lạc Thủy, Tỉnh Hoà Bình",
        "code": "05395",
        "parent_code": "159"
    },
    "05398": {
        "name": "Phú Thành",
        "type": "xa",
        "slug": "phu-thanh",
        "name_with_type": "Xã Phú Thành",
        "path": "Phú Thành, Lạc Thủy, Hoà Bình",
        "path_with_type": "Xã Phú Thành, Huyện Lạc Thủy, Tỉnh Hoà Bình",
        "code": "05398",
        "parent_code": "159"
    },
    "05404": {
        "name": "Hưng Thi",
        "type": "xa",
        "slug": "hung-thi",
        "name_with_type": "Xã Hưng Thi",
        "path": "Hưng Thi, Lạc Thủy, Hoà Bình",
        "path_with_type": "Xã Hưng Thi, Huyện Lạc Thủy, Tỉnh Hoà Bình",
        "code": "05404",
        "parent_code": "159"
    },
    "05413": {
        "name": "Khoan Dụ",
        "type": "xa",
        "slug": "khoan-du",
        "name_with_type": "Xã Khoan Dụ",
        "path": "Khoan Dụ, Lạc Thủy, Hoà Bình",
        "path_with_type": "Xã Khoan Dụ, Huyện Lạc Thủy, Tỉnh Hoà Bình",
        "code": "05413",
        "parent_code": "159"
    },
    "05419": {
        "name": "Đồng Tâm",
        "type": "xa",
        "slug": "dong-tam",
        "name_with_type": "Xã Đồng Tâm",
        "path": "Đồng Tâm, Lạc Thủy, Hoà Bình",
        "path_with_type": "Xã Đồng Tâm, Huyện Lạc Thủy, Tỉnh Hoà Bình",
        "code": "05419",
        "parent_code": "159"
    },
    "05422": {
        "name": "Yên Bồng",
        "type": "xa",
        "slug": "yen-bong",
        "name_with_type": "Xã Yên Bồng",
        "path": "Yên Bồng, Lạc Thủy, Hoà Bình",
        "path_with_type": "Xã Yên Bồng, Huyện Lạc Thủy, Tỉnh Hoà Bình",
        "code": "05422",
        "parent_code": "159"
    },
    "05425": {
        "name": "Thống Nhất",
        "type": "xa",
        "slug": "thong-nhat",
        "name_with_type": "Xã Thống Nhất",
        "path": "Thống Nhất, Lạc Thủy, Hoà Bình",
        "path_with_type": "Xã Thống Nhất, Huyện Lạc Thủy, Tỉnh Hoà Bình",
        "code": "05425",
        "parent_code": "159"
    },
    "05428": {
        "name": "An Bình",
        "type": "xa",
        "slug": "an-binh",
        "name_with_type": "Xã An Bình",
        "path": "An Bình, Lạc Thủy, Hoà Bình",
        "path_with_type": "Xã An Bình, Huyện Lạc Thủy, Tỉnh Hoà Bình",
        "code": "05428",
        "parent_code": "159"
    }
}