{
    "05506": {
        "name": "Lương Sơn",
        "type": "phuong",
        "slug": "luong-son",
        "name_with_type": "Phường Lương Sơn",
        "path": "Lương Sơn, Sông Công, Thái Nguyên",
        "path_with_type": "Phường Lương Sơn, Thành phố Sông Công, Tỉnh Thái Nguyên",
        "code": "05506",
        "parent_code": "165"
    },
    "05509": {
        "name": "Châu Sơn",
        "type": "phuong",
        "slug": "chau-son",
        "name_with_type": "Phường Châu Sơn",
        "path": "Châu Sơn, Sông Công, Thái Nguyên",
        "path_with_type": "Phường Châu Sơn, Thành phố Sông Công, Tỉnh Thái Nguyên",
        "code": "05509",
        "parent_code": "165"
    },
    "05512": {
        "name": "Mỏ Chè",
        "type": "phuong",
        "slug": "mo-che",
        "name_with_type": "Phường Mỏ Chè",
        "path": "Mỏ Chè, Sông Công, Thái Nguyên",
        "path_with_type": "Phường Mỏ Chè, Thành phố Sông Công, Tỉnh Thái Nguyên",
        "code": "05512",
        "parent_code": "165"
    },
    "05515": {
        "name": "Cải Đan",
        "type": "phuong",
        "slug": "cai-dan",
        "name_with_type": "Phường Cải Đan",
        "path": "Cải Đan, Sông Công, Thái Nguyên",
        "path_with_type": "Phường Cải Đan, Thành phố Sông Công, Tỉnh Thái Nguyên",
        "code": "05515",
        "parent_code": "165"
    },
    "05518": {
        "name": "Thắng Lợi",
        "type": "phuong",
        "slug": "thang-loi",
        "name_with_type": "Phường Thắng Lợi",
        "path": "Thắng Lợi, Sông Công, Thái Nguyên",
        "path_with_type": "Phường Thắng Lợi, Thành phố Sông Công, Tỉnh Thái Nguyên",
        "code": "05518",
        "parent_code": "165"
    },
    "05521": {
        "name": "Phố Cò",
        "type": "phuong",
        "slug": "pho-co",
        "name_with_type": "Phường Phố Cò",
        "path": "Phố Cò, Sông Công, Thái Nguyên",
        "path_with_type": "Phường Phố Cò, Thành phố Sông Công, Tỉnh Thái Nguyên",
        "code": "05521",
        "parent_code": "165"
    },
    "05527": {
        "name": "Tân Quang",
        "type": "xa",
        "slug": "tan-quang",
        "name_with_type": "Xã Tân Quang",
        "path": "Tân Quang, Sông Công, Thái Nguyên",
        "path_with_type": "Xã Tân Quang, Thành phố Sông Công, Tỉnh Thái Nguyên",
        "code": "05527",
        "parent_code": "165"
    },
    "05528": {
        "name": "Bách Quang",
        "type": "phuong",
        "slug": "bach-quang",
        "name_with_type": "Phường Bách Quang",
        "path": "Bách Quang, Sông Công, Thái Nguyên",
        "path_with_type": "Phường Bách Quang, Thành phố Sông Công, Tỉnh Thái Nguyên",
        "code": "05528",
        "parent_code": "165"
    },
    "05530": {
        "name": "Bình Sơn",
        "type": "xa",
        "slug": "binh-son",
        "name_with_type": "Xã Bình Sơn",
        "path": "Bình Sơn, Sông Công, Thái Nguyên",
        "path_with_type": "Xã Bình Sơn, Thành phố Sông Công, Tỉnh Thái Nguyên",
        "code": "05530",
        "parent_code": "165"
    },
    "05533": {
        "name": "Bá Xuyên",
        "type": "xa",
        "slug": "ba-xuyen",
        "name_with_type": "Xã Bá Xuyên",
        "path": "Bá Xuyên, Sông Công, Thái Nguyên",
        "path_with_type": "Xã Bá Xuyên, Thành phố Sông Công, Tỉnh Thái Nguyên",
        "code": "05533",
        "parent_code": "165"
    }
}