{
    "05536": {
        "name": "Chợ Chu",
        "type": "thi-tran",
        "slug": "cho-chu",
        "name_with_type": "Thị trấn Chợ Chu",
        "path": "Chợ Chu, Định Hóa, Thái Nguyên",
        "path_with_type": "Thị trấn Chợ Chu, Huyện Định Hóa, Tỉnh Thái Nguyên",
        "code": "05536",
        "parent_code": "167"
    },
    "05539": {
        "name": "Linh Thông",
        "type": "xa",
        "slug": "linh-thong",
        "name_with_type": "Xã Linh Thông",
        "path": "Linh Thông, Định Hóa, Thái Nguyên",
        "path_with_type": "Xã Linh Thông, Huyện Định Hóa, Tỉnh Thái Nguyên",
        "code": "05539",
        "parent_code": "167"
    },
    "05542": {
        "name": "Lam Vỹ",
        "type": "xa",
        "slug": "lam-vy",
        "name_with_type": "Xã Lam Vỹ",
        "path": "Lam Vỹ, Định Hóa, Thái Nguyên",
        "path_with_type": "Xã Lam Vỹ, Huyện Định Hóa, Tỉnh Thái Nguyên",
        "code": "05542",
        "parent_code": "167"
    },
    "05545": {
        "name": "Quy Kỳ",
        "type": "xa",
        "slug": "quy-ky",
        "name_with_type": "Xã Quy Kỳ",
        "path": "Quy Kỳ, Định Hóa, Thái Nguyên",
        "path_with_type": "Xã Quy Kỳ, Huyện Định Hóa, Tỉnh Thái Nguyên",
        "code": "05545",
        "parent_code": "167"
    },
    "05548": {
        "name": "Tân Thịnh",
        "type": "xa",
        "slug": "tan-thinh",
        "name_with_type": "Xã Tân Thịnh",
        "path": "Tân Thịnh, Định Hóa, Thái Nguyên",
        "path_with_type": "Xã Tân Thịnh, Huyện Định Hóa, Tỉnh Thái Nguyên",
        "code": "05548",
        "parent_code": "167"
    },
    "05551": {
        "name": "Kim Phượng",
        "type": "xa",
        "slug": "kim-phuong",
        "name_with_type": "Xã Kim Phượng",
        "path": "Kim Phượng, Định Hóa, Thái Nguyên",
        "path_with_type": "Xã Kim Phượng, Huyện Định Hóa, Tỉnh Thái Nguyên",
        "code": "05551",
        "parent_code": "167"
    },
    "05554": {
        "name": "Bảo Linh",
        "type": "xa",
        "slug": "bao-linh",
        "name_with_type": "Xã Bảo Linh",
        "path": "Bảo Linh, Định Hóa, Thái Nguyên",
        "path_with_type": "Xã Bảo Linh, Huyện Định Hóa, Tỉnh Thái Nguyên",
        "code": "05554",
        "parent_code": "167"
    },
    "05560": {
        "name": "Phúc Chu",
        "type": "xa",
        "slug": "phuc-chu",
        "name_with_type": "Xã Phúc Chu",
        "path": "Phúc Chu, Định Hóa, Thái Nguyên",
        "path_with_type": "Xã Phúc Chu, Huyện Định Hóa, Tỉnh Thái Nguyên",
        "code": "05560",
        "parent_code": "167"
    },
    "05563": {
        "name": "Tân Dương",
        "type": "xa",
        "slug": "tan-duong",
        "name_with_type": "Xã Tân Dương",
        "path": "Tân Dương, Định Hóa, Thái Nguyên",
        "path_with_type": "Xã Tân Dương, Huyện Định Hóa, Tỉnh Thái Nguyên",
        "code": "05563",
        "parent_code": "167"
    },
    "05566": {
        "name": "Phượng Tiến",
        "type": "xa",
        "slug": "phuong-tien",
        "name_with_type": "Xã Phượng Tiến",
        "path": "Phượng Tiến, Định Hóa, Thái Nguyên",
        "path_with_type": "Xã Phượng Tiến, Huyện Định Hóa, Tỉnh Thái Nguyên",
        "code": "05566",
        "parent_code": "167"
    },
    "05569": {
        "name": "Bảo Cường",
        "type": "xa",
        "slug": "bao-cuong",
        "name_with_type": "Xã Bảo Cường",
        "path": "Bảo Cường, Định Hóa, Thái Nguyên",
        "path_with_type": "Xã Bảo Cường, Huyện Định Hóa, Tỉnh Thái Nguyên",
        "code": "05569",
        "parent_code": "167"
    },
    "05572": {
        "name": "Đồng Thịnh",
        "type": "xa",
        "slug": "dong-thinh",
        "name_with_type": "Xã Đồng Thịnh",
        "path": "Đồng Thịnh, Định Hóa, Thái Nguyên",
        "path_with_type": "Xã Đồng Thịnh, Huyện Định Hóa, Tỉnh Thái Nguyên",
        "code": "05572",
        "parent_code": "167"
    },
    "05575": {
        "name": "Định Biên",
        "type": "xa",
        "slug": "dinh-bien",
        "name_with_type": "Xã Định Biên",
        "path": "Định Biên, Định Hóa, Thái Nguyên",
        "path_with_type": "Xã Định Biên, Huyện Định Hóa, Tỉnh Thái Nguyên",
        "code": "05575",
        "parent_code": "167"
    },
    "05578": {
        "name": "Thanh Định",
        "type": "xa",
        "slug": "thanh-dinh",
        "name_with_type": "Xã Thanh Định",
        "path": "Thanh Định, Định Hóa, Thái Nguyên",
        "path_with_type": "Xã Thanh Định, Huyện Định Hóa, Tỉnh Thái Nguyên",
        "code": "05578",
        "parent_code": "167"
    },
    "05581": {
        "name": "Trung Hội",
        "type": "xa",
        "slug": "trung-hoi",
        "name_with_type": "Xã Trung Hội",
        "path": "Trung Hội, Định Hóa, Thái Nguyên",
        "path_with_type": "Xã Trung Hội, Huyện Định Hóa, Tỉnh Thái Nguyên",
        "code": "05581",
        "parent_code": "167"
    },
    "05584": {
        "name": "Trung Lương",
        "type": "xa",
        "slug": "trung-luong",
        "name_with_type": "Xã Trung Lương",
        "path": "Trung Lương, Định Hóa, Thái Nguyên",
        "path_with_type": "Xã Trung Lương, Huyện Định Hóa, Tỉnh Thái Nguyên",
        "code": "05584",
        "parent_code": "167"
    },
    "05587": {
        "name": "Bình Yên",
        "type": "xa",
        "slug": "binh-yen",
        "name_with_type": "Xã Bình Yên",
        "path": "Bình Yên, Định Hóa, Thái Nguyên",
        "path_with_type": "Xã Bình Yên, Huyện Định Hóa, Tỉnh Thái Nguyên",
        "code": "05587",
        "parent_code": "167"
    },
    "05590": {
        "name": "Điềm Mặc",
        "type": "xa",
        "slug": "diem-mac",
        "name_with_type": "Xã Điềm Mặc",
        "path": "Điềm Mặc, Định Hóa, Thái Nguyên",
        "path_with_type": "Xã Điềm Mặc, Huyện Định Hóa, Tỉnh Thái Nguyên",
        "code": "05590",
        "parent_code": "167"
    },
    "05593": {
        "name": "Phú Tiến",
        "type": "xa",
        "slug": "phu-tien",
        "name_with_type": "Xã Phú Tiến",
        "path": "Phú Tiến, Định Hóa, Thái Nguyên",
        "path_with_type": "Xã Phú Tiến, Huyện Định Hóa, Tỉnh Thái Nguyên",
        "code": "05593",
        "parent_code": "167"
    },
    "05596": {
        "name": "Bộc Nhiêu",
        "type": "xa",
        "slug": "boc-nhieu",
        "name_with_type": "Xã Bộc Nhiêu",
        "path": "Bộc Nhiêu, Định Hóa, Thái Nguyên",
        "path_with_type": "Xã Bộc Nhiêu, Huyện Định Hóa, Tỉnh Thái Nguyên",
        "code": "05596",
        "parent_code": "167"
    },
    "05599": {
        "name": "Sơn Phú",
        "type": "xa",
        "slug": "son-phu",
        "name_with_type": "Xã Sơn Phú",
        "path": "Sơn Phú, Định Hóa, Thái Nguyên",
        "path_with_type": "Xã Sơn Phú, Huyện Định Hóa, Tỉnh Thái Nguyên",
        "code": "05599",
        "parent_code": "167"
    },
    "05602": {
        "name": "Phú Đình",
        "type": "xa",
        "slug": "phu-dinh",
        "name_with_type": "Xã Phú Đình",
        "path": "Phú Đình, Định Hóa, Thái Nguyên",
        "path_with_type": "Xã Phú Đình, Huyện Định Hóa, Tỉnh Thái Nguyên",
        "code": "05602",
        "parent_code": "167"
    },
    "05605": {
        "name": "Bình Thành",
        "type": "xa",
        "slug": "binh-thanh",
        "name_with_type": "Xã Bình Thành",
        "path": "Bình Thành, Định Hóa, Thái Nguyên",
        "path_with_type": "Xã Bình Thành, Huyện Định Hóa, Tỉnh Thái Nguyên",
        "code": "05605",
        "parent_code": "167"
    }
}