{
    "05716": {
        "name": "Đình Cả",
        "type": "thi-tran",
        "slug": "dinh-ca",
        "name_with_type": "Thị trấn Đình Cả",
        "path": "Đình Cả, Võ Nhai, Thái Nguyên",
        "path_with_type": "Thị trấn Đình Cả, Huyện Võ Nhai, Tỉnh Thái Nguyên",
        "code": "05716",
        "parent_code": "170"
    },
    "05719": {
        "name": "Sảng Mộc",
        "type": "xa",
        "slug": "sang-moc",
        "name_with_type": "Xã Sảng Mộc",
        "path": "Sảng Mộc, Võ Nhai, Thái Nguyên",
        "path_with_type": "Xã Sảng Mộc, Huyện Võ Nhai, Tỉnh Thái Nguyên",
        "code": "05719",
        "parent_code": "170"
    },
    "05722": {
        "name": "Nghinh Tường",
        "type": "xa",
        "slug": "nghinh-tuong",
        "name_with_type": "Xã Nghinh Tường",
        "path": "Nghinh Tường, Võ Nhai, Thái Nguyên",
        "path_with_type": "Xã Nghinh Tường, Huyện Võ Nhai, Tỉnh Thái Nguyên",
        "code": "05722",
        "parent_code": "170"
    },
    "05725": {
        "name": "Thần Xa",
        "type": "xa",
        "slug": "than-xa",
        "name_with_type": "Xã Thần Xa",
        "path": "Thần Xa, Võ Nhai, Thái Nguyên",
        "path_with_type": "Xã Thần Xa, Huyện Võ Nhai, Tỉnh Thái Nguyên",
        "code": "05725",
        "parent_code": "170"
    },
    "05728": {
        "name": "Vũ Chấn",
        "type": "xa",
        "slug": "vu-chan",
        "name_with_type": "Xã Vũ Chấn",
        "path": "Vũ Chấn, Võ Nhai, Thái Nguyên",
        "path_with_type": "Xã Vũ Chấn, Huyện Võ Nhai, Tỉnh Thái Nguyên",
        "code": "05728",
        "parent_code": "170"
    },
    "05731": {
        "name": "Thượng Nung",
        "type": "xa",
        "slug": "thuong-nung",
        "name_with_type": "Xã Thượng Nung",
        "path": "Thượng Nung, Võ Nhai, Thái Nguyên",
        "path_with_type": "Xã Thượng Nung, Huyện Võ Nhai, Tỉnh Thái Nguyên",
        "code": "05731",
        "parent_code": "170"
    },
    "05734": {
        "name": "Phú Thượng",
        "type": "xa",
        "slug": "phu-thuong",
        "name_with_type": "Xã Phú Thượng",
        "path": "Phú Thượng, Võ Nhai, Thái Nguyên",
        "path_with_type": "Xã Phú Thượng, Huyện Võ Nhai, Tỉnh Thái Nguyên",
        "code": "05734",
        "parent_code": "170"
    },
    "05737": {
        "name": "Cúc Đường",
        "type": "xa",
        "slug": "cuc-duong",
        "name_with_type": "Xã Cúc Đường",
        "path": "Cúc Đường, Võ Nhai, Thái Nguyên",
        "path_with_type": "Xã Cúc Đường, Huyện Võ Nhai, Tỉnh Thái Nguyên",
        "code": "05737",
        "parent_code": "170"
    },
    "05740": {
        "name": "La Hiên",
        "type": "xa",
        "slug": "la-hien",
        "name_with_type": "Xã La Hiên",
        "path": "La Hiên, Võ Nhai, Thái Nguyên",
        "path_with_type": "Xã La Hiên, Huyện Võ Nhai, Tỉnh Thái Nguyên",
        "code": "05740",
        "parent_code": "170"
    },
    "05743": {
        "name": "Lâu Thượng",
        "type": "xa",
        "slug": "lau-thuong",
        "name_with_type": "Xã Lâu Thượng",
        "path": "Lâu Thượng, Võ Nhai, Thái Nguyên",
        "path_with_type": "Xã Lâu Thượng, Huyện Võ Nhai, Tỉnh Thái Nguyên",
        "code": "05743",
        "parent_code": "170"
    },
    "05746": {
        "name": "Tràng Xá",
        "type": "xa",
        "slug": "trang-xa",
        "name_with_type": "Xã Tràng Xá",
        "path": "Tràng Xá, Võ Nhai, Thái Nguyên",
        "path_with_type": "Xã Tràng Xá, Huyện Võ Nhai, Tỉnh Thái Nguyên",
        "code": "05746",
        "parent_code": "170"
    },
    "05749": {
        "name": "Phương Giao",
        "type": "xa",
        "slug": "phuong-giao",
        "name_with_type": "Xã Phương Giao",
        "path": "Phương Giao, Võ Nhai, Thái Nguyên",
        "path_with_type": "Xã Phương Giao, Huyện Võ Nhai, Tỉnh Thái Nguyên",
        "code": "05749",
        "parent_code": "170"
    },
    "05752": {
        "name": "Liên Minh",
        "type": "xa",
        "slug": "lien-minh",
        "name_with_type": "Xã Liên Minh",
        "path": "Liên Minh, Võ Nhai, Thái Nguyên",
        "path_with_type": "Xã Liên Minh, Huyện Võ Nhai, Tỉnh Thái Nguyên",
        "code": "05752",
        "parent_code": "170"
    },
    "05755": {
        "name": "Dân Tiến",
        "type": "xa",
        "slug": "dan-tien",
        "name_with_type": "Xã Dân Tiến",
        "path": "Dân Tiến, Võ Nhai, Thái Nguyên",
        "path_with_type": "Xã Dân Tiến, Huyện Võ Nhai, Tỉnh Thái Nguyên",
        "code": "05755",
        "parent_code": "170"
    },
    "05758": {
        "name": "Bình Long",
        "type": "xa",
        "slug": "binh-long",
        "name_with_type": "Xã Bình Long",
        "path": "Bình Long, Võ Nhai, Thái Nguyên",
        "path_with_type": "Xã Bình Long, Huyện Võ Nhai, Tỉnh Thái Nguyên",
        "code": "05758",
        "parent_code": "170"
    }
}