{
    "05761": {
        "name": "Hùng Sơn",
        "type": "thi-tran",
        "slug": "hung-son",
        "name_with_type": "Thị trấn Hùng Sơn",
        "path": "Hùng Sơn, Đại Từ, Thái Nguyên",
        "path_with_type": "Thị trấn Hùng Sơn, Huyện Đại Từ, Tỉnh Thái Nguyên",
        "code": "05761",
        "parent_code": "171"
    },
    "05764": {
        "name": "Quân Chu",
        "type": "thi-tran",
        "slug": "quan-chu",
        "name_with_type": "Thị trấn Quân Chu",
        "path": "Quân Chu, Đại Từ, Thái Nguyên",
        "path_with_type": "Thị trấn Quân Chu, Huyện Đại Từ, Tỉnh Thái Nguyên",
        "code": "05764",
        "parent_code": "171"
    },
    "05767": {
        "name": "Phúc Lương",
        "type": "xa",
        "slug": "phuc-luong",
        "name_with_type": "Xã Phúc Lương",
        "path": "Phúc Lương, Đại Từ, Thái Nguyên",
        "path_with_type": "Xã Phúc Lương, Huyện Đại Từ, Tỉnh Thái Nguyên",
        "code": "05767",
        "parent_code": "171"
    },
    "05770": {
        "name": "Minh Tiến",
        "type": "xa",
        "slug": "minh-tien",
        "name_with_type": "Xã Minh Tiến",
        "path": "Minh Tiến, Đại Từ, Thái Nguyên",
        "path_with_type": "Xã Minh Tiến, Huyện Đại Từ, Tỉnh Thái Nguyên",
        "code": "05770",
        "parent_code": "171"
    },
    "05773": {
        "name": "Yên Lãng",
        "type": "xa",
        "slug": "yen-lang",
        "name_with_type": "Xã Yên Lãng",
        "path": "Yên Lãng, Đại Từ, Thái Nguyên",
        "path_with_type": "Xã Yên Lãng, Huyện Đại Từ, Tỉnh Thái Nguyên",
        "code": "05773",
        "parent_code": "171"
    },
    "05776": {
        "name": "Đức Lương",
        "type": "xa",
        "slug": "duc-luong",
        "name_with_type": "Xã Đức Lương",
        "path": "Đức Lương, Đại Từ, Thái Nguyên",
        "path_with_type": "Xã Đức Lương, Huyện Đại Từ, Tỉnh Thái Nguyên",
        "code": "05776",
        "parent_code": "171"
    },
    "05779": {
        "name": "Phú Cường",
        "type": "xa",
        "slug": "phu-cuong",
        "name_with_type": "Xã Phú Cường",
        "path": "Phú Cường, Đại Từ, Thái Nguyên",
        "path_with_type": "Xã Phú Cường, Huyện Đại Từ, Tỉnh Thái Nguyên",
        "code": "05779",
        "parent_code": "171"
    },
    "05782": {
        "name": "Na Mao",
        "type": "xa",
        "slug": "na-mao",
        "name_with_type": "Xã Na Mao",
        "path": "Na Mao, Đại Từ, Thái Nguyên",
        "path_with_type": "Xã Na Mao, Huyện Đại Từ, Tỉnh Thái Nguyên",
        "code": "05782",
        "parent_code": "171"
    },
    "05785": {
        "name": "Phú Lạc",
        "type": "xa",
        "slug": "phu-lac",
        "name_with_type": "Xã Phú Lạc",
        "path": "Phú Lạc, Đại Từ, Thái Nguyên",
        "path_with_type": "Xã Phú Lạc, Huyện Đại Từ, Tỉnh Thái Nguyên",
        "code": "05785",
        "parent_code": "171"
    },
    "05788": {
        "name": "Tân Linh",
        "type": "xa",
        "slug": "tan-linh",
        "name_with_type": "Xã Tân Linh",
        "path": "Tân Linh, Đại Từ, Thái Nguyên",
        "path_with_type": "Xã Tân Linh, Huyện Đại Từ, Tỉnh Thái Nguyên",
        "code": "05788",
        "parent_code": "171"
    },
    "05791": {
        "name": "Phú Thịnh",
        "type": "xa",
        "slug": "phu-thinh",
        "name_with_type": "Xã Phú Thịnh",
        "path": "Phú Thịnh, Đại Từ, Thái Nguyên",
        "path_with_type": "Xã Phú Thịnh, Huyện Đại Từ, Tỉnh Thái Nguyên",
        "code": "05791",
        "parent_code": "171"
    },
    "05794": {
        "name": "Phục Linh",
        "type": "xa",
        "slug": "phuc-linh",
        "name_with_type": "Xã Phục Linh",
        "path": "Phục Linh, Đại Từ, Thái Nguyên",
        "path_with_type": "Xã Phục Linh, Huyện Đại Từ, Tỉnh Thái Nguyên",
        "code": "05794",
        "parent_code": "171"
    },
    "05797": {
        "name": "Phú Xuyên",
        "type": "xa",
        "slug": "phu-xuyen",
        "name_with_type": "Xã Phú Xuyên",
        "path": "Phú Xuyên, Đại Từ, Thái Nguyên",
        "path_with_type": "Xã Phú Xuyên, Huyện Đại Từ, Tỉnh Thái Nguyên",
        "code": "05797",
        "parent_code": "171"
    },
    "05800": {
        "name": "Bản Ngoại",
        "type": "xa",
        "slug": "ban-ngoai",
        "name_with_type": "Xã Bản Ngoại",
        "path": "Bản Ngoại, Đại Từ, Thái Nguyên",
        "path_with_type": "Xã Bản Ngoại, Huyện Đại Từ, Tỉnh Thái Nguyên",
        "code": "05800",
        "parent_code": "171"
    },
    "05803": {
        "name": "Tiên Hội",
        "type": "xa",
        "slug": "tien-hoi",
        "name_with_type": "Xã Tiên Hội",
        "path": "Tiên Hội, Đại Từ, Thái Nguyên",
        "path_with_type": "Xã Tiên Hội, Huyện Đại Từ, Tỉnh Thái Nguyên",
        "code": "05803",
        "parent_code": "171"
    },
    "05809": {
        "name": "Cù Vân",
        "type": "xa",
        "slug": "cu-van",
        "name_with_type": "Xã Cù Vân",
        "path": "Cù Vân, Đại Từ, Thái Nguyên",
        "path_with_type": "Xã Cù Vân, Huyện Đại Từ, Tỉnh Thái Nguyên",
        "code": "05809",
        "parent_code": "171"
    },
    "05812": {
        "name": "Hà Thượng",
        "type": "xa",
        "slug": "ha-thuong",
        "name_with_type": "Xã Hà Thượng",
        "path": "Hà Thượng, Đại Từ, Thái Nguyên",
        "path_with_type": "Xã Hà Thượng, Huyện Đại Từ, Tỉnh Thái Nguyên",
        "code": "05812",
        "parent_code": "171"
    },
    "05815": {
        "name": "La Bằng",
        "type": "xa",
        "slug": "la-bang",
        "name_with_type": "Xã La Bằng",
        "path": "La Bằng, Đại Từ, Thái Nguyên",
        "path_with_type": "Xã La Bằng, Huyện Đại Từ, Tỉnh Thái Nguyên",
        "code": "05815",
        "parent_code": "171"
    },
    "05818": {
        "name": "Hoàng Nông",
        "type": "xa",
        "slug": "hoang-nong",
        "name_with_type": "Xã Hoàng Nông",
        "path": "Hoàng Nông, Đại Từ, Thái Nguyên",
        "path_with_type": "Xã Hoàng Nông, Huyện Đại Từ, Tỉnh Thái Nguyên",
        "code": "05818",
        "parent_code": "171"
    },
    "05821": {
        "name": "Khôi Kỳ",
        "type": "xa",
        "slug": "khoi-ky",
        "name_with_type": "Xã Khôi Kỳ",
        "path": "Khôi Kỳ, Đại Từ, Thái Nguyên",
        "path_with_type": "Xã Khôi Kỳ, Huyện Đại Từ, Tỉnh Thái Nguyên",
        "code": "05821",
        "parent_code": "171"
    },
    "05824": {
        "name": "An Khánh",
        "type": "xa",
        "slug": "an-khanh",
        "name_with_type": "Xã An Khánh",
        "path": "An Khánh, Đại Từ, Thái Nguyên",
        "path_with_type": "Xã An Khánh, Huyện Đại Từ, Tỉnh Thái Nguyên",
        "code": "05824",
        "parent_code": "171"
    },
    "05827": {
        "name": "Tân Thái",
        "type": "xa",
        "slug": "tan-thai",
        "name_with_type": "Xã Tân Thái",
        "path": "Tân Thái, Đại Từ, Thái Nguyên",
        "path_with_type": "Xã Tân Thái, Huyện Đại Từ, Tỉnh Thái Nguyên",
        "code": "05827",
        "parent_code": "171"
    },
    "05830": {
        "name": "Bình Thuận",
        "type": "xa",
        "slug": "binh-thuan",
        "name_with_type": "Xã Bình Thuận",
        "path": "Bình Thuận, Đại Từ, Thái Nguyên",
        "path_with_type": "Xã Bình Thuận, Huyện Đại Từ, Tỉnh Thái Nguyên",
        "code": "05830",
        "parent_code": "171"
    },
    "05833": {
        "name": "Lục Ba",
        "type": "xa",
        "slug": "luc-ba",
        "name_with_type": "Xã Lục Ba",
        "path": "Lục Ba, Đại Từ, Thái Nguyên",
        "path_with_type": "Xã Lục Ba, Huyện Đại Từ, Tỉnh Thái Nguyên",
        "code": "05833",
        "parent_code": "171"
    },
    "05836": {
        "name": "Mỹ Yên",
        "type": "xa",
        "slug": "my-yen",
        "name_with_type": "Xã Mỹ Yên",
        "path": "Mỹ Yên, Đại Từ, Thái Nguyên",
        "path_with_type": "Xã Mỹ Yên, Huyện Đại Từ, Tỉnh Thái Nguyên",
        "code": "05836",
        "parent_code": "171"
    },
    "05839": {
        "name": "Vạn Thọ",
        "type": "xa",
        "slug": "van-tho",
        "name_with_type": "Xã Vạn Thọ",
        "path": "Vạn Thọ, Đại Từ, Thái Nguyên",
        "path_with_type": "Xã Vạn Thọ, Huyện Đại Từ, Tỉnh Thái Nguyên",
        "code": "05839",
        "parent_code": "171"
    },
    "05842": {
        "name": "Văn Yên",
        "type": "xa",
        "slug": "van-yen",
        "name_with_type": "Xã Văn Yên",
        "path": "Văn Yên, Đại Từ, Thái Nguyên",
        "path_with_type": "Xã Văn Yên, Huyện Đại Từ, Tỉnh Thái Nguyên",
        "code": "05842",
        "parent_code": "171"
    },
    "05845": {
        "name": "Ký Phú",
        "type": "xa",
        "slug": "ky-phu",
        "name_with_type": "Xã Ký Phú",
        "path": "Ký Phú, Đại Từ, Thái Nguyên",
        "path_with_type": "Xã Ký Phú, Huyện Đại Từ, Tỉnh Thái Nguyên",
        "code": "05845",
        "parent_code": "171"
    },
    "05848": {
        "name": "Cát Nê",
        "type": "xa",
        "slug": "cat-ne",
        "name_with_type": "Xã Cát Nê",
        "path": "Cát Nê, Đại Từ, Thái Nguyên",
        "path_with_type": "Xã Cát Nê, Huyện Đại Từ, Tỉnh Thái Nguyên",
        "code": "05848",
        "parent_code": "171"
    },
    "05851": {
        "name": "Quân Chu",
        "type": "xa",
        "slug": "quan-chu",
        "name_with_type": "Xã Quân Chu",
        "path": "Quân Chu, Đại Từ, Thái Nguyên",
        "path_with_type": "Xã Quân Chu, Huyện Đại Từ, Tỉnh Thái Nguyên",
        "code": "05851",
        "parent_code": "171"
    }
}