{
    "05908": {
        "name": "Hương Sơn",
        "type": "thi-tran",
        "slug": "huong-son",
        "name_with_type": "Thị trấn Hương Sơn",
        "path": "Hương Sơn, Phú Bình, Thái Nguyên",
        "path_with_type": "Thị trấn Hương Sơn, Huyện Phú Bình, Tỉnh Thái Nguyên",
        "code": "05908",
        "parent_code": "173"
    },
    "05911": {
        "name": "Bàn Đạt",
        "type": "xa",
        "slug": "ban-dat",
        "name_with_type": "Xã Bàn Đạt",
        "path": "Bàn Đạt, Phú Bình, Thái Nguyên",
        "path_with_type": "Xã Bàn Đạt, Huyện Phú Bình, Tỉnh Thái Nguyên",
        "code": "05911",
        "parent_code": "173"
    },
    "05917": {
        "name": "Tân Khánh",
        "type": "xa",
        "slug": "tan-khanh",
        "name_with_type": "Xã Tân Khánh",
        "path": "Tân Khánh, Phú Bình, Thái Nguyên",
        "path_with_type": "Xã Tân Khánh, Huyện Phú Bình, Tỉnh Thái Nguyên",
        "code": "05917",
        "parent_code": "173"
    },
    "05920": {
        "name": "Tân Kim",
        "type": "xa",
        "slug": "tan-kim",
        "name_with_type": "Xã Tân Kim",
        "path": "Tân Kim, Phú Bình, Thái Nguyên",
        "path_with_type": "Xã Tân Kim, Huyện Phú Bình, Tỉnh Thái Nguyên",
        "code": "05920",
        "parent_code": "173"
    },
    "05923": {
        "name": "Tân Thành",
        "type": "xa",
        "slug": "tan-thanh",
        "name_with_type": "Xã Tân Thành",
        "path": "Tân Thành, Phú Bình, Thái Nguyên",
        "path_with_type": "Xã Tân Thành, Huyện Phú Bình, Tỉnh Thái Nguyên",
        "code": "05923",
        "parent_code": "173"
    },
    "05926": {
        "name": "Đào Xá",
        "type": "xa",
        "slug": "dao-xa",
        "name_with_type": "Xã Đào Xá",
        "path": "Đào Xá, Phú Bình, Thái Nguyên",
        "path_with_type": "Xã Đào Xá, Huyện Phú Bình, Tỉnh Thái Nguyên",
        "code": "05926",
        "parent_code": "173"
    },
    "05929": {
        "name": "Bảo Lý",
        "type": "xa",
        "slug": "bao-ly",
        "name_with_type": "Xã Bảo Lý",
        "path": "Bảo Lý, Phú Bình, Thái Nguyên",
        "path_with_type": "Xã Bảo Lý, Huyện Phú Bình, Tỉnh Thái Nguyên",
        "code": "05929",
        "parent_code": "173"
    },
    "05932": {
        "name": "Thượng Đình",
        "type": "xa",
        "slug": "thuong-dinh",
        "name_with_type": "Xã Thượng Đình",
        "path": "Thượng Đình, Phú Bình, Thái Nguyên",
        "path_with_type": "Xã Thượng Đình, Huyện Phú Bình, Tỉnh Thái Nguyên",
        "code": "05932",
        "parent_code": "173"
    },
    "05935": {
        "name": "Tân Hòa",
        "type": "xa",
        "slug": "tan-hoa",
        "name_with_type": "Xã Tân Hòa",
        "path": "Tân Hòa, Phú Bình, Thái Nguyên",
        "path_with_type": "Xã Tân Hòa, Huyện Phú Bình, Tỉnh Thái Nguyên",
        "code": "05935",
        "parent_code": "173"
    },
    "05938": {
        "name": "Nhã Lộng",
        "type": "xa",
        "slug": "nha-long",
        "name_with_type": "Xã Nhã Lộng",
        "path": "Nhã Lộng, Phú Bình, Thái Nguyên",
        "path_with_type": "Xã Nhã Lộng, Huyện Phú Bình, Tỉnh Thái Nguyên",
        "code": "05938",
        "parent_code": "173"
    },
    "05941": {
        "name": "Điềm Thụy",
        "type": "xa",
        "slug": "diem-thuy",
        "name_with_type": "Xã Điềm Thụy",
        "path": "Điềm Thụy, Phú Bình, Thái Nguyên",
        "path_with_type": "Xã Điềm Thụy, Huyện Phú Bình, Tỉnh Thái Nguyên",
        "code": "05941",
        "parent_code": "173"
    },
    "05944": {
        "name": "Xuân Phương",
        "type": "xa",
        "slug": "xuan-phuong",
        "name_with_type": "Xã Xuân Phương",
        "path": "Xuân Phương, Phú Bình, Thái Nguyên",
        "path_with_type": "Xã Xuân Phương, Huyện Phú Bình, Tỉnh Thái Nguyên",
        "code": "05944",
        "parent_code": "173"
    },
    "05947": {
        "name": "Tân Đức",
        "type": "xa",
        "slug": "tan-duc",
        "name_with_type": "Xã Tân Đức",
        "path": "Tân Đức, Phú Bình, Thái Nguyên",
        "path_with_type": "Xã Tân Đức, Huyện Phú Bình, Tỉnh Thái Nguyên",
        "code": "05947",
        "parent_code": "173"
    },
    "05950": {
        "name": "Úc Kỳ",
        "type": "xa",
        "slug": "uc-ky",
        "name_with_type": "Xã Úc Kỳ",
        "path": "Úc Kỳ, Phú Bình, Thái Nguyên",
        "path_with_type": "Xã Úc Kỳ, Huyện Phú Bình, Tỉnh Thái Nguyên",
        "code": "05950",
        "parent_code": "173"
    },
    "05953": {
        "name": "Lương Phú",
        "type": "xa",
        "slug": "luong-phu",
        "name_with_type": "Xã Lương Phú",
        "path": "Lương Phú, Phú Bình, Thái Nguyên",
        "path_with_type": "Xã Lương Phú, Huyện Phú Bình, Tỉnh Thái Nguyên",
        "code": "05953",
        "parent_code": "173"
    },
    "05956": {
        "name": "Nga My",
        "type": "xa",
        "slug": "nga-my",
        "name_with_type": "Xã Nga My",
        "path": "Nga My, Phú Bình, Thái Nguyên",
        "path_with_type": "Xã Nga My, Huyện Phú Bình, Tỉnh Thái Nguyên",
        "code": "05956",
        "parent_code": "173"
    },
    "05959": {
        "name": "Kha Sơn",
        "type": "xa",
        "slug": "kha-son",
        "name_with_type": "Xã Kha Sơn",
        "path": "Kha Sơn, Phú Bình, Thái Nguyên",
        "path_with_type": "Xã Kha Sơn, Huyện Phú Bình, Tỉnh Thái Nguyên",
        "code": "05959",
        "parent_code": "173"
    },
    "05962": {
        "name": "Thanh Ninh",
        "type": "xa",
        "slug": "thanh-ninh",
        "name_with_type": "Xã Thanh Ninh",
        "path": "Thanh Ninh, Phú Bình, Thái Nguyên",
        "path_with_type": "Xã Thanh Ninh, Huyện Phú Bình, Tỉnh Thái Nguyên",
        "code": "05962",
        "parent_code": "173"
    },
    "05965": {
        "name": "Dương Thành",
        "type": "xa",
        "slug": "duong-thanh",
        "name_with_type": "Xã Dương Thành",
        "path": "Dương Thành, Phú Bình, Thái Nguyên",
        "path_with_type": "Xã Dương Thành, Huyện Phú Bình, Tỉnh Thái Nguyên",
        "code": "05965",
        "parent_code": "173"
    },
    "05968": {
        "name": "Hà Châu",
        "type": "xa",
        "slug": "ha-chau",
        "name_with_type": "Xã Hà Châu",
        "path": "Hà Châu, Phú Bình, Thái Nguyên",
        "path_with_type": "Xã Hà Châu, Huyện Phú Bình, Tỉnh Thái Nguyên",
        "code": "05968",
        "parent_code": "173"
    }
}