{
    "05971": {
        "name": "Hoàng Văn Thụ",
        "type": "phuong",
        "slug": "hoang-van-thu",
        "name_with_type": "Phường Hoàng Văn Thụ",
        "path": "Hoàng Văn Thụ, Lạng Sơn, Lạng Sơn",
        "path_with_type": "Phường Hoàng Văn Thụ, Thành phố Lạng Sơn, Tỉnh Lạng Sơn",
        "code": "05971",
        "parent_code": "178"
    },
    "05974": {
        "name": "Tam Thanh",
        "type": "phuong",
        "slug": "tam-thanh",
        "name_with_type": "Phường Tam Thanh",
        "path": "Tam Thanh, Lạng Sơn, Lạng Sơn",
        "path_with_type": "Phường Tam Thanh, Thành phố Lạng Sơn, Tỉnh Lạng Sơn",
        "code": "05974",
        "parent_code": "178"
    },
    "05977": {
        "name": "Vĩnh Trại",
        "type": "phuong",
        "slug": "vinh-trai",
        "name_with_type": "Phường Vĩnh Trại",
        "path": "Vĩnh Trại, Lạng Sơn, Lạng Sơn",
        "path_with_type": "Phường Vĩnh Trại, Thành phố Lạng Sơn, Tỉnh Lạng Sơn",
        "code": "05977",
        "parent_code": "178"
    },
    "05980": {
        "name": "Đông Kinh",
        "type": "phuong",
        "slug": "dong-kinh",
        "name_with_type": "Phường Đông Kinh",
        "path": "Đông Kinh, Lạng Sơn, Lạng Sơn",
        "path_with_type": "Phường Đông Kinh, Thành phố Lạng Sơn, Tỉnh Lạng Sơn",
        "code": "05980",
        "parent_code": "178"
    },
    "05983": {
        "name": "Chi Lăng",
        "type": "phuong",
        "slug": "chi-lang",
        "name_with_type": "Phường Chi Lăng",
        "path": "Chi Lăng, Lạng Sơn, Lạng Sơn",
        "path_with_type": "Phường Chi Lăng, Thành phố Lạng Sơn, Tỉnh Lạng Sơn",
        "code": "05983",
        "parent_code": "178"
    },
    "05986": {
        "name": "Hoàng Đồng",
        "type": "xa",
        "slug": "hoang-dong",
        "name_with_type": "Xã Hoàng Đồng",
        "path": "Hoàng Đồng, Lạng Sơn, Lạng Sơn",
        "path_with_type": "Xã Hoàng Đồng, Thành phố Lạng Sơn, Tỉnh Lạng Sơn",
        "code": "05986",
        "parent_code": "178"
    },
    "05989": {
        "name": "Quảng Lạc",
        "type": "xa",
        "slug": "quang-lac",
        "name_with_type": "Xã Quảng Lạc",
        "path": "Quảng Lạc, Lạng Sơn, Lạng Sơn",
        "path_with_type": "Xã Quảng Lạc, Thành phố Lạng Sơn, Tỉnh Lạng Sơn",
        "code": "05989",
        "parent_code": "178"
    },
    "05992": {
        "name": "Mai Pha",
        "type": "xa",
        "slug": "mai-pha",
        "name_with_type": "Xã Mai Pha",
        "path": "Mai Pha, Lạng Sơn, Lạng Sơn",
        "path_with_type": "Xã Mai Pha, Thành phố Lạng Sơn, Tỉnh Lạng Sơn",
        "code": "05992",
        "parent_code": "178"
    }
}