{
    "06124": {
        "name": "Na Sầm",
        "type": "thi-tran",
        "slug": "na-sam",
        "name_with_type": "Thị trấn Na Sầm",
        "path": "Na Sầm, Văn Lãng, Lạng Sơn",
        "path_with_type": "Thị trấn Na Sầm, Huyện Văn Lãng, Tỉnh Lạng Sơn",
        "code": "06124",
        "parent_code": "182"
    },
    "06127": {
        "name": "Trùng Khánh",
        "type": "xa",
        "slug": "trung-khanh",
        "name_with_type": "Xã Trùng Khánh",
        "path": "Trùng Khánh, Văn Lãng, Lạng Sơn",
        "path_with_type": "Xã Trùng Khánh, Huyện Văn Lãng, Tỉnh Lạng Sơn",
        "code": "06127",
        "parent_code": "182"
    },
    "06133": {
        "name": "Bắc La",
        "type": "xa",
        "slug": "bac-la",
        "name_with_type": "Xã Bắc La",
        "path": "Bắc La, Văn Lãng, Lạng Sơn",
        "path_with_type": "Xã Bắc La, Huyện Văn Lãng, Tỉnh Lạng Sơn",
        "code": "06133",
        "parent_code": "182"
    },
    "06136": {
        "name": "Thụy Hùng",
        "type": "xa",
        "slug": "thuy-hung",
        "name_with_type": "Xã Thụy Hùng",
        "path": "Thụy Hùng, Văn Lãng, Lạng Sơn",
        "path_with_type": "Xã Thụy Hùng, Huyện Văn Lãng, Tỉnh Lạng Sơn",
        "code": "06136",
        "parent_code": "182"
    },
    "06139": {
        "name": "Bắc Hùng",
        "type": "xa",
        "slug": "bac-hung",
        "name_with_type": "Xã Bắc Hùng",
        "path": "Bắc Hùng, Văn Lãng, Lạng Sơn",
        "path_with_type": "Xã Bắc Hùng, Huyện Văn Lãng, Tỉnh Lạng Sơn",
        "code": "06139",
        "parent_code": "182"
    },
    "06142": {
        "name": "Tân Tác",
        "type": "xa",
        "slug": "tan-tac",
        "name_with_type": "Xã Tân Tác",
        "path": "Tân Tác, Văn Lãng, Lạng Sơn",
        "path_with_type": "Xã Tân Tác, Huyện Văn Lãng, Tỉnh Lạng Sơn",
        "code": "06142",
        "parent_code": "182"
    },
    "06148": {
        "name": "Thanh Long",
        "type": "xa",
        "slug": "thanh-long",
        "name_with_type": "Xã Thanh Long",
        "path": "Thanh Long, Văn Lãng, Lạng Sơn",
        "path_with_type": "Xã Thanh Long, Huyện Văn Lãng, Tỉnh Lạng Sơn",
        "code": "06148",
        "parent_code": "182"
    },
    "06151": {
        "name": "Hội Hoan",
        "type": "xa",
        "slug": "hoi-hoan",
        "name_with_type": "Xã Hội Hoan",
        "path": "Hội Hoan, Văn Lãng, Lạng Sơn",
        "path_with_type": "Xã Hội Hoan, Huyện Văn Lãng, Tỉnh Lạng Sơn",
        "code": "06151",
        "parent_code": "182"
    },
    "06154": {
        "name": "Bắc Việt",
        "type": "xa",
        "slug": "bac-viet",
        "name_with_type": "Xã Bắc Việt",
        "path": "Bắc Việt, Văn Lãng, Lạng Sơn",
        "path_with_type": "Xã Bắc Việt, Huyện Văn Lãng, Tỉnh Lạng Sơn",
        "code": "06154",
        "parent_code": "182"
    },
    "06157": {
        "name": "Hoàng Việt",
        "type": "xa",
        "slug": "hoang-viet",
        "name_with_type": "Xã Hoàng Việt",
        "path": "Hoàng Việt, Văn Lãng, Lạng Sơn",
        "path_with_type": "Xã Hoàng Việt, Huyện Văn Lãng, Tỉnh Lạng Sơn",
        "code": "06157",
        "parent_code": "182"
    },
    "06160": {
        "name": "Gia Miễn",
        "type": "xa",
        "slug": "gia-mien",
        "name_with_type": "Xã Gia Miễn",
        "path": "Gia Miễn, Văn Lãng, Lạng Sơn",
        "path_with_type": "Xã Gia Miễn, Huyện Văn Lãng, Tỉnh Lạng Sơn",
        "code": "06160",
        "parent_code": "182"
    },
    "06163": {
        "name": "Thành Hòa",
        "type": "xa",
        "slug": "thanh-hoa",
        "name_with_type": "Xã Thành Hòa",
        "path": "Thành Hòa, Văn Lãng, Lạng Sơn",
        "path_with_type": "Xã Thành Hòa, Huyện Văn Lãng, Tỉnh Lạng Sơn",
        "code": "06163",
        "parent_code": "182"
    },
    "06166": {
        "name": "Tân Thanh",
        "type": "xa",
        "slug": "tan-thanh",
        "name_with_type": "Xã Tân Thanh",
        "path": "Tân Thanh, Văn Lãng, Lạng Sơn",
        "path_with_type": "Xã Tân Thanh, Huyện Văn Lãng, Tỉnh Lạng Sơn",
        "code": "06166",
        "parent_code": "182"
    },
    "06172": {
        "name": "Tân Mỹ",
        "type": "xa",
        "slug": "tan-my",
        "name_with_type": "Xã Tân Mỹ",
        "path": "Tân Mỹ, Văn Lãng, Lạng Sơn",
        "path_with_type": "Xã Tân Mỹ, Huyện Văn Lãng, Tỉnh Lạng Sơn",
        "code": "06172",
        "parent_code": "182"
    },
    "06175": {
        "name": "Hồng Thái",
        "type": "xa",
        "slug": "hong-thai",
        "name_with_type": "Xã Hồng Thái",
        "path": "Hồng Thái, Văn Lãng, Lạng Sơn",
        "path_with_type": "Xã Hồng Thái, Huyện Văn Lãng, Tỉnh Lạng Sơn",
        "code": "06175",
        "parent_code": "182"
    },
    "06178": {
        "name": "Hoàng Văn Thụ",
        "type": "xa",
        "slug": "hoang-van-thu",
        "name_with_type": "Xã  Hoàng Văn Thụ",
        "path": "Hoàng Văn Thụ, Văn Lãng, Lạng Sơn",
        "path_with_type": "Xã  Hoàng Văn Thụ, Huyện Văn Lãng, Tỉnh Lạng Sơn",
        "code": "06178",
        "parent_code": "182"
    },
    "06181": {
        "name": "Nhạc Kỳ",
        "type": "xa",
        "slug": "nhac-ky",
        "name_with_type": "Xã Nhạc Kỳ",
        "path": "Nhạc Kỳ, Văn Lãng, Lạng Sơn",
        "path_with_type": "Xã Nhạc Kỳ, Huyện Văn Lãng, Tỉnh Lạng Sơn",
        "code": "06181",
        "parent_code": "182"
    }
}