{
    "06526": {
        "name": "Na Dương",
        "type": "thi-tran",
        "slug": "na-duong",
        "name_with_type": "Thị trấn Na Dương",
        "path": "Na Dương, Lộc Bình, Lạng Sơn",
        "path_with_type": "Thị trấn Na Dương, Huyện Lộc Bình, Tỉnh Lạng Sơn",
        "code": "06526",
        "parent_code": "188"
    },
    "06529": {
        "name": "Lộc Bình",
        "type": "thi-tran",
        "slug": "loc-binh",
        "name_with_type": "Thị trấn Lộc Bình",
        "path": "Lộc Bình, Lộc Bình, Lạng Sơn",
        "path_with_type": "Thị trấn Lộc Bình, Huyện Lộc Bình, Tỉnh Lạng Sơn",
        "code": "06529",
        "parent_code": "188"
    },
    "06532": {
        "name": "Mẫu Sơn",
        "type": "xa",
        "slug": "mau-son",
        "name_with_type": "Xã Mẫu Sơn",
        "path": "Mẫu Sơn, Lộc Bình, Lạng Sơn",
        "path_with_type": "Xã Mẫu Sơn, Huyện Lộc Bình, Tỉnh Lạng Sơn",
        "code": "06532",
        "parent_code": "188"
    },
    "06541": {
        "name": "Yên Khoái",
        "type": "xa",
        "slug": "yen-khoai",
        "name_with_type": "Xã Yên Khoái",
        "path": "Yên Khoái, Lộc Bình, Lạng Sơn",
        "path_with_type": "Xã Yên Khoái, Huyện Lộc Bình, Tỉnh Lạng Sơn",
        "code": "06541",
        "parent_code": "188"
    },
    "06544": {
        "name": "Khánh Xuân",
        "type": "xa",
        "slug": "khanh-xuan",
        "name_with_type": "Xã Khánh Xuân",
        "path": "Khánh Xuân, Lộc Bình, Lạng Sơn",
        "path_with_type": "Xã Khánh Xuân, Huyện Lộc Bình, Tỉnh Lạng Sơn",
        "code": "06544",
        "parent_code": "188"
    },
    "06547": {
        "name": "Tú Mịch",
        "type": "xa",
        "slug": "tu-mich",
        "name_with_type": "Xã Tú Mịch",
        "path": "Tú Mịch, Lộc Bình, Lạng Sơn",
        "path_with_type": "Xã Tú Mịch, Huyện Lộc Bình, Tỉnh Lạng Sơn",
        "code": "06547",
        "parent_code": "188"
    },
    "06550": {
        "name": "Hữu Khánh",
        "type": "xa",
        "slug": "huu-khanh",
        "name_with_type": "Xã Hữu Khánh",
        "path": "Hữu Khánh, Lộc Bình, Lạng Sơn",
        "path_with_type": "Xã Hữu Khánh, Huyện Lộc Bình, Tỉnh Lạng Sơn",
        "code": "06550",
        "parent_code": "188"
    },
    "06553": {
        "name": "Đồng Bục",
        "type": "xa",
        "slug": "dong-buc",
        "name_with_type": "Xã Đồng Bục",
        "path": "Đồng Bục, Lộc Bình, Lạng Sơn",
        "path_with_type": "Xã Đồng Bục, Huyện Lộc Bình, Tỉnh Lạng Sơn",
        "code": "06553",
        "parent_code": "188"
    },
    "06559": {
        "name": "Tam Gia",
        "type": "xa",
        "slug": "tam-gia",
        "name_with_type": "Xã Tam Gia",
        "path": "Tam Gia, Lộc Bình, Lạng Sơn",
        "path_with_type": "Xã Tam Gia, Huyện Lộc Bình, Tỉnh Lạng Sơn",
        "code": "06559",
        "parent_code": "188"
    },
    "06562": {
        "name": "Tú Đoạn",
        "type": "xa",
        "slug": "tu-doan",
        "name_with_type": "Xã Tú Đoạn",
        "path": "Tú Đoạn, Lộc Bình, Lạng Sơn",
        "path_with_type": "Xã Tú Đoạn, Huyện Lộc Bình, Tỉnh Lạng Sơn",
        "code": "06562",
        "parent_code": "188"
    },
    "06565": {
        "name": "Khuất Xá",
        "type": "xa",
        "slug": "khuat-xa",
        "name_with_type": "Xã Khuất Xá",
        "path": "Khuất Xá, Lộc Bình, Lạng Sơn",
        "path_with_type": "Xã Khuất Xá, Huyện Lộc Bình, Tỉnh Lạng Sơn",
        "code": "06565",
        "parent_code": "188"
    },
    "06574": {
        "name": "Tĩnh Bắc",
        "type": "xa",
        "slug": "tinh-bac",
        "name_with_type": "Xã Tĩnh Bắc",
        "path": "Tĩnh Bắc, Lộc Bình, Lạng Sơn",
        "path_with_type": "Xã Tĩnh Bắc, Huyện Lộc Bình, Tỉnh Lạng Sơn",
        "code": "06574",
        "parent_code": "188"
    },
    "06577": {
        "name": "Thống Nhất",
        "type": "xa",
        "slug": "thong-nhat",
        "name_with_type": "Xã Thống Nhất",
        "path": "Thống Nhất, Lộc Bình, Lạng Sơn",
        "path_with_type": "Xã Thống Nhất, Huyện Lộc Bình, Tỉnh Lạng Sơn",
        "code": "06577",
        "parent_code": "188"
    },
    "06589": {
        "name": "Sàn Viên",
        "type": "xa",
        "slug": "san-vien",
        "name_with_type": "Xã Sàn Viên",
        "path": "Sàn Viên, Lộc Bình, Lạng Sơn",
        "path_with_type": "Xã Sàn Viên, Huyện Lộc Bình, Tỉnh Lạng Sơn",
        "code": "06589",
        "parent_code": "188"
    },
    "06592": {
        "name": "Đông Quan",
        "type": "xa",
        "slug": "dong-quan",
        "name_with_type": "Xã Đông Quan",
        "path": "Đông Quan, Lộc Bình, Lạng Sơn",
        "path_with_type": "Xã Đông Quan, Huyện Lộc Bình, Tỉnh Lạng Sơn",
        "code": "06592",
        "parent_code": "188"
    },
    "06595": {
        "name": "Minh Hiệp",
        "type": "xa",
        "slug": "minh-hiep",
        "name_with_type": "Xã Minh Hiệp",
        "path": "Minh Hiệp, Lộc Bình, Lạng Sơn",
        "path_with_type": "Xã Minh Hiệp, Huyện Lộc Bình, Tỉnh Lạng Sơn",
        "code": "06595",
        "parent_code": "188"
    },
    "06598": {
        "name": "Hữu Lân",
        "type": "xa",
        "slug": "huu-lan",
        "name_with_type": "Xã Hữu Lân",
        "path": "Hữu Lân, Lộc Bình, Lạng Sơn",
        "path_with_type": "Xã Hữu Lân, Huyện Lộc Bình, Tỉnh Lạng Sơn",
        "code": "06598",
        "parent_code": "188"
    },
    "06601": {
        "name": "Lợi Bác",
        "type": "xa",
        "slug": "loi-bac",
        "name_with_type": "Xã Lợi Bác",
        "path": "Lợi Bác, Lộc Bình, Lạng Sơn",
        "path_with_type": "Xã Lợi Bác, Huyện Lộc Bình, Tỉnh Lạng Sơn",
        "code": "06601",
        "parent_code": "188"
    },
    "06604": {
        "name": "Nam Quan",
        "type": "xa",
        "slug": "nam-quan",
        "name_with_type": "Xã Nam Quan",
        "path": "Nam Quan, Lộc Bình, Lạng Sơn",
        "path_with_type": "Xã Nam Quan, Huyện Lộc Bình, Tỉnh Lạng Sơn",
        "code": "06604",
        "parent_code": "188"
    },
    "06607": {
        "name": "Xuân Dương",
        "type": "xa",
        "slug": "xuan-duong",
        "name_with_type": "Xã Xuân Dương",
        "path": "Xuân Dương, Lộc Bình, Lạng Sơn",
        "path_with_type": "Xã Xuân Dương, Huyện Lộc Bình, Tỉnh Lạng Sơn",
        "code": "06607",
        "parent_code": "188"
    },
    "06610": {
        "name": "Ái Quốc",
        "type": "xa",
        "slug": "ai-quoc",
        "name_with_type": "Xã Ái Quốc",
        "path": "Ái Quốc, Lộc Bình, Lạng Sơn",
        "path_with_type": "Xã Ái Quốc, Huyện Lộc Bình, Tỉnh Lạng Sơn",
        "code": "06610",
        "parent_code": "188"
    }
}