{
    "06808": {
        "name": "Vàng Danh",
        "type": "phuong",
        "slug": "vang-danh",
        "name_with_type": "Phường Vàng Danh",
        "path": "Vàng Danh, Uông Bí, Quảng Ninh",
        "path_with_type": "Phường Vàng Danh, Thành phố Uông Bí, Tỉnh Quảng Ninh",
        "code": "06808",
        "parent_code": "196"
    },
    "06811": {
        "name": "Thanh Sơn",
        "type": "phuong",
        "slug": "thanh-son",
        "name_with_type": "Phường Thanh Sơn",
        "path": "Thanh Sơn, Uông Bí, Quảng Ninh",
        "path_with_type": "Phường Thanh Sơn, Thành phố Uông Bí, Tỉnh Quảng Ninh",
        "code": "06811",
        "parent_code": "196"
    },
    "06814": {
        "name": "Bắc Sơn",
        "type": "phuong",
        "slug": "bac-son",
        "name_with_type": "Phường Bắc Sơn",
        "path": "Bắc Sơn, Uông Bí, Quảng Ninh",
        "path_with_type": "Phường Bắc Sơn, Thành phố Uông Bí, Tỉnh Quảng Ninh",
        "code": "06814",
        "parent_code": "196"
    },
    "06817": {
        "name": "Quang Trung",
        "type": "phuong",
        "slug": "quang-trung",
        "name_with_type": "Phường Quang Trung",
        "path": "Quang Trung, Uông Bí, Quảng Ninh",
        "path_with_type": "Phường Quang Trung, Thành phố Uông Bí, Tỉnh Quảng Ninh",
        "code": "06817",
        "parent_code": "196"
    },
    "06820": {
        "name": "Trưng Vương",
        "type": "phuong",
        "slug": "trung-vuong",
        "name_with_type": "Phường Trưng Vương",
        "path": "Trưng Vương, Uông Bí, Quảng Ninh",
        "path_with_type": "Phường Trưng Vương, Thành phố Uông Bí, Tỉnh Quảng Ninh",
        "code": "06820",
        "parent_code": "196"
    },
    "06823": {
        "name": "Nam Khê",
        "type": "phuong",
        "slug": "nam-khe",
        "name_with_type": "Phường Nam Khê",
        "path": "Nam Khê, Uông Bí, Quảng Ninh",
        "path_with_type": "Phường Nam Khê, Thành phố Uông Bí, Tỉnh Quảng Ninh",
        "code": "06823",
        "parent_code": "196"
    },
    "06826": {
        "name": "Yên Thanh",
        "type": "phuong",
        "slug": "yen-thanh",
        "name_with_type": "Phường Yên Thanh",
        "path": "Yên Thanh, Uông Bí, Quảng Ninh",
        "path_with_type": "Phường Yên Thanh, Thành phố Uông Bí, Tỉnh Quảng Ninh",
        "code": "06826",
        "parent_code": "196"
    },
    "06829": {
        "name": "Thượng Yên Công",
        "type": "xa",
        "slug": "thuong-yen-cong",
        "name_with_type": "Xã Thượng Yên Công",
        "path": "Thượng Yên Công, Uông Bí, Quảng Ninh",
        "path_with_type": "Xã Thượng Yên Công, Thành phố Uông Bí, Tỉnh Quảng Ninh",
        "code": "06829",
        "parent_code": "196"
    },
    "06832": {
        "name": "Phương Đông",
        "type": "phuong",
        "slug": "phuong-dong",
        "name_with_type": "Phường Phương Đông",
        "path": "Phương Đông, Uông Bí, Quảng Ninh",
        "path_with_type": "Phường Phương Đông, Thành phố Uông Bí, Tỉnh Quảng Ninh",
        "code": "06832",
        "parent_code": "196"
    },
    "06835": {
        "name": "Phương Nam",
        "type": "phuong",
        "slug": "phuong-nam",
        "name_with_type": "Phường Phương Nam",
        "path": "Phương Nam, Uông Bí, Quảng Ninh",
        "path_with_type": "Phường Phương Nam, Thành phố Uông Bí, Tỉnh Quảng Ninh",
        "code": "06835",
        "parent_code": "196"
    }
}