{
    "06862": {
        "name": "Tiên Yên",
        "type": "thi-tran",
        "slug": "tien-yen",
        "name_with_type": "Thị trấn Tiên Yên",
        "path": "Tiên Yên, Tiên Yên, Quảng Ninh",
        "path_with_type": "Thị trấn Tiên Yên, Huyện Tiên Yên, Tỉnh Quảng Ninh",
        "code": "06862",
        "parent_code": "199"
    },
    "06865": {
        "name": "Hà Lâu",
        "type": "xa",
        "slug": "ha-lau",
        "name_with_type": "Xã Hà Lâu",
        "path": "Hà Lâu, Tiên Yên, Quảng Ninh",
        "path_with_type": "Xã Hà Lâu, Huyện Tiên Yên, Tỉnh Quảng Ninh",
        "code": "06865",
        "parent_code": "199"
    },
    "06868": {
        "name": "Đại Dực",
        "type": "xa",
        "slug": "dai-duc",
        "name_with_type": "Xã Đại Dực",
        "path": "Đại Dực, Tiên Yên, Quảng Ninh",
        "path_with_type": "Xã Đại Dực, Huyện Tiên Yên, Tỉnh Quảng Ninh",
        "code": "06868",
        "parent_code": "199"
    },
    "06871": {
        "name": "Phong Dụ",
        "type": "xa",
        "slug": "phong-du",
        "name_with_type": "Xã Phong Dụ",
        "path": "Phong Dụ, Tiên Yên, Quảng Ninh",
        "path_with_type": "Xã Phong Dụ, Huyện Tiên Yên, Tỉnh Quảng Ninh",
        "code": "06871",
        "parent_code": "199"
    },
    "06874": {
        "name": "Điền Xá",
        "type": "xa",
        "slug": "dien-xa",
        "name_with_type": "Xã Điền Xá",
        "path": "Điền Xá, Tiên Yên, Quảng Ninh",
        "path_with_type": "Xã Điền Xá, Huyện Tiên Yên, Tỉnh Quảng Ninh",
        "code": "06874",
        "parent_code": "199"
    },
    "06877": {
        "name": "Đông Ngũ",
        "type": "xa",
        "slug": "dong-ngu",
        "name_with_type": "Xã Đông Ngũ",
        "path": "Đông Ngũ, Tiên Yên, Quảng Ninh",
        "path_with_type": "Xã Đông Ngũ, Huyện Tiên Yên, Tỉnh Quảng Ninh",
        "code": "06877",
        "parent_code": "199"
    },
    "06880": {
        "name": "Yên Than",
        "type": "xa",
        "slug": "yen-than",
        "name_with_type": "Xã Yên Than",
        "path": "Yên Than, Tiên Yên, Quảng Ninh",
        "path_with_type": "Xã Yên Than, Huyện Tiên Yên, Tỉnh Quảng Ninh",
        "code": "06880",
        "parent_code": "199"
    },
    "06883": {
        "name": "Đông Hải",
        "type": "xa",
        "slug": "dong-hai",
        "name_with_type": "Xã Đông Hải",
        "path": "Đông Hải, Tiên Yên, Quảng Ninh",
        "path_with_type": "Xã Đông Hải, Huyện Tiên Yên, Tỉnh Quảng Ninh",
        "code": "06883",
        "parent_code": "199"
    },
    "06886": {
        "name": "Hải Lạng",
        "type": "xa",
        "slug": "hai-lang",
        "name_with_type": "Xã Hải Lạng",
        "path": "Hải Lạng, Tiên Yên, Quảng Ninh",
        "path_with_type": "Xã Hải Lạng, Huyện Tiên Yên, Tỉnh Quảng Ninh",
        "code": "06886",
        "parent_code": "199"
    },
    "06889": {
        "name": "Tiên Lãng",
        "type": "xa",
        "slug": "tien-lang",
        "name_with_type": "Xã Tiên Lãng",
        "path": "Tiên Lãng, Tiên Yên, Quảng Ninh",
        "path_with_type": "Xã Tiên Lãng, Huyện Tiên Yên, Tỉnh Quảng Ninh",
        "code": "06889",
        "parent_code": "199"
    },
    "06892": {
        "name": "Đồng Rui",
        "type": "xa",
        "slug": "dong-rui",
        "name_with_type": "Xã Đồng Rui",
        "path": "Đồng Rui, Tiên Yên, Quảng Ninh",
        "path_with_type": "Xã Đồng Rui, Huyện Tiên Yên, Tỉnh Quảng Ninh",
        "code": "06892",
        "parent_code": "199"
    }
}