{
    "06922": {
        "name": "Quảng Hà",
        "type": "thi-tran",
        "slug": "quang-ha",
        "name_with_type": "Thị trấn Quảng Hà",
        "path": "Quảng Hà, Hải Hà, Quảng Ninh",
        "path_with_type": "Thị trấn Quảng Hà, Huyện Hải Hà, Tỉnh Quảng Ninh",
        "code": "06922",
        "parent_code": "201"
    },
    "06925": {
        "name": "Quảng Đức",
        "type": "xa",
        "slug": "quang-duc",
        "name_with_type": "Xã Quảng Đức",
        "path": "Quảng Đức, Hải Hà, Quảng Ninh",
        "path_with_type": "Xã Quảng Đức, Huyện Hải Hà, Tỉnh Quảng Ninh",
        "code": "06925",
        "parent_code": "201"
    },
    "06928": {
        "name": "Quảng Sơn",
        "type": "xa",
        "slug": "quang-son",
        "name_with_type": "Xã Quảng Sơn",
        "path": "Quảng Sơn, Hải Hà, Quảng Ninh",
        "path_with_type": "Xã Quảng Sơn, Huyện Hải Hà, Tỉnh Quảng Ninh",
        "code": "06928",
        "parent_code": "201"
    },
    "06931": {
        "name": "Quảng Thành",
        "type": "xa",
        "slug": "quang-thanh",
        "name_with_type": "Xã Quảng Thành",
        "path": "Quảng Thành, Hải Hà, Quảng Ninh",
        "path_with_type": "Xã Quảng Thành, Huyện Hải Hà, Tỉnh Quảng Ninh",
        "code": "06931",
        "parent_code": "201"
    },
    "06937": {
        "name": "Quảng Thịnh",
        "type": "xa",
        "slug": "quang-thinh",
        "name_with_type": "Xã Quảng Thịnh",
        "path": "Quảng Thịnh, Hải Hà, Quảng Ninh",
        "path_with_type": "Xã Quảng Thịnh, Huyện Hải Hà, Tỉnh Quảng Ninh",
        "code": "06937",
        "parent_code": "201"
    },
    "06940": {
        "name": "Quảng Minh",
        "type": "xa",
        "slug": "quang-minh",
        "name_with_type": "Xã Quảng Minh",
        "path": "Quảng Minh, Hải Hà, Quảng Ninh",
        "path_with_type": "Xã Quảng Minh, Huyện Hải Hà, Tỉnh Quảng Ninh",
        "code": "06940",
        "parent_code": "201"
    },
    "06943": {
        "name": "Quảng Chính",
        "type": "xa",
        "slug": "quang-chinh",
        "name_with_type": "Xã Quảng Chính",
        "path": "Quảng Chính, Hải Hà, Quảng Ninh",
        "path_with_type": "Xã Quảng Chính, Huyện Hải Hà, Tỉnh Quảng Ninh",
        "code": "06943",
        "parent_code": "201"
    },
    "06946": {
        "name": "Quảng Long",
        "type": "xa",
        "slug": "quang-long",
        "name_with_type": "Xã Quảng Long",
        "path": "Quảng Long, Hải Hà, Quảng Ninh",
        "path_with_type": "Xã Quảng Long, Huyện Hải Hà, Tỉnh Quảng Ninh",
        "code": "06946",
        "parent_code": "201"
    },
    "06949": {
        "name": "Đường Hoa",
        "type": "xa",
        "slug": "duong-hoa",
        "name_with_type": "Xã Đường Hoa",
        "path": "Đường Hoa, Hải Hà, Quảng Ninh",
        "path_with_type": "Xã Đường Hoa, Huyện Hải Hà, Tỉnh Quảng Ninh",
        "code": "06949",
        "parent_code": "201"
    },
    "06952": {
        "name": "Quảng Phong",
        "type": "xa",
        "slug": "quang-phong",
        "name_with_type": "Xã Quảng Phong",
        "path": "Quảng Phong, Hải Hà, Quảng Ninh",
        "path_with_type": "Xã Quảng Phong, Huyện Hải Hà, Tỉnh Quảng Ninh",
        "code": "06952",
        "parent_code": "201"
    },
    "06967": {
        "name": "Cái Chiên",
        "type": "xa",
        "slug": "cai-chien",
        "name_with_type": "Xã Cái Chiên",
        "path": "Cái Chiên, Hải Hà, Quảng Ninh",
        "path_with_type": "Xã Cái Chiên, Huyện Hải Hà, Tỉnh Quảng Ninh",
        "code": "06967",
        "parent_code": "201"
    }
}