{
    "07069": {
        "name": "Mạo Khê",
        "type": "phuong",
        "slug": "mao-khe",
        "name_with_type": "Phường Mạo Khê",
        "path": "Mạo Khê, Đông Triều, Quảng Ninh",
        "path_with_type": "Phường Mạo Khê, Thị xã Đông Triều, Tỉnh Quảng Ninh",
        "code": "07069",
        "parent_code": "205"
    },
    "07072": {
        "name": "Đông Triều",
        "type": "phuong",
        "slug": "dong-trieu",
        "name_with_type": "Phường Đông Triều",
        "path": "Đông Triều, Đông Triều, Quảng Ninh",
        "path_with_type": "Phường Đông Triều, Thị xã Đông Triều, Tỉnh Quảng Ninh",
        "code": "07072",
        "parent_code": "205"
    },
    "07075": {
        "name": "An Sinh",
        "type": "xa",
        "slug": "an-sinh",
        "name_with_type": "Xã An Sinh",
        "path": "An Sinh, Đông Triều, Quảng Ninh",
        "path_with_type": "Xã An Sinh, Thị xã Đông Triều, Tỉnh Quảng Ninh",
        "code": "07075",
        "parent_code": "205"
    },
    "07078": {
        "name": "Tràng Lương",
        "type": "xa",
        "slug": "trang-luong",
        "name_with_type": "Xã Tràng Lương",
        "path": "Tràng Lương, Đông Triều, Quảng Ninh",
        "path_with_type": "Xã Tràng Lương, Thị xã Đông Triều, Tỉnh Quảng Ninh",
        "code": "07078",
        "parent_code": "205"
    },
    "07081": {
        "name": "Bình Khê",
        "type": "xa",
        "slug": "binh-khe",
        "name_with_type": "Xã Bình Khê",
        "path": "Bình Khê, Đông Triều, Quảng Ninh",
        "path_with_type": "Xã Bình Khê, Thị xã Đông Triều, Tỉnh Quảng Ninh",
        "code": "07081",
        "parent_code": "205"
    },
    "07084": {
        "name": "Việt Dân",
        "type": "xa",
        "slug": "viet-dan",
        "name_with_type": "Xã Việt Dân",
        "path": "Việt Dân, Đông Triều, Quảng Ninh",
        "path_with_type": "Xã Việt Dân, Thị xã Đông Triều, Tỉnh Quảng Ninh",
        "code": "07084",
        "parent_code": "205"
    },
    "07087": {
        "name": "Tân Việt",
        "type": "xa",
        "slug": "tan-viet",
        "name_with_type": "Xã Tân Việt",
        "path": "Tân Việt, Đông Triều, Quảng Ninh",
        "path_with_type": "Xã Tân Việt, Thị xã Đông Triều, Tỉnh Quảng Ninh",
        "code": "07087",
        "parent_code": "205"
    },
    "07090": {
        "name": "Bình Dương",
        "type": "xa",
        "slug": "binh-duong",
        "name_with_type": "Xã Bình Dương",
        "path": "Bình Dương, Đông Triều, Quảng Ninh",
        "path_with_type": "Xã Bình Dương, Thị xã Đông Triều, Tỉnh Quảng Ninh",
        "code": "07090",
        "parent_code": "205"
    },
    "07093": {
        "name": "Đức Chính",
        "type": "phuong",
        "slug": "duc-chinh",
        "name_with_type": "Phường Đức Chính",
        "path": "Đức Chính, Đông Triều, Quảng Ninh",
        "path_with_type": "Phường Đức Chính, Thị xã Đông Triều, Tỉnh Quảng Ninh",
        "code": "07093",
        "parent_code": "205"
    },
    "07096": {
        "name": "Tràng An",
        "type": "phuong",
        "slug": "trang-an",
        "name_with_type": "Phường Tràng An",
        "path": "Tràng An, Đông Triều, Quảng Ninh",
        "path_with_type": "Phường Tràng An, Thị xã Đông Triều, Tỉnh Quảng Ninh",
        "code": "07096",
        "parent_code": "205"
    },
    "07099": {
        "name": "Nguyễn Huệ",
        "type": "xa",
        "slug": "nguyen-hue",
        "name_with_type": "Xã Nguyễn Huệ",
        "path": "Nguyễn Huệ, Đông Triều, Quảng Ninh",
        "path_with_type": "Xã Nguyễn Huệ, Thị xã Đông Triều, Tỉnh Quảng Ninh",
        "code": "07099",
        "parent_code": "205"
    },
    "07102": {
        "name": "Thủy An",
        "type": "xa",
        "slug": "thuy-an",
        "name_with_type": "Xã Thủy An",
        "path": "Thủy An, Đông Triều, Quảng Ninh",
        "path_with_type": "Xã Thủy An, Thị xã Đông Triều, Tỉnh Quảng Ninh",
        "code": "07102",
        "parent_code": "205"
    },
    "07105": {
        "name": "Xuân Sơn",
        "type": "phuong",
        "slug": "xuan-son",
        "name_with_type": "Phường Xuân Sơn",
        "path": "Xuân Sơn, Đông Triều, Quảng Ninh",
        "path_with_type": "Phường Xuân Sơn, Thị xã Đông Triều, Tỉnh Quảng Ninh",
        "code": "07105",
        "parent_code": "205"
    },
    "07108": {
        "name": "Hồng Thái Tây",
        "type": "xa",
        "slug": "hong-thai-tay",
        "name_with_type": "Xã Hồng Thái Tây",
        "path": "Hồng Thái Tây, Đông Triều, Quảng Ninh",
        "path_with_type": "Xã Hồng Thái Tây, Thị xã Đông Triều, Tỉnh Quảng Ninh",
        "code": "07108",
        "parent_code": "205"
    },
    "07111": {
        "name": "Hồng Thái Đông",
        "type": "xa",
        "slug": "hong-thai-dong",
        "name_with_type": "Xã Hồng Thái Đông",
        "path": "Hồng Thái Đông, Đông Triều, Quảng Ninh",
        "path_with_type": "Xã Hồng Thái Đông, Thị xã Đông Triều, Tỉnh Quảng Ninh",
        "code": "07111",
        "parent_code": "205"
    },
    "07114": {
        "name": "Hoàng Quế",
        "type": "phuong",
        "slug": "hoang-que",
        "name_with_type": "Phường Hoàng Quế",
        "path": "Hoàng Quế, Đông Triều, Quảng Ninh",
        "path_with_type": "Phường Hoàng Quế, Thị xã Đông Triều, Tỉnh Quảng Ninh",
        "code": "07114",
        "parent_code": "205"
    },
    "07117": {
        "name": "Yên Thọ",
        "type": "phuong",
        "slug": "yen-tho",
        "name_with_type": "Phường Yên Thọ",
        "path": "Yên Thọ, Đông Triều, Quảng Ninh",
        "path_with_type": "Phường Yên Thọ, Thị xã Đông Triều, Tỉnh Quảng Ninh",
        "code": "07117",
        "parent_code": "205"
    },
    "07120": {
        "name": "Hồng Phong",
        "type": "phuong",
        "slug": "hong-phong",
        "name_with_type": "Phường Hồng Phong",
        "path": "Hồng Phong, Đông Triều, Quảng Ninh",
        "path_with_type": "Phường Hồng Phong, Thị xã Đông Triều, Tỉnh Quảng Ninh",
        "code": "07120",
        "parent_code": "205"
    },
    "07123": {
        "name": "Kim Sơn",
        "type": "phuong",
        "slug": "kim-son",
        "name_with_type": "Phường Kim Sơn",
        "path": "Kim Sơn, Đông Triều, Quảng Ninh",
        "path_with_type": "Phường Kim Sơn, Thị xã Đông Triều, Tỉnh Quảng Ninh",
        "code": "07123",
        "parent_code": "205"
    },
    "07126": {
        "name": "Hưng Đạo",
        "type": "phuong",
        "slug": "hung-dao",
        "name_with_type": "Phường Hưng Đạo",
        "path": "Hưng Đạo, Đông Triều, Quảng Ninh",
        "path_with_type": "Phường Hưng Đạo, Thị xã Đông Triều, Tỉnh Quảng Ninh",
        "code": "07126",
        "parent_code": "205"
    },
    "07129": {
        "name": "Yên Đức",
        "type": "xa",
        "slug": "yen-duc",
        "name_with_type": "Xã Yên Đức",
        "path": "Yên Đức, Đông Triều, Quảng Ninh",
        "path_with_type": "Xã Yên Đức, Thị xã Đông Triều, Tỉnh Quảng Ninh",
        "code": "07129",
        "parent_code": "205"
    }
}