{
    "07243": {
        "name": "Đồng Tiến",
        "type": "xa",
        "slug": "dong-tien",
        "name_with_type": "Xã Đồng Tiến",
        "path": "Đồng Tiến, Yên Thế, Bắc Giang",
        "path_with_type": "Xã Đồng Tiến, Huyện Yên Thế, Tỉnh Bắc Giang",
        "code": "07243",
        "parent_code": "215"
    },
    "07246": {
        "name": "Canh Nậu",
        "type": "xa",
        "slug": "canh-nau",
        "name_with_type": "Xã Canh Nậu",
        "path": "Canh Nậu, Yên Thế, Bắc Giang",
        "path_with_type": "Xã Canh Nậu, Huyện Yên Thế, Tỉnh Bắc Giang",
        "code": "07246",
        "parent_code": "215"
    },
    "07249": {
        "name": "Xuân Lương",
        "type": "xa",
        "slug": "xuan-luong",
        "name_with_type": "Xã Xuân Lương",
        "path": "Xuân Lương, Yên Thế, Bắc Giang",
        "path_with_type": "Xã Xuân Lương, Huyện Yên Thế, Tỉnh Bắc Giang",
        "code": "07249",
        "parent_code": "215"
    },
    "07252": {
        "name": "Tam Tiến",
        "type": "xa",
        "slug": "tam-tien",
        "name_with_type": "Xã Tam Tiến",
        "path": "Tam Tiến, Yên Thế, Bắc Giang",
        "path_with_type": "Xã Tam Tiến, Huyện Yên Thế, Tỉnh Bắc Giang",
        "code": "07252",
        "parent_code": "215"
    },
    "07255": {
        "name": "Đồng Vương",
        "type": "xa",
        "slug": "dong-vuong",
        "name_with_type": "Xã Đồng Vương",
        "path": "Đồng Vương, Yên Thế, Bắc Giang",
        "path_with_type": "Xã Đồng Vương, Huyện Yên Thế, Tỉnh Bắc Giang",
        "code": "07255",
        "parent_code": "215"
    },
    "07258": {
        "name": "Đồng Hưu",
        "type": "xa",
        "slug": "dong-huu",
        "name_with_type": "Xã Đồng Hưu",
        "path": "Đồng Hưu, Yên Thế, Bắc Giang",
        "path_with_type": "Xã Đồng Hưu, Huyện Yên Thế, Tỉnh Bắc Giang",
        "code": "07258",
        "parent_code": "215"
    },
    "07260": {
        "name": "Đồng Tâm",
        "type": "xa",
        "slug": "dong-tam",
        "name_with_type": "Xã Đồng Tâm",
        "path": "Đồng Tâm, Yên Thế, Bắc Giang",
        "path_with_type": "Xã Đồng Tâm, Huyện Yên Thế, Tỉnh Bắc Giang",
        "code": "07260",
        "parent_code": "215"
    },
    "07261": {
        "name": "Tam Hiệp",
        "type": "xa",
        "slug": "tam-hiep",
        "name_with_type": "Xã Tam Hiệp",
        "path": "Tam Hiệp, Yên Thế, Bắc Giang",
        "path_with_type": "Xã Tam Hiệp, Huyện Yên Thế, Tỉnh Bắc Giang",
        "code": "07261",
        "parent_code": "215"
    },
    "07264": {
        "name": "Tiến Thắng",
        "type": "xa",
        "slug": "tien-thang",
        "name_with_type": "Xã Tiến Thắng",
        "path": "Tiến Thắng, Yên Thế, Bắc Giang",
        "path_with_type": "Xã Tiến Thắng, Huyện Yên Thế, Tỉnh Bắc Giang",
        "code": "07264",
        "parent_code": "215"
    },
    "07267": {
        "name": "Hồng Kỳ",
        "type": "xa",
        "slug": "hong-ky",
        "name_with_type": "Xã Hồng Kỳ",
        "path": "Hồng Kỳ, Yên Thế, Bắc Giang",
        "path_with_type": "Xã Hồng Kỳ, Huyện Yên Thế, Tỉnh Bắc Giang",
        "code": "07267",
        "parent_code": "215"
    },
    "07270": {
        "name": "Đồng Lạc",
        "type": "xa",
        "slug": "dong-lac",
        "name_with_type": "Xã Đồng Lạc",
        "path": "Đồng Lạc, Yên Thế, Bắc Giang",
        "path_with_type": "Xã Đồng Lạc, Huyện Yên Thế, Tỉnh Bắc Giang",
        "code": "07270",
        "parent_code": "215"
    },
    "07273": {
        "name": "Đông Sơn",
        "type": "xa",
        "slug": "dong-son",
        "name_with_type": "Xã Đông Sơn",
        "path": "Đông Sơn, Yên Thế, Bắc Giang",
        "path_with_type": "Xã Đông Sơn, Huyện Yên Thế, Tỉnh Bắc Giang",
        "code": "07273",
        "parent_code": "215"
    },
    "07276": {
        "name": "Tân Hiệp",
        "type": "xa",
        "slug": "tan-hiep",
        "name_with_type": "Xã Tân Hiệp",
        "path": "Tân Hiệp, Yên Thế, Bắc Giang",
        "path_with_type": "Xã Tân Hiệp, Huyện Yên Thế, Tỉnh Bắc Giang",
        "code": "07276",
        "parent_code": "215"
    },
    "07279": {
        "name": "Hương Vĩ",
        "type": "xa",
        "slug": "huong-vi",
        "name_with_type": "Xã Hương Vĩ",
        "path": "Hương Vĩ, Yên Thế, Bắc Giang",
        "path_with_type": "Xã Hương Vĩ, Huyện Yên Thế, Tỉnh Bắc Giang",
        "code": "07279",
        "parent_code": "215"
    },
    "07282": {
        "name": "Đồng Kỳ",
        "type": "xa",
        "slug": "dong-ky",
        "name_with_type": "Xã Đồng Kỳ",
        "path": "Đồng Kỳ, Yên Thế, Bắc Giang",
        "path_with_type": "Xã Đồng Kỳ, Huyện Yên Thế, Tỉnh Bắc Giang",
        "code": "07282",
        "parent_code": "215"
    },
    "07285": {
        "name": "An Thượng",
        "type": "xa",
        "slug": "an-thuong",
        "name_with_type": "Xã An Thượng",
        "path": "An Thượng, Yên Thế, Bắc Giang",
        "path_with_type": "Xã An Thượng, Huyện Yên Thế, Tỉnh Bắc Giang",
        "code": "07285",
        "parent_code": "215"
    },
    "07288": {
        "name": "Phồn Xương",
        "type": "thi-tran",
        "slug": "phon-xuong",
        "name_with_type": "Thị trấn Phồn Xương",
        "path": "Phồn Xương, Yên Thế, Bắc Giang",
        "path_with_type": "Thị trấn Phồn Xương, Huyện Yên Thế, Tỉnh Bắc Giang",
        "code": "07288",
        "parent_code": "215"
    },
    "07291": {
        "name": "Tân Sỏi",
        "type": "xa",
        "slug": "tan-soi",
        "name_with_type": "Xã Tân Sỏi",
        "path": "Tân Sỏi, Yên Thế, Bắc Giang",
        "path_with_type": "Xã Tân Sỏi, Huyện Yên Thế, Tỉnh Bắc Giang",
        "code": "07291",
        "parent_code": "215"
    },
    "07294": {
        "name": "Bố Hạ",
        "type": "thi-tran",
        "slug": "bo-ha",
        "name_with_type": "Thị trấn Bố Hạ",
        "path": "Bố Hạ, Yên Thế, Bắc Giang",
        "path_with_type": "Thị trấn Bố Hạ, Huyện Yên Thế, Tỉnh Bắc Giang",
        "code": "07294",
        "parent_code": "215"
    }
}