{
    "07525": {
        "name": "Chũ",
        "type": "thi-tran",
        "slug": "chu",
        "name_with_type": "Thị trấn Chũ",
        "path": "Chũ, Lục Ngạn, Bắc Giang",
        "path_with_type": "Thị trấn Chũ, Huyện Lục Ngạn, Tỉnh Bắc Giang",
        "code": "07525",
        "parent_code": "219"
    },
    "07528": {
        "name": "Cấm Sơn",
        "type": "xa",
        "slug": "cam-son",
        "name_with_type": "Xã Cấm Sơn",
        "path": "Cấm Sơn, Lục Ngạn, Bắc Giang",
        "path_with_type": "Xã Cấm Sơn, Huyện Lục Ngạn, Tỉnh Bắc Giang",
        "code": "07528",
        "parent_code": "219"
    },
    "07531": {
        "name": "Tân Sơn",
        "type": "xa",
        "slug": "tan-son",
        "name_with_type": "Xã Tân Sơn",
        "path": "Tân Sơn, Lục Ngạn, Bắc Giang",
        "path_with_type": "Xã Tân Sơn, Huyện Lục Ngạn, Tỉnh Bắc Giang",
        "code": "07531",
        "parent_code": "219"
    },
    "07534": {
        "name": "Phong Minh",
        "type": "xa",
        "slug": "phong-minh",
        "name_with_type": "Xã Phong Minh",
        "path": "Phong Minh, Lục Ngạn, Bắc Giang",
        "path_with_type": "Xã Phong Minh, Huyện Lục Ngạn, Tỉnh Bắc Giang",
        "code": "07534",
        "parent_code": "219"
    },
    "07537": {
        "name": "Phong Vân",
        "type": "xa",
        "slug": "phong-van",
        "name_with_type": "Xã Phong Vân",
        "path": "Phong Vân, Lục Ngạn, Bắc Giang",
        "path_with_type": "Xã Phong Vân, Huyện Lục Ngạn, Tỉnh Bắc Giang",
        "code": "07537",
        "parent_code": "219"
    },
    "07540": {
        "name": "Xa Lý",
        "type": "xa",
        "slug": "xa-ly",
        "name_with_type": "Xã Xa Lý",
        "path": "Xa Lý, Lục Ngạn, Bắc Giang",
        "path_with_type": "Xã Xa Lý, Huyện Lục Ngạn, Tỉnh Bắc Giang",
        "code": "07540",
        "parent_code": "219"
    },
    "07543": {
        "name": "Hộ Đáp",
        "type": "xa",
        "slug": "ho-dap",
        "name_with_type": "Xã Hộ Đáp",
        "path": "Hộ Đáp, Lục Ngạn, Bắc Giang",
        "path_with_type": "Xã Hộ Đáp, Huyện Lục Ngạn, Tỉnh Bắc Giang",
        "code": "07543",
        "parent_code": "219"
    },
    "07546": {
        "name": "Sơn Hải",
        "type": "xa",
        "slug": "son-hai",
        "name_with_type": "Xã Sơn Hải",
        "path": "Sơn Hải, Lục Ngạn, Bắc Giang",
        "path_with_type": "Xã Sơn Hải, Huyện Lục Ngạn, Tỉnh Bắc Giang",
        "code": "07546",
        "parent_code": "219"
    },
    "07549": {
        "name": "Thanh Hải",
        "type": "xa",
        "slug": "thanh-hai",
        "name_with_type": "Xã Thanh Hải",
        "path": "Thanh Hải, Lục Ngạn, Bắc Giang",
        "path_with_type": "Xã Thanh Hải, Huyện Lục Ngạn, Tỉnh Bắc Giang",
        "code": "07549",
        "parent_code": "219"
    },
    "07552": {
        "name": "Kiên Lao",
        "type": "xa",
        "slug": "kien-lao",
        "name_with_type": "Xã Kiên Lao",
        "path": "Kiên Lao, Lục Ngạn, Bắc Giang",
        "path_with_type": "Xã Kiên Lao, Huyện Lục Ngạn, Tỉnh Bắc Giang",
        "code": "07552",
        "parent_code": "219"
    },
    "07555": {
        "name": "Biên Sơn",
        "type": "xa",
        "slug": "bien-son",
        "name_with_type": "Xã Biên Sơn",
        "path": "Biên Sơn, Lục Ngạn, Bắc Giang",
        "path_with_type": "Xã Biên Sơn, Huyện Lục Ngạn, Tỉnh Bắc Giang",
        "code": "07555",
        "parent_code": "219"
    },
    "07558": {
        "name": "Kiên Thành",
        "type": "xa",
        "slug": "kien-thanh",
        "name_with_type": "Xã Kiên Thành",
        "path": "Kiên Thành, Lục Ngạn, Bắc Giang",
        "path_with_type": "Xã Kiên Thành, Huyện Lục Ngạn, Tỉnh Bắc Giang",
        "code": "07558",
        "parent_code": "219"
    },
    "07561": {
        "name": "Hồng Giang",
        "type": "xa",
        "slug": "hong-giang",
        "name_with_type": "Xã Hồng Giang",
        "path": "Hồng Giang, Lục Ngạn, Bắc Giang",
        "path_with_type": "Xã Hồng Giang, Huyện Lục Ngạn, Tỉnh Bắc Giang",
        "code": "07561",
        "parent_code": "219"
    },
    "07564": {
        "name": "Kim Sơn",
        "type": "xa",
        "slug": "kim-son",
        "name_with_type": "Xã Kim Sơn",
        "path": "Kim Sơn, Lục Ngạn, Bắc Giang",
        "path_with_type": "Xã Kim Sơn, Huyện Lục Ngạn, Tỉnh Bắc Giang",
        "code": "07564",
        "parent_code": "219"
    },
    "07567": {
        "name": "Tân Hoa",
        "type": "xa",
        "slug": "tan-hoa",
        "name_with_type": "Xã Tân Hoa",
        "path": "Tân Hoa, Lục Ngạn, Bắc Giang",
        "path_with_type": "Xã Tân Hoa, Huyện Lục Ngạn, Tỉnh Bắc Giang",
        "code": "07567",
        "parent_code": "219"
    },
    "07570": {
        "name": "Giáp Sơn",
        "type": "xa",
        "slug": "giap-son",
        "name_with_type": "Xã Giáp Sơn",
        "path": "Giáp Sơn, Lục Ngạn, Bắc Giang",
        "path_with_type": "Xã Giáp Sơn, Huyện Lục Ngạn, Tỉnh Bắc Giang",
        "code": "07570",
        "parent_code": "219"
    },
    "07573": {
        "name": "Biển Động",
        "type": "xa",
        "slug": "bien-dong",
        "name_with_type": "Xã Biển Động",
        "path": "Biển Động, Lục Ngạn, Bắc Giang",
        "path_with_type": "Xã Biển Động, Huyện Lục Ngạn, Tỉnh Bắc Giang",
        "code": "07573",
        "parent_code": "219"
    },
    "07576": {
        "name": "Quý Sơn",
        "type": "xa",
        "slug": "quy-son",
        "name_with_type": "Xã Quý Sơn",
        "path": "Quý Sơn, Lục Ngạn, Bắc Giang",
        "path_with_type": "Xã Quý Sơn, Huyện Lục Ngạn, Tỉnh Bắc Giang",
        "code": "07576",
        "parent_code": "219"
    },
    "07579": {
        "name": "Trù Hựu",
        "type": "xa",
        "slug": "tru-huu",
        "name_with_type": "Xã Trù Hựu",
        "path": "Trù Hựu, Lục Ngạn, Bắc Giang",
        "path_with_type": "Xã Trù Hựu, Huyện Lục Ngạn, Tỉnh Bắc Giang",
        "code": "07579",
        "parent_code": "219"
    },
    "07582": {
        "name": "Phì Điền",
        "type": "xa",
        "slug": "phi-dien",
        "name_with_type": "Xã Phì Điền",
        "path": "Phì Điền, Lục Ngạn, Bắc Giang",
        "path_with_type": "Xã Phì Điền, Huyện Lục Ngạn, Tỉnh Bắc Giang",
        "code": "07582",
        "parent_code": "219"
    },
    "07588": {
        "name": "Tân Quang",
        "type": "xa",
        "slug": "tan-quang",
        "name_with_type": "Xã Tân Quang",
        "path": "Tân Quang, Lục Ngạn, Bắc Giang",
        "path_with_type": "Xã Tân Quang, Huyện Lục Ngạn, Tỉnh Bắc Giang",
        "code": "07588",
        "parent_code": "219"
    },
    "07591": {
        "name": "Đồng Cốc",
        "type": "xa",
        "slug": "dong-coc",
        "name_with_type": "Xã Đồng Cốc",
        "path": "Đồng Cốc, Lục Ngạn, Bắc Giang",
        "path_with_type": "Xã Đồng Cốc, Huyện Lục Ngạn, Tỉnh Bắc Giang",
        "code": "07591",
        "parent_code": "219"
    },
    "07594": {
        "name": "Tân Lập",
        "type": "xa",
        "slug": "tan-lap",
        "name_with_type": "Xã Tân Lập",
        "path": "Tân Lập, Lục Ngạn, Bắc Giang",
        "path_with_type": "Xã Tân Lập, Huyện Lục Ngạn, Tỉnh Bắc Giang",
        "code": "07594",
        "parent_code": "219"
    },
    "07597": {
        "name": "Phú Nhuận",
        "type": "xa",
        "slug": "phu-nhuan",
        "name_with_type": "Xã Phú Nhuận",
        "path": "Phú Nhuận, Lục Ngạn, Bắc Giang",
        "path_with_type": "Xã Phú Nhuận, Huyện Lục Ngạn, Tỉnh Bắc Giang",
        "code": "07597",
        "parent_code": "219"
    },
    "07600": {
        "name": "Mỹ An",
        "type": "xa",
        "slug": "my-an",
        "name_with_type": "Xã Mỹ An",
        "path": "Mỹ An, Lục Ngạn, Bắc Giang",
        "path_with_type": "Xã Mỹ An, Huyện Lục Ngạn, Tỉnh Bắc Giang",
        "code": "07600",
        "parent_code": "219"
    },
    "07603": {
        "name": "Nam Dương",
        "type": "xa",
        "slug": "nam-duong",
        "name_with_type": "Xã Nam Dương",
        "path": "Nam Dương, Lục Ngạn, Bắc Giang",
        "path_with_type": "Xã Nam Dương, Huyện Lục Ngạn, Tỉnh Bắc Giang",
        "code": "07603",
        "parent_code": "219"
    },
    "07606": {
        "name": "Tân Mộc",
        "type": "xa",
        "slug": "tan-moc",
        "name_with_type": "Xã Tân Mộc",
        "path": "Tân Mộc, Lục Ngạn, Bắc Giang",
        "path_with_type": "Xã Tân Mộc, Huyện Lục Ngạn, Tỉnh Bắc Giang",
        "code": "07606",
        "parent_code": "219"
    },
    "07609": {
        "name": "Đèo Gia",
        "type": "xa",
        "slug": "deo-gia",
        "name_with_type": "Xã Đèo Gia",
        "path": "Đèo Gia, Lục Ngạn, Bắc Giang",
        "path_with_type": "Xã Đèo Gia, Huyện Lục Ngạn, Tỉnh Bắc Giang",
        "code": "07609",
        "parent_code": "219"
    },
    "07612": {
        "name": "Phượng Sơn",
        "type": "xa",
        "slug": "phuong-son",
        "name_with_type": "Xã Phượng Sơn",
        "path": "Phượng Sơn, Lục Ngạn, Bắc Giang",
        "path_with_type": "Xã Phượng Sơn, Huyện Lục Ngạn, Tỉnh Bắc Giang",
        "code": "07612",
        "parent_code": "219"
    }
}