{
    "07759": {
        "name": "Thượng Lan",
        "type": "xa",
        "slug": "thuong-lan",
        "name_with_type": "Xã Thượng Lan",
        "path": "Thượng Lan, Việt Yên, Bắc Giang",
        "path_with_type": "Xã Thượng Lan, Huyện Việt Yên, Tỉnh Bắc Giang",
        "code": "07759",
        "parent_code": "222"
    },
    "07762": {
        "name": "Việt Tiến",
        "type": "xa",
        "slug": "viet-tien",
        "name_with_type": "Xã Việt Tiến",
        "path": "Việt Tiến, Việt Yên, Bắc Giang",
        "path_with_type": "Xã Việt Tiến, Huyện Việt Yên, Tỉnh Bắc Giang",
        "code": "07762",
        "parent_code": "222"
    },
    "07765": {
        "name": "Nghĩa Trung",
        "type": "xa",
        "slug": "nghia-trung",
        "name_with_type": "Xã Nghĩa Trung",
        "path": "Nghĩa Trung, Việt Yên, Bắc Giang",
        "path_with_type": "Xã Nghĩa Trung, Huyện Việt Yên, Tỉnh Bắc Giang",
        "code": "07765",
        "parent_code": "222"
    },
    "07768": {
        "name": "Minh Đức",
        "type": "xa",
        "slug": "minh-duc",
        "name_with_type": "Xã Minh Đức",
        "path": "Minh Đức, Việt Yên, Bắc Giang",
        "path_with_type": "Xã Minh Đức, Huyện Việt Yên, Tỉnh Bắc Giang",
        "code": "07768",
        "parent_code": "222"
    },
    "07771": {
        "name": "Hương Mai",
        "type": "xa",
        "slug": "huong-mai",
        "name_with_type": "Xã Hương Mai",
        "path": "Hương Mai, Việt Yên, Bắc Giang",
        "path_with_type": "Xã Hương Mai, Huyện Việt Yên, Tỉnh Bắc Giang",
        "code": "07771",
        "parent_code": "222"
    },
    "07774": {
        "name": "Tự Lạn",
        "type": "xa",
        "slug": "tu-lan",
        "name_with_type": "Xã Tự Lạn",
        "path": "Tự Lạn, Việt Yên, Bắc Giang",
        "path_with_type": "Xã Tự Lạn, Huyện Việt Yên, Tỉnh Bắc Giang",
        "code": "07774",
        "parent_code": "222"
    },
    "07777": {
        "name": "Bích Động",
        "type": "thi-tran",
        "slug": "bich-dong",
        "name_with_type": "Thị trấn Bích Động",
        "path": "Bích Động, Việt Yên, Bắc Giang",
        "path_with_type": "Thị trấn Bích Động, Huyện Việt Yên, Tỉnh Bắc Giang",
        "code": "07777",
        "parent_code": "222"
    },
    "07780": {
        "name": "Trung Sơn",
        "type": "xa",
        "slug": "trung-son",
        "name_with_type": "Xã Trung Sơn",
        "path": "Trung Sơn, Việt Yên, Bắc Giang",
        "path_with_type": "Xã Trung Sơn, Huyện Việt Yên, Tỉnh Bắc Giang",
        "code": "07780",
        "parent_code": "222"
    },
    "07783": {
        "name": "Hồng Thái",
        "type": "xa",
        "slug": "hong-thai",
        "name_with_type": "Xã Hồng Thái",
        "path": "Hồng Thái, Việt Yên, Bắc Giang",
        "path_with_type": "Xã Hồng Thái, Huyện Việt Yên, Tỉnh Bắc Giang",
        "code": "07783",
        "parent_code": "222"
    },
    "07786": {
        "name": "Tiên Sơn",
        "type": "xa",
        "slug": "tien-son",
        "name_with_type": "Xã Tiên Sơn",
        "path": "Tiên Sơn, Việt Yên, Bắc Giang",
        "path_with_type": "Xã Tiên Sơn, Huyện Việt Yên, Tỉnh Bắc Giang",
        "code": "07786",
        "parent_code": "222"
    },
    "07789": {
        "name": "Tăng Tiến",
        "type": "xa",
        "slug": "tang-tien",
        "name_with_type": "Xã Tăng Tiến",
        "path": "Tăng Tiến, Việt Yên, Bắc Giang",
        "path_with_type": "Xã Tăng Tiến, Huyện Việt Yên, Tỉnh Bắc Giang",
        "code": "07789",
        "parent_code": "222"
    },
    "07792": {
        "name": "Quảng Minh",
        "type": "xa",
        "slug": "quang-minh",
        "name_with_type": "Xã Quảng Minh",
        "path": "Quảng Minh, Việt Yên, Bắc Giang",
        "path_with_type": "Xã Quảng Minh, Huyện Việt Yên, Tỉnh Bắc Giang",
        "code": "07792",
        "parent_code": "222"
    },
    "07795": {
        "name": "Nếnh",
        "type": "thi-tran",
        "slug": "nenh",
        "name_with_type": "Thị trấn Nếnh",
        "path": "Nếnh, Việt Yên, Bắc Giang",
        "path_with_type": "Thị trấn Nếnh, Huyện Việt Yên, Tỉnh Bắc Giang",
        "code": "07795",
        "parent_code": "222"
    },
    "07798": {
        "name": "Ninh Sơn",
        "type": "xa",
        "slug": "ninh-son",
        "name_with_type": "Xã Ninh Sơn",
        "path": "Ninh Sơn, Việt Yên, Bắc Giang",
        "path_with_type": "Xã Ninh Sơn, Huyện Việt Yên, Tỉnh Bắc Giang",
        "code": "07798",
        "parent_code": "222"
    },
    "07801": {
        "name": "Vân Trung",
        "type": "xa",
        "slug": "van-trung",
        "name_with_type": "Xã Vân Trung",
        "path": "Vân Trung, Việt Yên, Bắc Giang",
        "path_with_type": "Xã Vân Trung, Huyện Việt Yên, Tỉnh Bắc Giang",
        "code": "07801",
        "parent_code": "222"
    },
    "07804": {
        "name": "Vân Hà",
        "type": "xa",
        "slug": "van-ha",
        "name_with_type": "Xã Vân Hà",
        "path": "Vân Hà, Việt Yên, Bắc Giang",
        "path_with_type": "Xã Vân Hà, Huyện Việt Yên, Tỉnh Bắc Giang",
        "code": "07804",
        "parent_code": "222"
    },
    "07807": {
        "name": "Quang Châu",
        "type": "xa",
        "slug": "quang-chau",
        "name_with_type": "Xã Quang Châu",
        "path": "Quang Châu, Việt Yên, Bắc Giang",
        "path_with_type": "Xã Quang Châu, Huyện Việt Yên, Tỉnh Bắc Giang",
        "code": "07807",
        "parent_code": "222"
    }
}