{
    "07942": {
        "name": "Hùng Vương",
        "type": "phuong",
        "slug": "hung-vuong",
        "name_with_type": "Phường Hùng Vương",
        "path": "Hùng Vương, Phú Thọ, Phú Thọ",
        "path_with_type": "Phường Hùng Vương, Thị xã Phú Thọ, Tỉnh Phú Thọ",
        "code": "07942",
        "parent_code": "228"
    },
    "07945": {
        "name": "Phong Châu",
        "type": "phuong",
        "slug": "phong-chau",
        "name_with_type": "Phường Phong Châu",
        "path": "Phong Châu, Phú Thọ, Phú Thọ",
        "path_with_type": "Phường Phong Châu, Thị xã Phú Thọ, Tỉnh Phú Thọ",
        "code": "07945",
        "parent_code": "228"
    },
    "07948": {
        "name": "Âu Cơ",
        "type": "phuong",
        "slug": "au-co",
        "name_with_type": "Phường Âu Cơ",
        "path": "Âu Cơ, Phú Thọ, Phú Thọ",
        "path_with_type": "Phường Âu Cơ, Thị xã Phú Thọ, Tỉnh Phú Thọ",
        "code": "07948",
        "parent_code": "228"
    },
    "07951": {
        "name": "Hà Lộc",
        "type": "xa",
        "slug": "ha-loc",
        "name_with_type": "Xã Hà Lộc",
        "path": "Hà Lộc, Phú Thọ, Phú Thọ",
        "path_with_type": "Xã Hà Lộc, Thị xã Phú Thọ, Tỉnh Phú Thọ",
        "code": "07951",
        "parent_code": "228"
    },
    "07954": {
        "name": "Phú Hộ",
        "type": "xa",
        "slug": "phu-ho",
        "name_with_type": "Xã Phú Hộ",
        "path": "Phú Hộ, Phú Thọ, Phú Thọ",
        "path_with_type": "Xã Phú Hộ, Thị xã Phú Thọ, Tỉnh Phú Thọ",
        "code": "07954",
        "parent_code": "228"
    },
    "07957": {
        "name": "Văn Lung",
        "type": "xa",
        "slug": "van-lung",
        "name_with_type": "Xã Văn Lung",
        "path": "Văn Lung, Phú Thọ, Phú Thọ",
        "path_with_type": "Xã Văn Lung, Thị xã Phú Thọ, Tỉnh Phú Thọ",
        "code": "07957",
        "parent_code": "228"
    },
    "07960": {
        "name": "Thanh Minh",
        "type": "xa",
        "slug": "thanh-minh",
        "name_with_type": "Xã Thanh Minh",
        "path": "Thanh Minh, Phú Thọ, Phú Thọ",
        "path_with_type": "Xã Thanh Minh, Thị xã Phú Thọ, Tỉnh Phú Thọ",
        "code": "07960",
        "parent_code": "228"
    },
    "07963": {
        "name": "Hà Thạch",
        "type": "xa",
        "slug": "ha-thach",
        "name_with_type": "Xã Hà Thạch",
        "path": "Hà Thạch, Phú Thọ, Phú Thọ",
        "path_with_type": "Xã Hà Thạch, Thị xã Phú Thọ, Tỉnh Phú Thọ",
        "code": "07963",
        "parent_code": "228"
    },
    "07966": {
        "name": "Thanh Vinh",
        "type": "phuong",
        "slug": "thanh-vinh",
        "name_with_type": "Phường Thanh Vinh",
        "path": "Thanh Vinh, Phú Thọ, Phú Thọ",
        "path_with_type": "Phường Thanh Vinh, Thị xã Phú Thọ, Tỉnh Phú Thọ",
        "code": "07966",
        "parent_code": "228"
    }
}