{
    "07969": {
        "name": "Đoan Hùng",
        "type": "thi-tran",
        "slug": "doan-hung",
        "name_with_type": "Thị trấn Đoan Hùng",
        "path": "Đoan Hùng, Đoan Hùng, Phú Thọ",
        "path_with_type": "Thị trấn Đoan Hùng, Huyện Đoan Hùng, Tỉnh Phú Thọ",
        "code": "07969",
        "parent_code": "230"
    },
    "07975": {
        "name": "Hùng Xuyên",
        "type": "xa",
        "slug": "hung-xuyen",
        "name_with_type": "Xã Hùng Xuyên",
        "path": "Hùng Xuyên, Đoan Hùng, Phú Thọ",
        "path_with_type": "Xã Hùng Xuyên, Huyện Đoan Hùng, Tỉnh Phú Thọ",
        "code": "07975",
        "parent_code": "230"
    },
    "07981": {
        "name": "Bằng Luân",
        "type": "xa",
        "slug": "bang-luan",
        "name_with_type": "Xã Bằng Luân",
        "path": "Bằng Luân, Đoan Hùng, Phú Thọ",
        "path_with_type": "Xã Bằng Luân, Huyện Đoan Hùng, Tỉnh Phú Thọ",
        "code": "07981",
        "parent_code": "230"
    },
    "07984": {
        "name": "Vân Du",
        "type": "xa",
        "slug": "van-du",
        "name_with_type": "Xã Vân Du",
        "path": "Vân Du, Đoan Hùng, Phú Thọ",
        "path_with_type": "Xã Vân Du, Huyện Đoan Hùng, Tỉnh Phú Thọ",
        "code": "07984",
        "parent_code": "230"
    },
    "07987": {
        "name": "Phú Lâm",
        "type": "xa",
        "slug": "phu-lam",
        "name_with_type": "Xã Phú Lâm",
        "path": "Phú Lâm, Đoan Hùng, Phú Thọ",
        "path_with_type": "Xã Phú Lâm, Huyện Đoan Hùng, Tỉnh Phú Thọ",
        "code": "07987",
        "parent_code": "230"
    },
    "07993": {
        "name": "Minh Lương",
        "type": "xa",
        "slug": "minh-luong",
        "name_with_type": "Xã Minh Lương",
        "path": "Minh Lương, Đoan Hùng, Phú Thọ",
        "path_with_type": "Xã Minh Lương, Huyện Đoan Hùng, Tỉnh Phú Thọ",
        "code": "07993",
        "parent_code": "230"
    },
    "07996": {
        "name": "Bằng Doãn",
        "type": "xa",
        "slug": "bang-doan",
        "name_with_type": "Xã Bằng Doãn",
        "path": "Bằng Doãn, Đoan Hùng, Phú Thọ",
        "path_with_type": "Xã Bằng Doãn, Huyện Đoan Hùng, Tỉnh Phú Thọ",
        "code": "07996",
        "parent_code": "230"
    },
    "07999": {
        "name": "Chí Đám",
        "type": "xa",
        "slug": "chi-dam",
        "name_with_type": "Xã Chí Đám",
        "path": "Chí Đám, Đoan Hùng, Phú Thọ",
        "path_with_type": "Xã Chí Đám, Huyện Đoan Hùng, Tỉnh Phú Thọ",
        "code": "07999",
        "parent_code": "230"
    },
    "08005": {
        "name": "Phúc Lai",
        "type": "xa",
        "slug": "phuc-lai",
        "name_with_type": "Xã Phúc Lai",
        "path": "Phúc Lai, Đoan Hùng, Phú Thọ",
        "path_with_type": "Xã Phúc Lai, Huyện Đoan Hùng, Tỉnh Phú Thọ",
        "code": "08005",
        "parent_code": "230"
    },
    "08008": {
        "name": "Ngọc Quan",
        "type": "xa",
        "slug": "ngoc-quan",
        "name_with_type": "Xã Ngọc Quan",
        "path": "Ngọc Quan, Đoan Hùng, Phú Thọ",
        "path_with_type": "Xã Ngọc Quan, Huyện Đoan Hùng, Tỉnh Phú Thọ",
        "code": "08008",
        "parent_code": "230"
    },
    "08014": {
        "name": "Hợp Nhất",
        "type": "xa",
        "slug": "hop-nhat",
        "name_with_type": "Xã Hợp Nhất",
        "path": "Hợp Nhất, Đoan Hùng, Phú Thọ",
        "path_with_type": "Xã Hợp Nhất, Huyện Đoan Hùng, Tỉnh Phú Thọ",
        "code": "08014",
        "parent_code": "230"
    },
    "08017": {
        "name": "Sóc Đăng",
        "type": "xa",
        "slug": "soc-dang",
        "name_with_type": "Xã Sóc Đăng",
        "path": "Sóc Đăng, Đoan Hùng, Phú Thọ",
        "path_with_type": "Xã Sóc Đăng, Huyện Đoan Hùng, Tỉnh Phú Thọ",
        "code": "08017",
        "parent_code": "230"
    },
    "08023": {
        "name": "Tây Cốc",
        "type": "xa",
        "slug": "tay-coc",
        "name_with_type": "Xã Tây Cốc",
        "path": "Tây Cốc, Đoan Hùng, Phú Thọ",
        "path_with_type": "Xã Tây Cốc, Huyện Đoan Hùng, Tỉnh Phú Thọ",
        "code": "08023",
        "parent_code": "230"
    },
    "08026": {
        "name": "Yên Kiện",
        "type": "xa",
        "slug": "yen-kien",
        "name_with_type": "Xã Yên Kiện",
        "path": "Yên Kiện, Đoan Hùng, Phú Thọ",
        "path_with_type": "Xã Yên Kiện, Huyện Đoan Hùng, Tỉnh Phú Thọ",
        "code": "08026",
        "parent_code": "230"
    },
    "08029": {
        "name": "Hùng Long",
        "type": "xa",
        "slug": "hung-long",
        "name_with_type": "Xã Hùng Long",
        "path": "Hùng Long, Đoan Hùng, Phú Thọ",
        "path_with_type": "Xã Hùng Long, Huyện Đoan Hùng, Tỉnh Phú Thọ",
        "code": "08029",
        "parent_code": "230"
    },
    "08032": {
        "name": "Vụ Quang",
        "type": "xa",
        "slug": "vu-quang",
        "name_with_type": "Xã Vụ Quang",
        "path": "Vụ Quang, Đoan Hùng, Phú Thọ",
        "path_with_type": "Xã Vụ Quang, Huyện Đoan Hùng, Tỉnh Phú Thọ",
        "code": "08032",
        "parent_code": "230"
    },
    "08035": {
        "name": "Vân Đồn",
        "type": "xa",
        "slug": "van-don",
        "name_with_type": "Xã Vân Đồn",
        "path": "Vân Đồn, Đoan Hùng, Phú Thọ",
        "path_with_type": "Xã Vân Đồn, Huyện Đoan Hùng, Tỉnh Phú Thọ",
        "code": "08035",
        "parent_code": "230"
    },
    "08038": {
        "name": "Tiêu Sơn",
        "type": "xa",
        "slug": "tieu-son",
        "name_with_type": "Xã Tiêu Sơn",
        "path": "Tiêu Sơn, Đoan Hùng, Phú Thọ",
        "path_with_type": "Xã Tiêu Sơn, Huyện Đoan Hùng, Tỉnh Phú Thọ",
        "code": "08038",
        "parent_code": "230"
    },
    "08041": {
        "name": "Minh Tiến",
        "type": "xa",
        "slug": "minh-tien",
        "name_with_type": "Xã Minh Tiến",
        "path": "Minh Tiến, Đoan Hùng, Phú Thọ",
        "path_with_type": "Xã Minh Tiến, Huyện Đoan Hùng, Tỉnh Phú Thọ",
        "code": "08041",
        "parent_code": "230"
    },
    "08044": {
        "name": "Minh Phú",
        "type": "xa",
        "slug": "minh-phu",
        "name_with_type": "Xã Minh Phú",
        "path": "Minh Phú, Đoan Hùng, Phú Thọ",
        "path_with_type": "Xã Minh Phú, Huyện Đoan Hùng, Tỉnh Phú Thọ",
        "code": "08044",
        "parent_code": "230"
    },
    "08047": {
        "name": "Chân Mộng",
        "type": "xa",
        "slug": "chan-mong",
        "name_with_type": "Xã Chân Mộng",
        "path": "Chân Mộng, Đoan Hùng, Phú Thọ",
        "path_with_type": "Xã Chân Mộng, Huyện Đoan Hùng, Tỉnh Phú Thọ",
        "code": "08047",
        "parent_code": "230"
    },
    "08050": {
        "name": "Ca Đình",
        "type": "xa",
        "slug": "ca-dinh",
        "name_with_type": "Xã Ca Đình",
        "path": "Ca Đình, Đoan Hùng, Phú Thọ",
        "path_with_type": "Xã Ca Đình, Huyện Đoan Hùng, Tỉnh Phú Thọ",
        "code": "08050",
        "parent_code": "230"
    }
}