{
    "08053": {
        "name": "Hạ Hoà",
        "type": "thi-tran",
        "slug": "ha-hoa",
        "name_with_type": "Thị trấn Hạ Hoà",
        "path": "Hạ Hoà, Hạ Hoà, Phú Thọ",
        "path_with_type": "Thị trấn Hạ Hoà, Huyện Hạ Hoà, Tỉnh Phú Thọ",
        "code": "08053",
        "parent_code": "231"
    },
    "08056": {
        "name": "Đại Phạm",
        "type": "xa",
        "slug": "dai-pham",
        "name_with_type": "Xã Đại Phạm",
        "path": "Đại Phạm, Hạ Hoà, Phú Thọ",
        "path_with_type": "Xã Đại Phạm, Huyện Hạ Hoà, Tỉnh Phú Thọ",
        "code": "08056",
        "parent_code": "231"
    },
    "08062": {
        "name": "Đan Thượng",
        "type": "xa",
        "slug": "dan-thuong",
        "name_with_type": "Xã Đan Thượng",
        "path": "Đan Thượng, Hạ Hoà, Phú Thọ",
        "path_with_type": "Xã Đan Thượng, Huyện Hạ Hoà, Tỉnh Phú Thọ",
        "code": "08062",
        "parent_code": "231"
    },
    "08065": {
        "name": "Hà Lương",
        "type": "xa",
        "slug": "ha-luong",
        "name_with_type": "Xã Hà Lương",
        "path": "Hà Lương, Hạ Hoà, Phú Thọ",
        "path_with_type": "Xã Hà Lương, Huyện Hạ Hoà, Tỉnh Phú Thọ",
        "code": "08065",
        "parent_code": "231"
    },
    "08071": {
        "name": "Tứ Hiệp",
        "type": "xa",
        "slug": "tu-hiep",
        "name_with_type": "Xã Tứ Hiệp",
        "path": "Tứ Hiệp, Hạ Hoà, Phú Thọ",
        "path_with_type": "Xã Tứ Hiệp, Huyện Hạ Hoà, Tỉnh Phú Thọ",
        "code": "08071",
        "parent_code": "231"
    },
    "08080": {
        "name": "Hiền Lương",
        "type": "xa",
        "slug": "hien-luong",
        "name_with_type": "Xã Hiền Lương",
        "path": "Hiền Lương, Hạ Hoà, Phú Thọ",
        "path_with_type": "Xã Hiền Lương, Huyện Hạ Hoà, Tỉnh Phú Thọ",
        "code": "08080",
        "parent_code": "231"
    },
    "08089": {
        "name": "Phương Viên",
        "type": "xa",
        "slug": "phuong-vien",
        "name_with_type": "Xã Phương Viên",
        "path": "Phương Viên, Hạ Hoà, Phú Thọ",
        "path_with_type": "Xã Phương Viên, Huyện Hạ Hoà, Tỉnh Phú Thọ",
        "code": "08089",
        "parent_code": "231"
    },
    "08092": {
        "name": "Gia Điền",
        "type": "xa",
        "slug": "gia-dien",
        "name_with_type": "Xã Gia Điền",
        "path": "Gia Điền, Hạ Hoà, Phú Thọ",
        "path_with_type": "Xã Gia Điền, Huyện Hạ Hoà, Tỉnh Phú Thọ",
        "code": "08092",
        "parent_code": "231"
    },
    "08095": {
        "name": "Ấm Hạ",
        "type": "xa",
        "slug": "am-ha",
        "name_with_type": "Xã Ấm Hạ",
        "path": "Ấm Hạ, Hạ Hoà, Phú Thọ",
        "path_with_type": "Xã Ấm Hạ, Huyện Hạ Hoà, Tỉnh Phú Thọ",
        "code": "08095",
        "parent_code": "231"
    },
    "08104": {
        "name": "Hương Xạ",
        "type": "xa",
        "slug": "huong-xa",
        "name_with_type": "Xã Hương Xạ",
        "path": "Hương Xạ, Hạ Hoà, Phú Thọ",
        "path_with_type": "Xã Hương Xạ, Huyện Hạ Hoà, Tỉnh Phú Thọ",
        "code": "08104",
        "parent_code": "231"
    },
    "08110": {
        "name": "Xuân Áng",
        "type": "xa",
        "slug": "xuan-ang",
        "name_with_type": "Xã Xuân Áng",
        "path": "Xuân Áng, Hạ Hoà, Phú Thọ",
        "path_with_type": "Xã Xuân Áng, Huyện Hạ Hoà, Tỉnh Phú Thọ",
        "code": "08110",
        "parent_code": "231"
    },
    "08113": {
        "name": "Yên Kỳ",
        "type": "xa",
        "slug": "yen-ky",
        "name_with_type": "Xã Yên Kỳ",
        "path": "Yên Kỳ, Hạ Hoà, Phú Thọ",
        "path_with_type": "Xã Yên Kỳ, Huyện Hạ Hoà, Tỉnh Phú Thọ",
        "code": "08113",
        "parent_code": "231"
    },
    "08119": {
        "name": "Minh Hạc",
        "type": "xa",
        "slug": "minh-hac",
        "name_with_type": "Xã Minh Hạc",
        "path": "Minh Hạc, Hạ Hoà, Phú Thọ",
        "path_with_type": "Xã Minh Hạc, Huyện Hạ Hoà, Tỉnh Phú Thọ",
        "code": "08119",
        "parent_code": "231"
    },
    "08122": {
        "name": "Lang Sơn",
        "type": "xa",
        "slug": "lang-son",
        "name_with_type": "Xã Lang Sơn",
        "path": "Lang Sơn, Hạ Hoà, Phú Thọ",
        "path_with_type": "Xã Lang Sơn, Huyện Hạ Hoà, Tỉnh Phú Thọ",
        "code": "08122",
        "parent_code": "231"
    },
    "08125": {
        "name": "Bằng Giã",
        "type": "xa",
        "slug": "bang-gia",
        "name_with_type": "Xã Bằng Giã",
        "path": "Bằng Giã, Hạ Hoà, Phú Thọ",
        "path_with_type": "Xã Bằng Giã, Huyện Hạ Hoà, Tỉnh Phú Thọ",
        "code": "08125",
        "parent_code": "231"
    },
    "08128": {
        "name": "Yên Luật",
        "type": "xa",
        "slug": "yen-luat",
        "name_with_type": "Xã Yên Luật",
        "path": "Yên Luật, Hạ Hoà, Phú Thọ",
        "path_with_type": "Xã Yên Luật, Huyện Hạ Hoà, Tỉnh Phú Thọ",
        "code": "08128",
        "parent_code": "231"
    },
    "08131": {
        "name": "Vô Tranh",
        "type": "xa",
        "slug": "vo-tranh",
        "name_with_type": "Xã Vô Tranh",
        "path": "Vô Tranh, Hạ Hoà, Phú Thọ",
        "path_with_type": "Xã Vô Tranh, Huyện Hạ Hoà, Tỉnh Phú Thọ",
        "code": "08131",
        "parent_code": "231"
    },
    "08134": {
        "name": "Văn Lang",
        "type": "xa",
        "slug": "van-lang",
        "name_with_type": "Xã Văn Lang",
        "path": "Văn Lang, Hạ Hoà, Phú Thọ",
        "path_with_type": "Xã Văn Lang, Huyện Hạ Hoà, Tỉnh Phú Thọ",
        "code": "08134",
        "parent_code": "231"
    },
    "08140": {
        "name": "Minh Côi",
        "type": "xa",
        "slug": "minh-coi",
        "name_with_type": "Xã Minh Côi",
        "path": "Minh Côi, Hạ Hoà, Phú Thọ",
        "path_with_type": "Xã Minh Côi, Huyện Hạ Hoà, Tỉnh Phú Thọ",
        "code": "08140",
        "parent_code": "231"
    },
    "08143": {
        "name": "Vĩnh Chân",
        "type": "xa",
        "slug": "vinh-chan",
        "name_with_type": "Xã Vĩnh Chân",
        "path": "Vĩnh Chân, Hạ Hoà, Phú Thọ",
        "path_with_type": "Xã Vĩnh Chân, Huyện Hạ Hoà, Tỉnh Phú Thọ",
        "code": "08143",
        "parent_code": "231"
    }
}