{
    "08230": {
        "name": "Phong Châu",
        "type": "thi-tran",
        "slug": "phong-chau",
        "name_with_type": "Thị trấn Phong Châu",
        "path": "Phong Châu, Phù Ninh, Phú Thọ",
        "path_with_type": "Thị trấn Phong Châu, Huyện Phù Ninh, Tỉnh Phú Thọ",
        "code": "08230",
        "parent_code": "233"
    },
    "08233": {
        "name": "Phú Mỹ",
        "type": "xa",
        "slug": "phu-my",
        "name_with_type": "Xã Phú Mỹ",
        "path": "Phú Mỹ, Phù Ninh, Phú Thọ",
        "path_with_type": "Xã Phú Mỹ, Huyện Phù Ninh, Tỉnh Phú Thọ",
        "code": "08233",
        "parent_code": "233"
    },
    "08234": {
        "name": "Lệ Mỹ",
        "type": "xa",
        "slug": "le-my",
        "name_with_type": "Xã Lệ Mỹ",
        "path": "Lệ Mỹ, Phù Ninh, Phú Thọ",
        "path_with_type": "Xã Lệ Mỹ, Huyện Phù Ninh, Tỉnh Phú Thọ",
        "code": "08234",
        "parent_code": "233"
    },
    "08236": {
        "name": "Liên Hoa",
        "type": "xa",
        "slug": "lien-hoa",
        "name_with_type": "Xã Liên Hoa",
        "path": "Liên Hoa, Phù Ninh, Phú Thọ",
        "path_with_type": "Xã Liên Hoa, Huyện Phù Ninh, Tỉnh Phú Thọ",
        "code": "08236",
        "parent_code": "233"
    },
    "08239": {
        "name": "Trạm Thản",
        "type": "xa",
        "slug": "tram-than",
        "name_with_type": "Xã Trạm Thản",
        "path": "Trạm Thản, Phù Ninh, Phú Thọ",
        "path_with_type": "Xã Trạm Thản, Huyện Phù Ninh, Tỉnh Phú Thọ",
        "code": "08239",
        "parent_code": "233"
    },
    "08242": {
        "name": "Trị Quận",
        "type": "xa",
        "slug": "tri-quan",
        "name_with_type": "Xã Trị Quận",
        "path": "Trị Quận, Phù Ninh, Phú Thọ",
        "path_with_type": "Xã Trị Quận, Huyện Phù Ninh, Tỉnh Phú Thọ",
        "code": "08242",
        "parent_code": "233"
    },
    "08245": {
        "name": "Trung Giáp",
        "type": "xa",
        "slug": "trung-giap",
        "name_with_type": "Xã Trung Giáp",
        "path": "Trung Giáp, Phù Ninh, Phú Thọ",
        "path_with_type": "Xã Trung Giáp, Huyện Phù Ninh, Tỉnh Phú Thọ",
        "code": "08245",
        "parent_code": "233"
    },
    "08248": {
        "name": "Tiên Phú",
        "type": "xa",
        "slug": "tien-phu",
        "name_with_type": "Xã Tiên Phú",
        "path": "Tiên Phú, Phù Ninh, Phú Thọ",
        "path_with_type": "Xã Tiên Phú, Huyện Phù Ninh, Tỉnh Phú Thọ",
        "code": "08248",
        "parent_code": "233"
    },
    "08251": {
        "name": "Hạ Giáp",
        "type": "xa",
        "slug": "ha-giap",
        "name_with_type": "Xã Hạ Giáp",
        "path": "Hạ Giáp, Phù Ninh, Phú Thọ",
        "path_with_type": "Xã Hạ Giáp, Huyện Phù Ninh, Tỉnh Phú Thọ",
        "code": "08251",
        "parent_code": "233"
    },
    "08254": {
        "name": "Bảo Thanh",
        "type": "xa",
        "slug": "bao-thanh",
        "name_with_type": "Xã Bảo Thanh",
        "path": "Bảo Thanh, Phù Ninh, Phú Thọ",
        "path_with_type": "Xã Bảo Thanh, Huyện Phù Ninh, Tỉnh Phú Thọ",
        "code": "08254",
        "parent_code": "233"
    },
    "08257": {
        "name": "Phú Lộc",
        "type": "xa",
        "slug": "phu-loc",
        "name_with_type": "Xã Phú Lộc",
        "path": "Phú Lộc, Phù Ninh, Phú Thọ",
        "path_with_type": "Xã Phú Lộc, Huyện Phù Ninh, Tỉnh Phú Thọ",
        "code": "08257",
        "parent_code": "233"
    },
    "08260": {
        "name": "Gia Thanh",
        "type": "xa",
        "slug": "gia-thanh",
        "name_with_type": "Xã Gia Thanh",
        "path": "Gia Thanh, Phù Ninh, Phú Thọ",
        "path_with_type": "Xã Gia Thanh, Huyện Phù Ninh, Tỉnh Phú Thọ",
        "code": "08260",
        "parent_code": "233"
    },
    "08263": {
        "name": "Tiên Du",
        "type": "xa",
        "slug": "tien-du",
        "name_with_type": "Xã Tiên Du",
        "path": "Tiên Du, Phù Ninh, Phú Thọ",
        "path_with_type": "Xã Tiên Du, Huyện Phù Ninh, Tỉnh Phú Thọ",
        "code": "08263",
        "parent_code": "233"
    },
    "08266": {
        "name": "Phú Nham",
        "type": "xa",
        "slug": "phu-nham",
        "name_with_type": "Xã Phú Nham",
        "path": "Phú Nham, Phù Ninh, Phú Thọ",
        "path_with_type": "Xã Phú Nham, Huyện Phù Ninh, Tỉnh Phú Thọ",
        "code": "08266",
        "parent_code": "233"
    },
    "08272": {
        "name": "An Đạo",
        "type": "xa",
        "slug": "an-dao",
        "name_with_type": "Xã An Đạo",
        "path": "An Đạo, Phù Ninh, Phú Thọ",
        "path_with_type": "Xã An Đạo, Huyện Phù Ninh, Tỉnh Phú Thọ",
        "code": "08272",
        "parent_code": "233"
    },
    "08275": {
        "name": "Bình Phú",
        "type": "xa",
        "slug": "binh-phu",
        "name_with_type": "Xã Bình Phú",
        "path": "Bình Phú, Phù Ninh, Phú Thọ",
        "path_with_type": "Xã Bình Phú, Huyện Phù Ninh, Tỉnh Phú Thọ",
        "code": "08275",
        "parent_code": "233"
    },
    "08278": {
        "name": "Phù Ninh",
        "type": "xa",
        "slug": "phu-ninh",
        "name_with_type": "Xã Phù Ninh",
        "path": "Phù Ninh, Phù Ninh, Phú Thọ",
        "path_with_type": "Xã Phù Ninh, Huyện Phù Ninh, Tỉnh Phú Thọ",
        "code": "08278",
        "parent_code": "233"
    }
}