{
    "08290": {
        "name": "Yên Lập",
        "type": "thi-tran",
        "slug": "yen-lap",
        "name_with_type": "Thị trấn Yên Lập",
        "path": "Yên Lập, Yên Lập, Phú Thọ",
        "path_with_type": "Thị trấn Yên Lập, Huyện Yên Lập, Tỉnh Phú Thọ",
        "code": "08290",
        "parent_code": "234"
    },
    "08293": {
        "name": "Mỹ Lung",
        "type": "xa",
        "slug": "my-lung",
        "name_with_type": "Xã Mỹ Lung",
        "path": "Mỹ Lung, Yên Lập, Phú Thọ",
        "path_with_type": "Xã Mỹ Lung, Huyện Yên Lập, Tỉnh Phú Thọ",
        "code": "08293",
        "parent_code": "234"
    },
    "08296": {
        "name": "Mỹ Lương",
        "type": "xa",
        "slug": "my-luong",
        "name_with_type": "Xã Mỹ Lương",
        "path": "Mỹ Lương, Yên Lập, Phú Thọ",
        "path_with_type": "Xã Mỹ Lương, Huyện Yên Lập, Tỉnh Phú Thọ",
        "code": "08296",
        "parent_code": "234"
    },
    "08299": {
        "name": "Lương Sơn",
        "type": "xa",
        "slug": "luong-son",
        "name_with_type": "Xã Lương Sơn",
        "path": "Lương Sơn, Yên Lập, Phú Thọ",
        "path_with_type": "Xã Lương Sơn, Huyện Yên Lập, Tỉnh Phú Thọ",
        "code": "08299",
        "parent_code": "234"
    },
    "08302": {
        "name": "Xuân An",
        "type": "xa",
        "slug": "xuan-an",
        "name_with_type": "Xã Xuân An",
        "path": "Xuân An, Yên Lập, Phú Thọ",
        "path_with_type": "Xã Xuân An, Huyện Yên Lập, Tỉnh Phú Thọ",
        "code": "08302",
        "parent_code": "234"
    },
    "08305": {
        "name": "Xuân Viên",
        "type": "xa",
        "slug": "xuan-vien",
        "name_with_type": "Xã Xuân Viên",
        "path": "Xuân Viên, Yên Lập, Phú Thọ",
        "path_with_type": "Xã Xuân Viên, Huyện Yên Lập, Tỉnh Phú Thọ",
        "code": "08305",
        "parent_code": "234"
    },
    "08308": {
        "name": "Xuân Thủy",
        "type": "xa",
        "slug": "xuan-thuy",
        "name_with_type": "Xã Xuân Thủy",
        "path": "Xuân Thủy, Yên Lập, Phú Thọ",
        "path_with_type": "Xã Xuân Thủy, Huyện Yên Lập, Tỉnh Phú Thọ",
        "code": "08308",
        "parent_code": "234"
    },
    "08311": {
        "name": "Trung Sơn",
        "type": "xa",
        "slug": "trung-son",
        "name_with_type": "Xã Trung Sơn",
        "path": "Trung Sơn, Yên Lập, Phú Thọ",
        "path_with_type": "Xã Trung Sơn, Huyện Yên Lập, Tỉnh Phú Thọ",
        "code": "08311",
        "parent_code": "234"
    },
    "08314": {
        "name": "Hưng Long",
        "type": "xa",
        "slug": "hung-long",
        "name_with_type": "Xã Hưng Long",
        "path": "Hưng Long, Yên Lập, Phú Thọ",
        "path_with_type": "Xã Hưng Long, Huyện Yên Lập, Tỉnh Phú Thọ",
        "code": "08314",
        "parent_code": "234"
    },
    "08317": {
        "name": "Nga Hoàng",
        "type": "xa",
        "slug": "nga-hoang",
        "name_with_type": "Xã Nga Hoàng",
        "path": "Nga Hoàng, Yên Lập, Phú Thọ",
        "path_with_type": "Xã Nga Hoàng, Huyện Yên Lập, Tỉnh Phú Thọ",
        "code": "08317",
        "parent_code": "234"
    },
    "08320": {
        "name": "Đồng Lạc",
        "type": "xa",
        "slug": "dong-lac",
        "name_with_type": "Xã Đồng Lạc",
        "path": "Đồng Lạc, Yên Lập, Phú Thọ",
        "path_with_type": "Xã Đồng Lạc, Huyện Yên Lập, Tỉnh Phú Thọ",
        "code": "08320",
        "parent_code": "234"
    },
    "08323": {
        "name": "Thượng Long",
        "type": "xa",
        "slug": "thuong-long",
        "name_with_type": "Xã Thượng Long",
        "path": "Thượng Long, Yên Lập, Phú Thọ",
        "path_with_type": "Xã Thượng Long, Huyện Yên Lập, Tỉnh Phú Thọ",
        "code": "08323",
        "parent_code": "234"
    },
    "08326": {
        "name": "Đồng Thịnh",
        "type": "xa",
        "slug": "dong-thinh",
        "name_with_type": "Xã Đồng Thịnh",
        "path": "Đồng Thịnh, Yên Lập, Phú Thọ",
        "path_with_type": "Xã Đồng Thịnh, Huyện Yên Lập, Tỉnh Phú Thọ",
        "code": "08326",
        "parent_code": "234"
    },
    "08329": {
        "name": "Phúc Khánh",
        "type": "xa",
        "slug": "phuc-khanh",
        "name_with_type": "Xã Phúc Khánh",
        "path": "Phúc Khánh, Yên Lập, Phú Thọ",
        "path_with_type": "Xã Phúc Khánh, Huyện Yên Lập, Tỉnh Phú Thọ",
        "code": "08329",
        "parent_code": "234"
    },
    "08332": {
        "name": "Minh Hòa",
        "type": "xa",
        "slug": "minh-hoa",
        "name_with_type": "Xã Minh Hòa",
        "path": "Minh Hòa, Yên Lập, Phú Thọ",
        "path_with_type": "Xã Minh Hòa, Huyện Yên Lập, Tỉnh Phú Thọ",
        "code": "08332",
        "parent_code": "234"
    },
    "08335": {
        "name": "Ngọc Lập",
        "type": "xa",
        "slug": "ngoc-lap",
        "name_with_type": "Xã Ngọc Lập",
        "path": "Ngọc Lập, Yên Lập, Phú Thọ",
        "path_with_type": "Xã Ngọc Lập, Huyện Yên Lập, Tỉnh Phú Thọ",
        "code": "08335",
        "parent_code": "234"
    },
    "08338": {
        "name": "Ngọc Đồng",
        "type": "xa",
        "slug": "ngoc-dong",
        "name_with_type": "Xã Ngọc Đồng",
        "path": "Ngọc Đồng, Yên Lập, Phú Thọ",
        "path_with_type": "Xã Ngọc Đồng, Huyện Yên Lập, Tỉnh Phú Thọ",
        "code": "08338",
        "parent_code": "234"
    }
}