{
    "08662": {
        "name": "Đào Xá",
        "type": "xa",
        "slug": "dao-xa",
        "name_with_type": "Xã Đào Xá",
        "path": "Đào Xá, Thanh Thuỷ, Phú Thọ",
        "path_with_type": "Xã Đào Xá, Huyện Thanh Thuỷ, Tỉnh Phú Thọ",
        "code": "08662",
        "parent_code": "239"
    },
    "08665": {
        "name": "Thạch Đồng",
        "type": "xa",
        "slug": "thach-dong",
        "name_with_type": "Xã Thạch Đồng",
        "path": "Thạch Đồng, Thanh Thuỷ, Phú Thọ",
        "path_with_type": "Xã Thạch Đồng, Huyện Thanh Thuỷ, Tỉnh Phú Thọ",
        "code": "08665",
        "parent_code": "239"
    },
    "08668": {
        "name": "Xuân Lộc",
        "type": "xa",
        "slug": "xuan-loc",
        "name_with_type": "Xã Xuân Lộc",
        "path": "Xuân Lộc, Thanh Thuỷ, Phú Thọ",
        "path_with_type": "Xã Xuân Lộc, Huyện Thanh Thuỷ, Tỉnh Phú Thọ",
        "code": "08668",
        "parent_code": "239"
    },
    "08671": {
        "name": "Tân Phương",
        "type": "xa",
        "slug": "tan-phuong",
        "name_with_type": "Xã Tân Phương",
        "path": "Tân Phương, Thanh Thuỷ, Phú Thọ",
        "path_with_type": "Xã Tân Phương, Huyện Thanh Thuỷ, Tỉnh Phú Thọ",
        "code": "08671",
        "parent_code": "239"
    },
    "08674": {
        "name": "Thanh Thủy",
        "type": "thi-tran",
        "slug": "thanh-thuy",
        "name_with_type": "Thị trấn Thanh Thủy",
        "path": "Thanh Thủy, Thanh Thuỷ, Phú Thọ",
        "path_with_type": "Thị trấn Thanh Thủy, Huyện Thanh Thuỷ, Tỉnh Phú Thọ",
        "code": "08674",
        "parent_code": "239"
    },
    "08677": {
        "name": "Sơn Thủy",
        "type": "xa",
        "slug": "son-thuy",
        "name_with_type": "Xã Sơn Thủy",
        "path": "Sơn Thủy, Thanh Thuỷ, Phú Thọ",
        "path_with_type": "Xã Sơn Thủy, Huyện Thanh Thuỷ, Tỉnh Phú Thọ",
        "code": "08677",
        "parent_code": "239"
    },
    "08680": {
        "name": "Bảo Yên",
        "type": "xa",
        "slug": "bao-yen",
        "name_with_type": "Xã Bảo Yên",
        "path": "Bảo Yên, Thanh Thuỷ, Phú Thọ",
        "path_with_type": "Xã Bảo Yên, Huyện Thanh Thuỷ, Tỉnh Phú Thọ",
        "code": "08680",
        "parent_code": "239"
    },
    "08683": {
        "name": "Đoan Hạ",
        "type": "xa",
        "slug": "doan-ha",
        "name_with_type": "Xã Đoan Hạ",
        "path": "Đoan Hạ, Thanh Thuỷ, Phú Thọ",
        "path_with_type": "Xã Đoan Hạ, Huyện Thanh Thuỷ, Tỉnh Phú Thọ",
        "code": "08683",
        "parent_code": "239"
    },
    "08686": {
        "name": "Đồng Trung",
        "type": "xa",
        "slug": "dong-trung",
        "name_with_type": "Xã Đồng Trung",
        "path": "Đồng Trung, Thanh Thuỷ, Phú Thọ",
        "path_with_type": "Xã Đồng Trung, Huyện Thanh Thuỷ, Tỉnh Phú Thọ",
        "code": "08686",
        "parent_code": "239"
    },
    "08689": {
        "name": "Hoàng Xá",
        "type": "xa",
        "slug": "hoang-xa",
        "name_with_type": "Xã Hoàng Xá",
        "path": "Hoàng Xá, Thanh Thuỷ, Phú Thọ",
        "path_with_type": "Xã Hoàng Xá, Huyện Thanh Thuỷ, Tỉnh Phú Thọ",
        "code": "08689",
        "parent_code": "239"
    },
    "08701": {
        "name": "Tu Vũ",
        "type": "xa",
        "slug": "tu-vu",
        "name_with_type": "Xã Tu Vũ",
        "path": "Tu Vũ, Thanh Thuỷ, Phú Thọ",
        "path_with_type": "Xã Tu Vũ, Huyện Thanh Thuỷ, Tỉnh Phú Thọ",
        "code": "08701",
        "parent_code": "239"
    }
}