{
    "08707": {
        "name": "Tích Sơn",
        "type": "phuong",
        "slug": "tich-son",
        "name_with_type": "Phường Tích Sơn",
        "path": "Tích Sơn, Vĩnh Yên, Vĩnh Phúc",
        "path_with_type": "Phường Tích Sơn, Thành phố Vĩnh Yên, Tỉnh Vĩnh Phúc",
        "code": "08707",
        "parent_code": "243"
    },
    "08710": {
        "name": "Liên Bảo",
        "type": "phuong",
        "slug": "lien-bao",
        "name_with_type": "Phường Liên Bảo",
        "path": "Liên Bảo, Vĩnh Yên, Vĩnh Phúc",
        "path_with_type": "Phường Liên Bảo, Thành phố Vĩnh Yên, Tỉnh Vĩnh Phúc",
        "code": "08710",
        "parent_code": "243"
    },
    "08713": {
        "name": "Hội Hợp",
        "type": "phuong",
        "slug": "hoi-hop",
        "name_with_type": "Phường Hội Hợp",
        "path": "Hội Hợp, Vĩnh Yên, Vĩnh Phúc",
        "path_with_type": "Phường Hội Hợp, Thành phố Vĩnh Yên, Tỉnh Vĩnh Phúc",
        "code": "08713",
        "parent_code": "243"
    },
    "08716": {
        "name": "Đống Đa",
        "type": "phuong",
        "slug": "dong-da",
        "name_with_type": "Phường Đống Đa",
        "path": "Đống Đa, Vĩnh Yên, Vĩnh Phúc",
        "path_with_type": "Phường Đống Đa, Thành phố Vĩnh Yên, Tỉnh Vĩnh Phúc",
        "code": "08716",
        "parent_code": "243"
    },
    "08719": {
        "name": "Ngô Quyền",
        "type": "phuong",
        "slug": "ngo-quyen",
        "name_with_type": "Phường Ngô Quyền",
        "path": "Ngô Quyền, Vĩnh Yên, Vĩnh Phúc",
        "path_with_type": "Phường Ngô Quyền, Thành phố Vĩnh Yên, Tỉnh Vĩnh Phúc",
        "code": "08719",
        "parent_code": "243"
    },
    "08722": {
        "name": "Đồng Tâm",
        "type": "phuong",
        "slug": "dong-tam",
        "name_with_type": "Phường Đồng Tâm",
        "path": "Đồng Tâm, Vĩnh Yên, Vĩnh Phúc",
        "path_with_type": "Phường Đồng Tâm, Thành phố Vĩnh Yên, Tỉnh Vĩnh Phúc",
        "code": "08722",
        "parent_code": "243"
    },
    "08725": {
        "name": "Định Trung",
        "type": "xa",
        "slug": "dinh-trung",
        "name_with_type": "Xã Định Trung",
        "path": "Định Trung, Vĩnh Yên, Vĩnh Phúc",
        "path_with_type": "Xã Định Trung, Thành phố Vĩnh Yên, Tỉnh Vĩnh Phúc",
        "code": "08725",
        "parent_code": "243"
    },
    "08728": {
        "name": "Khai Quang",
        "type": "phuong",
        "slug": "khai-quang",
        "name_with_type": "Phường Khai Quang",
        "path": "Khai Quang, Vĩnh Yên, Vĩnh Phúc",
        "path_with_type": "Phường Khai Quang, Thành phố Vĩnh Yên, Tỉnh Vĩnh Phúc",
        "code": "08728",
        "parent_code": "243"
    },
    "08731": {
        "name": "Thanh Trù",
        "type": "xa",
        "slug": "thanh-tru",
        "name_with_type": "Xã Thanh Trù",
        "path": "Thanh Trù, Vĩnh Yên, Vĩnh Phúc",
        "path_with_type": "Xã Thanh Trù, Thành phố Vĩnh Yên, Tỉnh Vĩnh Phúc",
        "code": "08731",
        "parent_code": "243"
    }
}