{
    "08935": {
        "name": "Hương Canh",
        "type": "thi-tran",
        "slug": "huong-canh",
        "name_with_type": "Thị trấn Hương Canh",
        "path": "Hương Canh, Bình Xuyên, Vĩnh Phúc",
        "path_with_type": "Thị trấn Hương Canh, Huyện Bình Xuyên, Tỉnh Vĩnh Phúc",
        "code": "08935",
        "parent_code": "249"
    },
    "08936": {
        "name": "Gia Khánh",
        "type": "thi-tran",
        "slug": "gia-khanh",
        "name_with_type": "Thị trấn Gia Khánh",
        "path": "Gia Khánh, Bình Xuyên, Vĩnh Phúc",
        "path_with_type": "Thị trấn Gia Khánh, Huyện Bình Xuyên, Tỉnh Vĩnh Phúc",
        "code": "08936",
        "parent_code": "249"
    },
    "08938": {
        "name": "Trung Mỹ",
        "type": "xa",
        "slug": "trung-my",
        "name_with_type": "Xã Trung Mỹ",
        "path": "Trung Mỹ, Bình Xuyên, Vĩnh Phúc",
        "path_with_type": "Xã Trung Mỹ, Huyện Bình Xuyên, Tỉnh Vĩnh Phúc",
        "code": "08938",
        "parent_code": "249"
    },
    "08944": {
        "name": "Bá Hiến",
        "type": "thi-tran",
        "slug": "ba-hien",
        "name_with_type": "Thị trấn Bá Hiến",
        "path": "Bá Hiến, Bình Xuyên, Vĩnh Phúc",
        "path_with_type": "Thị trấn Bá Hiến, Huyện Bình Xuyên, Tỉnh Vĩnh Phúc",
        "code": "08944",
        "parent_code": "249"
    },
    "08947": {
        "name": "Thiện Kế",
        "type": "xa",
        "slug": "thien-ke",
        "name_with_type": "Xã Thiện Kế",
        "path": "Thiện Kế, Bình Xuyên, Vĩnh Phúc",
        "path_with_type": "Xã Thiện Kế, Huyện Bình Xuyên, Tỉnh Vĩnh Phúc",
        "code": "08947",
        "parent_code": "249"
    },
    "08950": {
        "name": "Hương Sơn",
        "type": "xa",
        "slug": "huong-son",
        "name_with_type": "Xã Hương Sơn",
        "path": "Hương Sơn, Bình Xuyên, Vĩnh Phúc",
        "path_with_type": "Xã Hương Sơn, Huyện Bình Xuyên, Tỉnh Vĩnh Phúc",
        "code": "08950",
        "parent_code": "249"
    },
    "08953": {
        "name": "Tam Hợp",
        "type": "xa",
        "slug": "tam-hop",
        "name_with_type": "Xã Tam Hợp",
        "path": "Tam Hợp, Bình Xuyên, Vĩnh Phúc",
        "path_with_type": "Xã Tam Hợp, Huyện Bình Xuyên, Tỉnh Vĩnh Phúc",
        "code": "08953",
        "parent_code": "249"
    },
    "08956": {
        "name": "Quất Lưu",
        "type": "xa",
        "slug": "quat-luu",
        "name_with_type": "Xã Quất Lưu",
        "path": "Quất Lưu, Bình Xuyên, Vĩnh Phúc",
        "path_with_type": "Xã Quất Lưu, Huyện Bình Xuyên, Tỉnh Vĩnh Phúc",
        "code": "08956",
        "parent_code": "249"
    },
    "08959": {
        "name": "Sơn Lôi",
        "type": "xa",
        "slug": "son-loi",
        "name_with_type": "Xã Sơn Lôi",
        "path": "Sơn Lôi, Bình Xuyên, Vĩnh Phúc",
        "path_with_type": "Xã Sơn Lôi, Huyện Bình Xuyên, Tỉnh Vĩnh Phúc",
        "code": "08959",
        "parent_code": "249"
    },
    "08962": {
        "name": "Đạo Đức",
        "type": "thi-tran",
        "slug": "dao-duc",
        "name_with_type": "Thị trấn Đạo Đức",
        "path": "Đạo Đức, Bình Xuyên, Vĩnh Phúc",
        "path_with_type": "Thị trấn Đạo Đức, Huyện Bình Xuyên, Tỉnh Vĩnh Phúc",
        "code": "08962",
        "parent_code": "249"
    },
    "08965": {
        "name": "Tân Phong",
        "type": "xa",
        "slug": "tan-phong",
        "name_with_type": "Xã Tân Phong",
        "path": "Tân Phong, Bình Xuyên, Vĩnh Phúc",
        "path_with_type": "Xã Tân Phong, Huyện Bình Xuyên, Tỉnh Vĩnh Phúc",
        "code": "08965",
        "parent_code": "249"
    },
    "08968": {
        "name": "Thanh Lãng",
        "type": "thi-tran",
        "slug": "thanh-lang",
        "name_with_type": "Thị trấn Thanh Lãng",
        "path": "Thanh Lãng, Bình Xuyên, Vĩnh Phúc",
        "path_with_type": "Thị trấn Thanh Lãng, Huyện Bình Xuyên, Tỉnh Vĩnh Phúc",
        "code": "08968",
        "parent_code": "249"
    },
    "08971": {
        "name": "Phú Xuân",
        "type": "xa",
        "slug": "phu-xuan",
        "name_with_type": "Xã Phú Xuân",
        "path": "Phú Xuân, Bình Xuyên, Vĩnh Phúc",
        "path_with_type": "Xã Phú Xuân, Huyện Bình Xuyên, Tỉnh Vĩnh Phúc",
        "code": "08971",
        "parent_code": "249"
    }
}