{
    "08773": {
        "name": "Lãng Công",
        "type": "xa",
        "slug": "lang-cong",
        "name_with_type": "Xã Lãng Công",
        "path": "Lãng Công, Sông Lô, Vĩnh Phúc",
        "path_with_type": "Xã Lãng Công, Huyện Sông Lô, Tỉnh Vĩnh Phúc",
        "code": "08773",
        "parent_code": "253"
    },
    "08776": {
        "name": "Quang Yên",
        "type": "xa",
        "slug": "quang-yen",
        "name_with_type": "Xã Quang Yên",
        "path": "Quang Yên, Sông Lô, Vĩnh Phúc",
        "path_with_type": "Xã Quang Yên, Huyện Sông Lô, Tỉnh Vĩnh Phúc",
        "code": "08776",
        "parent_code": "253"
    },
    "08779": {
        "name": "Bạch Lưu",
        "type": "xa",
        "slug": "bach-luu",
        "name_with_type": "Xã Bạch Lưu",
        "path": "Bạch Lưu, Sông Lô, Vĩnh Phúc",
        "path_with_type": "Xã Bạch Lưu, Huyện Sông Lô, Tỉnh Vĩnh Phúc",
        "code": "08779",
        "parent_code": "253"
    },
    "08782": {
        "name": "Hải Lựu",
        "type": "xa",
        "slug": "hai-luu",
        "name_with_type": "Xã Hải Lựu",
        "path": "Hải Lựu, Sông Lô, Vĩnh Phúc",
        "path_with_type": "Xã Hải Lựu, Huyện Sông Lô, Tỉnh Vĩnh Phúc",
        "code": "08782",
        "parent_code": "253"
    },
    "08800": {
        "name": "Đồng Quế",
        "type": "xa",
        "slug": "dong-que",
        "name_with_type": "Xã Đồng Quế",
        "path": "Đồng Quế, Sông Lô, Vĩnh Phúc",
        "path_with_type": "Xã Đồng Quế, Huyện Sông Lô, Tỉnh Vĩnh Phúc",
        "code": "08800",
        "parent_code": "253"
    },
    "08803": {
        "name": "Nhân Đạo",
        "type": "xa",
        "slug": "nhan-dao",
        "name_with_type": "Xã Nhân Đạo",
        "path": "Nhân Đạo, Sông Lô, Vĩnh Phúc",
        "path_with_type": "Xã Nhân Đạo, Huyện Sông Lô, Tỉnh Vĩnh Phúc",
        "code": "08803",
        "parent_code": "253"
    },
    "08806": {
        "name": "Đôn Nhân",
        "type": "xa",
        "slug": "don-nhan",
        "name_with_type": "Xã Đôn Nhân",
        "path": "Đôn Nhân, Sông Lô, Vĩnh Phúc",
        "path_with_type": "Xã Đôn Nhân, Huyện Sông Lô, Tỉnh Vĩnh Phúc",
        "code": "08806",
        "parent_code": "253"
    },
    "08809": {
        "name": "Phương Khoan",
        "type": "xa",
        "slug": "phuong-khoan",
        "name_with_type": "Xã Phương Khoan",
        "path": "Phương Khoan, Sông Lô, Vĩnh Phúc",
        "path_with_type": "Xã Phương Khoan, Huyện Sông Lô, Tỉnh Vĩnh Phúc",
        "code": "08809",
        "parent_code": "253"
    },
    "08818": {
        "name": "Tân Lập",
        "type": "xa",
        "slug": "tan-lap",
        "name_with_type": "Xã Tân Lập",
        "path": "Tân Lập, Sông Lô, Vĩnh Phúc",
        "path_with_type": "Xã Tân Lập, Huyện Sông Lô, Tỉnh Vĩnh Phúc",
        "code": "08818",
        "parent_code": "253"
    },
    "08821": {
        "name": "Nhạo Sơn",
        "type": "xa",
        "slug": "nhao-son",
        "name_with_type": "Xã Nhạo Sơn",
        "path": "Nhạo Sơn, Sông Lô, Vĩnh Phúc",
        "path_with_type": "Xã Nhạo Sơn, Huyện Sông Lô, Tỉnh Vĩnh Phúc",
        "code": "08821",
        "parent_code": "253"
    },
    "08824": {
        "name": "Tam Sơn",
        "type": "thi-tran",
        "slug": "tam-son",
        "name_with_type": "Thị trấn Tam Sơn",
        "path": "Tam Sơn, Sông Lô, Vĩnh Phúc",
        "path_with_type": "Thị trấn Tam Sơn, Huyện Sông Lô, Tỉnh Vĩnh Phúc",
        "code": "08824",
        "parent_code": "253"
    },
    "08827": {
        "name": "Như Thụy",
        "type": "xa",
        "slug": "nhu-thuy",
        "name_with_type": "Xã Như Thụy",
        "path": "Như Thụy, Sông Lô, Vĩnh Phúc",
        "path_with_type": "Xã Như Thụy, Huyện Sông Lô, Tỉnh Vĩnh Phúc",
        "code": "08827",
        "parent_code": "253"
    },
    "08830": {
        "name": "Yên Thạch",
        "type": "xa",
        "slug": "yen-thach",
        "name_with_type": "Xã Yên Thạch",
        "path": "Yên Thạch, Sông Lô, Vĩnh Phúc",
        "path_with_type": "Xã Yên Thạch, Huyện Sông Lô, Tỉnh Vĩnh Phúc",
        "code": "08830",
        "parent_code": "253"
    },
    "08848": {
        "name": "Đồng Thịnh",
        "type": "xa",
        "slug": "dong-thinh",
        "name_with_type": "Xã Đồng Thịnh",
        "path": "Đồng Thịnh, Sông Lô, Vĩnh Phúc",
        "path_with_type": "Xã Đồng Thịnh, Huyện Sông Lô, Tỉnh Vĩnh Phúc",
        "code": "08848",
        "parent_code": "253"
    },
    "08851": {
        "name": "Tứ Yên",
        "type": "xa",
        "slug": "tu-yen",
        "name_with_type": "Xã Tứ Yên",
        "path": "Tứ Yên, Sông Lô, Vĩnh Phúc",
        "path_with_type": "Xã Tứ Yên, Huyện Sông Lô, Tỉnh Vĩnh Phúc",
        "code": "08851",
        "parent_code": "253"
    },
    "08854": {
        "name": "Đức Bác",
        "type": "xa",
        "slug": "duc-bac",
        "name_with_type": "Xã Đức Bác",
        "path": "Đức Bác, Sông Lô, Vĩnh Phúc",
        "path_with_type": "Xã Đức Bác, Huyện Sông Lô, Tỉnh Vĩnh Phúc",
        "code": "08854",
        "parent_code": "253"
    },
    "08860": {
        "name": "Cao Phong",
        "type": "xa",
        "slug": "cao-phong",
        "name_with_type": "Xã Cao Phong",
        "path": "Cao Phong, Sông Lô, Vĩnh Phúc",
        "path_with_type": "Xã Cao Phong, Huyện Sông Lô, Tỉnh Vĩnh Phúc",
        "code": "08860",
        "parent_code": "253"
    }
}