{
    "09193": {
        "name": "Chờ",
        "type": "thi-tran",
        "slug": "cho",
        "name_with_type": "Thị trấn Chờ",
        "path": "Chờ, Yên Phong, Bắc Ninh",
        "path_with_type": "Thị trấn Chờ, Huyện Yên Phong, Tỉnh Bắc Ninh",
        "code": "09193",
        "parent_code": "258"
    },
    "09196": {
        "name": "Dũng Liệt",
        "type": "xa",
        "slug": "dung-liet",
        "name_with_type": "Xã Dũng Liệt",
        "path": "Dũng Liệt, Yên Phong, Bắc Ninh",
        "path_with_type": "Xã Dũng Liệt, Huyện Yên Phong, Tỉnh Bắc Ninh",
        "code": "09196",
        "parent_code": "258"
    },
    "09199": {
        "name": "Tam Đa",
        "type": "xa",
        "slug": "tam-da",
        "name_with_type": "Xã Tam Đa",
        "path": "Tam Đa, Yên Phong, Bắc Ninh",
        "path_with_type": "Xã Tam Đa, Huyện Yên Phong, Tỉnh Bắc Ninh",
        "code": "09199",
        "parent_code": "258"
    },
    "09202": {
        "name": "Tam Giang",
        "type": "xa",
        "slug": "tam-giang",
        "name_with_type": "Xã Tam Giang",
        "path": "Tam Giang, Yên Phong, Bắc Ninh",
        "path_with_type": "Xã Tam Giang, Huyện Yên Phong, Tỉnh Bắc Ninh",
        "code": "09202",
        "parent_code": "258"
    },
    "09205": {
        "name": "Yên Trung",
        "type": "xa",
        "slug": "yen-trung",
        "name_with_type": "Xã Yên Trung",
        "path": "Yên Trung, Yên Phong, Bắc Ninh",
        "path_with_type": "Xã Yên Trung, Huyện Yên Phong, Tỉnh Bắc Ninh",
        "code": "09205",
        "parent_code": "258"
    },
    "09208": {
        "name": "Thụy Hòa",
        "type": "xa",
        "slug": "thuy-hoa",
        "name_with_type": "Xã Thụy Hòa",
        "path": "Thụy Hòa, Yên Phong, Bắc Ninh",
        "path_with_type": "Xã Thụy Hòa, Huyện Yên Phong, Tỉnh Bắc Ninh",
        "code": "09208",
        "parent_code": "258"
    },
    "09211": {
        "name": "Hòa Tiến",
        "type": "xa",
        "slug": "hoa-tien",
        "name_with_type": "Xã Hòa Tiến",
        "path": "Hòa Tiến, Yên Phong, Bắc Ninh",
        "path_with_type": "Xã Hòa Tiến, Huyện Yên Phong, Tỉnh Bắc Ninh",
        "code": "09211",
        "parent_code": "258"
    },
    "09217": {
        "name": "Đông Tiến",
        "type": "xa",
        "slug": "dong-tien",
        "name_with_type": "Xã Đông Tiến",
        "path": "Đông Tiến, Yên Phong, Bắc Ninh",
        "path_with_type": "Xã Đông Tiến, Huyện Yên Phong, Tỉnh Bắc Ninh",
        "code": "09217",
        "parent_code": "258"
    },
    "09220": {
        "name": "Yên Phụ",
        "type": "xa",
        "slug": "yen-phu",
        "name_with_type": "Xã Yên Phụ",
        "path": "Yên Phụ, Yên Phong, Bắc Ninh",
        "path_with_type": "Xã Yên Phụ, Huyện Yên Phong, Tỉnh Bắc Ninh",
        "code": "09220",
        "parent_code": "258"
    },
    "09223": {
        "name": "Trung Nghĩa",
        "type": "xa",
        "slug": "trung-nghia",
        "name_with_type": "Xã Trung Nghĩa",
        "path": "Trung Nghĩa, Yên Phong, Bắc Ninh",
        "path_with_type": "Xã Trung Nghĩa, Huyện Yên Phong, Tỉnh Bắc Ninh",
        "code": "09223",
        "parent_code": "258"
    },
    "09229": {
        "name": "Đông Phong",
        "type": "xa",
        "slug": "dong-phong",
        "name_with_type": "Xã Đông Phong",
        "path": "Đông Phong, Yên Phong, Bắc Ninh",
        "path_with_type": "Xã Đông Phong, Huyện Yên Phong, Tỉnh Bắc Ninh",
        "code": "09229",
        "parent_code": "258"
    },
    "09232": {
        "name": "Long Châu",
        "type": "xa",
        "slug": "long-chau",
        "name_with_type": "Xã Long Châu",
        "path": "Long Châu, Yên Phong, Bắc Ninh",
        "path_with_type": "Xã Long Châu, Huyện Yên Phong, Tỉnh Bắc Ninh",
        "code": "09232",
        "parent_code": "258"
    },
    "09238": {
        "name": "Văn Môn",
        "type": "xa",
        "slug": "van-mon",
        "name_with_type": "Xã Văn Môn",
        "path": "Văn Môn, Yên Phong, Bắc Ninh",
        "path_with_type": "Xã Văn Môn, Huyện Yên Phong, Tỉnh Bắc Ninh",
        "code": "09238",
        "parent_code": "258"
    },
    "09241": {
        "name": "Đông Thọ",
        "type": "xa",
        "slug": "dong-tho",
        "name_with_type": "Xã Đông Thọ",
        "path": "Đông Thọ, Yên Phong, Bắc Ninh",
        "path_with_type": "Xã Đông Thọ, Huyện Yên Phong, Tỉnh Bắc Ninh",
        "code": "09241",
        "parent_code": "258"
    }
}