{
    "09319": {
        "name": "Lim",
        "type": "thi-tran",
        "slug": "lim",
        "name_with_type": "Thị trấn Lim",
        "path": "Lim, Tiên Du, Bắc Ninh",
        "path_with_type": "Thị trấn Lim, Huyện Tiên Du, Tỉnh Bắc Ninh",
        "code": "09319",
        "parent_code": "260"
    },
    "09322": {
        "name": "Phú Lâm",
        "type": "xa",
        "slug": "phu-lam",
        "name_with_type": "Xã Phú Lâm",
        "path": "Phú Lâm, Tiên Du, Bắc Ninh",
        "path_with_type": "Xã Phú Lâm, Huyện Tiên Du, Tỉnh Bắc Ninh",
        "code": "09322",
        "parent_code": "260"
    },
    "09328": {
        "name": "Nội Duệ",
        "type": "xa",
        "slug": "noi-due",
        "name_with_type": "Xã Nội Duệ",
        "path": "Nội Duệ, Tiên Du, Bắc Ninh",
        "path_with_type": "Xã Nội Duệ, Huyện Tiên Du, Tỉnh Bắc Ninh",
        "code": "09328",
        "parent_code": "260"
    },
    "09334": {
        "name": "Liên Bão",
        "type": "xa",
        "slug": "lien-bao",
        "name_with_type": "Xã Liên Bão",
        "path": "Liên Bão, Tiên Du, Bắc Ninh",
        "path_with_type": "Xã Liên Bão, Huyện Tiên Du, Tỉnh Bắc Ninh",
        "code": "09334",
        "parent_code": "260"
    },
    "09337": {
        "name": "Hiên Vân",
        "type": "xa",
        "slug": "hien-van",
        "name_with_type": "Xã Hiên Vân",
        "path": "Hiên Vân, Tiên Du, Bắc Ninh",
        "path_with_type": "Xã Hiên Vân, Huyện Tiên Du, Tỉnh Bắc Ninh",
        "code": "09337",
        "parent_code": "260"
    },
    "09340": {
        "name": "Hoàn Sơn",
        "type": "xa",
        "slug": "hoan-son",
        "name_with_type": "Xã Hoàn Sơn",
        "path": "Hoàn Sơn, Tiên Du, Bắc Ninh",
        "path_with_type": "Xã Hoàn Sơn, Huyện Tiên Du, Tỉnh Bắc Ninh",
        "code": "09340",
        "parent_code": "260"
    },
    "09343": {
        "name": "Lạc Vệ",
        "type": "xa",
        "slug": "lac-ve",
        "name_with_type": "Xã Lạc Vệ",
        "path": "Lạc Vệ, Tiên Du, Bắc Ninh",
        "path_with_type": "Xã Lạc Vệ, Huyện Tiên Du, Tỉnh Bắc Ninh",
        "code": "09343",
        "parent_code": "260"
    },
    "09346": {
        "name": "Việt Đoàn",
        "type": "xa",
        "slug": "viet-doan",
        "name_with_type": "Xã Việt Đoàn",
        "path": "Việt Đoàn, Tiên Du, Bắc Ninh",
        "path_with_type": "Xã Việt Đoàn, Huyện Tiên Du, Tỉnh Bắc Ninh",
        "code": "09346",
        "parent_code": "260"
    },
    "09349": {
        "name": "Phật Tích",
        "type": "xa",
        "slug": "phat-tich",
        "name_with_type": "Xã Phật Tích",
        "path": "Phật Tích, Tiên Du, Bắc Ninh",
        "path_with_type": "Xã Phật Tích, Huyện Tiên Du, Tỉnh Bắc Ninh",
        "code": "09349",
        "parent_code": "260"
    },
    "09352": {
        "name": "Tân Chi",
        "type": "xa",
        "slug": "tan-chi",
        "name_with_type": "Xã Tân Chi",
        "path": "Tân Chi, Tiên Du, Bắc Ninh",
        "path_with_type": "Xã Tân Chi, Huyện Tiên Du, Tỉnh Bắc Ninh",
        "code": "09352",
        "parent_code": "260"
    },
    "09355": {
        "name": "Đại Đồng",
        "type": "xa",
        "slug": "dai-dong",
        "name_with_type": "Xã Đại Đồng",
        "path": "Đại Đồng, Tiên Du, Bắc Ninh",
        "path_with_type": "Xã Đại Đồng, Huyện Tiên Du, Tỉnh Bắc Ninh",
        "code": "09355",
        "parent_code": "260"
    },
    "09358": {
        "name": "Tri Phương",
        "type": "xa",
        "slug": "tri-phuong",
        "name_with_type": "Xã Tri Phương",
        "path": "Tri Phương, Tiên Du, Bắc Ninh",
        "path_with_type": "Xã Tri Phương, Huyện Tiên Du, Tỉnh Bắc Ninh",
        "code": "09358",
        "parent_code": "260"
    },
    "09361": {
        "name": "Minh Đạo",
        "type": "xa",
        "slug": "minh-dao",
        "name_with_type": "Xã Minh Đạo",
        "path": "Minh Đạo, Tiên Du, Bắc Ninh",
        "path_with_type": "Xã Minh Đạo, Huyện Tiên Du, Tỉnh Bắc Ninh",
        "code": "09361",
        "parent_code": "260"
    },
    "09364": {
        "name": "Cảnh Hưng",
        "type": "xa",
        "slug": "canh-hung",
        "name_with_type": "Xã Cảnh Hưng",
        "path": "Cảnh Hưng, Tiên Du, Bắc Ninh",
        "path_with_type": "Xã Cảnh Hưng, Huyện Tiên Du, Tỉnh Bắc Ninh",
        "code": "09364",
        "parent_code": "260"
    }
}