{
    "09715": {
        "name": "Phúc Thọ",
        "type": "thi-tran",
        "slug": "phuc-tho",
        "name_with_type": "Thị trấn Phúc Thọ",
        "path": "Phúc Thọ, Phúc Thọ, Hà Nội",
        "path_with_type": "Thị trấn Phúc Thọ, Huyện Phúc Thọ, Thành phố Hà Nội",
        "code": "09715",
        "parent_code": "272"
    },
    "09718": {
        "name": "Vân Hà",
        "type": "xa",
        "slug": "van-ha",
        "name_with_type": "Xã Vân Hà",
        "path": "Vân Hà, Phúc Thọ, Hà Nội",
        "path_with_type": "Xã Vân Hà, Huyện Phúc Thọ, Thành phố Hà Nội",
        "code": "09718",
        "parent_code": "272"
    },
    "09721": {
        "name": "Vân Phúc",
        "type": "xa",
        "slug": "van-phuc",
        "name_with_type": "Xã Vân Phúc",
        "path": "Vân Phúc, Phúc Thọ, Hà Nội",
        "path_with_type": "Xã Vân Phúc, Huyện Phúc Thọ, Thành phố Hà Nội",
        "code": "09721",
        "parent_code": "272"
    },
    "09724": {
        "name": "Vân Nam",
        "type": "xa",
        "slug": "van-nam",
        "name_with_type": "Xã Vân Nam",
        "path": "Vân Nam, Phúc Thọ, Hà Nội",
        "path_with_type": "Xã Vân Nam, Huyện Phúc Thọ, Thành phố Hà Nội",
        "code": "09724",
        "parent_code": "272"
    },
    "09727": {
        "name": "Xuân Đình",
        "type": "xa",
        "slug": "xuan-dinh",
        "name_with_type": "Xã Xuân Đình",
        "path": "Xuân Đình, Phúc Thọ, Hà Nội",
        "path_with_type": "Xã Xuân Đình, Huyện Phúc Thọ, Thành phố Hà Nội",
        "code": "09727",
        "parent_code": "272"
    },
    "09733": {
        "name": "Sen Phương",
        "type": "xa",
        "slug": "sen-phuong",
        "name_with_type": "Xã Sen Phương",
        "path": "Sen Phương, Phúc Thọ, Hà Nội",
        "path_with_type": "Xã Sen Phương, Huyện Phúc Thọ, Thành phố Hà Nội",
        "code": "09733",
        "parent_code": "272"
    },
    "09739": {
        "name": "Võng Xuyên",
        "type": "xa",
        "slug": "vong-xuyen",
        "name_with_type": "Xã Võng Xuyên",
        "path": "Võng Xuyên, Phúc Thọ, Hà Nội",
        "path_with_type": "Xã Võng Xuyên, Huyện Phúc Thọ, Thành phố Hà Nội",
        "code": "09739",
        "parent_code": "272"
    },
    "09742": {
        "name": "Thọ Lộc",
        "type": "xa",
        "slug": "tho-loc",
        "name_with_type": "Xã Thọ Lộc",
        "path": "Thọ Lộc, Phúc Thọ, Hà Nội",
        "path_with_type": "Xã Thọ Lộc, Huyện Phúc Thọ, Thành phố Hà Nội",
        "code": "09742",
        "parent_code": "272"
    },
    "09745": {
        "name": "Long Xuyên",
        "type": "xa",
        "slug": "long-xuyen",
        "name_with_type": "Xã Long Xuyên",
        "path": "Long Xuyên, Phúc Thọ, Hà Nội",
        "path_with_type": "Xã Long Xuyên, Huyện Phúc Thọ, Thành phố Hà Nội",
        "code": "09745",
        "parent_code": "272"
    },
    "09748": {
        "name": "Thượng Cốc",
        "type": "xa",
        "slug": "thuong-coc",
        "name_with_type": "Xã Thượng Cốc",
        "path": "Thượng Cốc, Phúc Thọ, Hà Nội",
        "path_with_type": "Xã Thượng Cốc, Huyện Phúc Thọ, Thành phố Hà Nội",
        "code": "09748",
        "parent_code": "272"
    },
    "09751": {
        "name": "Hát Môn",
        "type": "xa",
        "slug": "hat-mon",
        "name_with_type": "Xã Hát Môn",
        "path": "Hát Môn, Phúc Thọ, Hà Nội",
        "path_with_type": "Xã Hát Môn, Huyện Phúc Thọ, Thành phố Hà Nội",
        "code": "09751",
        "parent_code": "272"
    },
    "09754": {
        "name": "Tích Giang",
        "type": "xa",
        "slug": "tich-giang",
        "name_with_type": "Xã Tích Giang",
        "path": "Tích Giang, Phúc Thọ, Hà Nội",
        "path_with_type": "Xã Tích Giang, Huyện Phúc Thọ, Thành phố Hà Nội",
        "code": "09754",
        "parent_code": "272"
    },
    "09757": {
        "name": "Thanh Đa",
        "type": "xa",
        "slug": "thanh-da",
        "name_with_type": "Xã Thanh Đa",
        "path": "Thanh Đa, Phúc Thọ, Hà Nội",
        "path_with_type": "Xã Thanh Đa, Huyện Phúc Thọ, Thành phố Hà Nội",
        "code": "09757",
        "parent_code": "272"
    },
    "09760": {
        "name": "Trạch Mỹ Lộc",
        "type": "xa",
        "slug": "trach-my-loc",
        "name_with_type": "Xã Trạch Mỹ Lộc",
        "path": "Trạch Mỹ Lộc, Phúc Thọ, Hà Nội",
        "path_with_type": "Xã Trạch Mỹ Lộc, Huyện Phúc Thọ, Thành phố Hà Nội",
        "code": "09760",
        "parent_code": "272"
    },
    "09763": {
        "name": "Phúc Hòa",
        "type": "xa",
        "slug": "phuc-hoa",
        "name_with_type": "Xã Phúc Hòa",
        "path": "Phúc Hòa, Phúc Thọ, Hà Nội",
        "path_with_type": "Xã Phúc Hòa, Huyện Phúc Thọ, Thành phố Hà Nội",
        "code": "09763",
        "parent_code": "272"
    },
    "09766": {
        "name": "Ngọc Tảo",
        "type": "xa",
        "slug": "ngoc-tao",
        "name_with_type": "Xã Ngọc Tảo",
        "path": "Ngọc Tảo, Phúc Thọ, Hà Nội",
        "path_with_type": "Xã Ngọc Tảo, Huyện Phúc Thọ, Thành phố Hà Nội",
        "code": "09766",
        "parent_code": "272"
    },
    "09769": {
        "name": "Phụng Thượng",
        "type": "xa",
        "slug": "phung-thuong",
        "name_with_type": "Xã Phụng Thượng",
        "path": "Phụng Thượng, Phúc Thọ, Hà Nội",
        "path_with_type": "Xã Phụng Thượng, Huyện Phúc Thọ, Thành phố Hà Nội",
        "code": "09769",
        "parent_code": "272"
    },
    "09772": {
        "name": "Tam Thuấn",
        "type": "xa",
        "slug": "tam-thuan",
        "name_with_type": "Xã Tam Thuấn",
        "path": "Tam Thuấn, Phúc Thọ, Hà Nội",
        "path_with_type": "Xã Tam Thuấn, Huyện Phúc Thọ, Thành phố Hà Nội",
        "code": "09772",
        "parent_code": "272"
    },
    "09775": {
        "name": "Tam Hiệp",
        "type": "xa",
        "slug": "tam-hiep",
        "name_with_type": "Xã Tam Hiệp",
        "path": "Tam Hiệp, Phúc Thọ, Hà Nội",
        "path_with_type": "Xã Tam Hiệp, Huyện Phúc Thọ, Thành phố Hà Nội",
        "code": "09775",
        "parent_code": "272"
    },
    "09778": {
        "name": "Hiệp Thuận",
        "type": "xa",
        "slug": "hiep-thuan",
        "name_with_type": "Xã Hiệp Thuận",
        "path": "Hiệp Thuận, Phúc Thọ, Hà Nội",
        "path_with_type": "Xã Hiệp Thuận, Huyện Phúc Thọ, Thành phố Hà Nội",
        "code": "09778",
        "parent_code": "272"
    },
    "09781": {
        "name": "Liên Hiệp",
        "type": "xa",
        "slug": "lien-hiep",
        "name_with_type": "Xã Liên Hiệp",
        "path": "Liên Hiệp, Phúc Thọ, Hà Nội",
        "path_with_type": "Xã Liên Hiệp, Huyện Phúc Thọ, Thành phố Hà Nội",
        "code": "09781",
        "parent_code": "272"
    }
}