{
    "04939": {
        "name": "Đông Xuân",
        "type": "xa",
        "slug": "dong-xuan",
        "name_with_type": "Xã Đông Xuân",
        "path": "Đông Xuân, Quốc Oai, Hà Nội",
        "path_with_type": "Xã Đông Xuân, Huyện Quốc Oai, Thành phố Hà Nội",
        "code": "04939",
        "parent_code": "275"
    },
    "09895": {
        "name": "Quốc Oai",
        "type": "thi-tran",
        "slug": "quoc-oai",
        "name_with_type": "Thị trấn Quốc Oai",
        "path": "Quốc Oai, Quốc Oai, Hà Nội",
        "path_with_type": "Thị trấn Quốc Oai, Huyện Quốc Oai, Thành phố Hà Nội",
        "code": "09895",
        "parent_code": "275"
    },
    "09898": {
        "name": "Sài Sơn",
        "type": "xa",
        "slug": "sai-son",
        "name_with_type": "Xã Sài Sơn",
        "path": "Sài Sơn, Quốc Oai, Hà Nội",
        "path_with_type": "Xã Sài Sơn, Huyện Quốc Oai, Thành phố Hà Nội",
        "code": "09898",
        "parent_code": "275"
    },
    "09901": {
        "name": "Phượng Cách",
        "type": "xa",
        "slug": "phuong-cach",
        "name_with_type": "Xã Phượng Cách",
        "path": "Phượng Cách, Quốc Oai, Hà Nội",
        "path_with_type": "Xã Phượng Cách, Huyện Quốc Oai, Thành phố Hà Nội",
        "code": "09901",
        "parent_code": "275"
    },
    "09904": {
        "name": "Yên Sơn",
        "type": "xa",
        "slug": "yen-son",
        "name_with_type": "Xã Yên Sơn",
        "path": "Yên Sơn, Quốc Oai, Hà Nội",
        "path_with_type": "Xã Yên Sơn, Huyện Quốc Oai, Thành phố Hà Nội",
        "code": "09904",
        "parent_code": "275"
    },
    "09907": {
        "name": "Ngọc Liệp",
        "type": "xa",
        "slug": "ngoc-liep",
        "name_with_type": "Xã Ngọc Liệp",
        "path": "Ngọc Liệp, Quốc Oai, Hà Nội",
        "path_with_type": "Xã Ngọc Liệp, Huyện Quốc Oai, Thành phố Hà Nội",
        "code": "09907",
        "parent_code": "275"
    },
    "09910": {
        "name": "Ngọc Mỹ",
        "type": "xa",
        "slug": "ngoc-my",
        "name_with_type": "Xã Ngọc Mỹ",
        "path": "Ngọc Mỹ, Quốc Oai, Hà Nội",
        "path_with_type": "Xã Ngọc Mỹ, Huyện Quốc Oai, Thành phố Hà Nội",
        "code": "09910",
        "parent_code": "275"
    },
    "09913": {
        "name": "Liệp Tuyết",
        "type": "xa",
        "slug": "liep-tuyet",
        "name_with_type": "Xã Liệp Tuyết",
        "path": "Liệp Tuyết, Quốc Oai, Hà Nội",
        "path_with_type": "Xã Liệp Tuyết, Huyện Quốc Oai, Thành phố Hà Nội",
        "code": "09913",
        "parent_code": "275"
    },
    "09916": {
        "name": "Thạch Thán",
        "type": "xa",
        "slug": "thach-than",
        "name_with_type": "Xã Thạch Thán",
        "path": "Thạch Thán, Quốc Oai, Hà Nội",
        "path_with_type": "Xã Thạch Thán, Huyện Quốc Oai, Thành phố Hà Nội",
        "code": "09916",
        "parent_code": "275"
    },
    "09919": {
        "name": "Đồng Quang",
        "type": "xa",
        "slug": "dong-quang",
        "name_with_type": "Xã Đồng Quang",
        "path": "Đồng Quang, Quốc Oai, Hà Nội",
        "path_with_type": "Xã Đồng Quang, Huyện Quốc Oai, Thành phố Hà Nội",
        "code": "09919",
        "parent_code": "275"
    },
    "09922": {
        "name": "Phú Cát",
        "type": "xa",
        "slug": "phu-cat",
        "name_with_type": "Xã Phú Cát",
        "path": "Phú Cát, Quốc Oai, Hà Nội",
        "path_with_type": "Xã Phú Cát, Huyện Quốc Oai, Thành phố Hà Nội",
        "code": "09922",
        "parent_code": "275"
    },
    "09925": {
        "name": "Tuyết Nghĩa",
        "type": "xa",
        "slug": "tuyet-nghia",
        "name_with_type": "Xã Tuyết Nghĩa",
        "path": "Tuyết Nghĩa, Quốc Oai, Hà Nội",
        "path_with_type": "Xã Tuyết Nghĩa, Huyện Quốc Oai, Thành phố Hà Nội",
        "code": "09925",
        "parent_code": "275"
    },
    "09928": {
        "name": "Nghĩa Hương",
        "type": "xa",
        "slug": "nghia-huong",
        "name_with_type": "Xã Nghĩa Hương",
        "path": "Nghĩa Hương, Quốc Oai, Hà Nội",
        "path_with_type": "Xã Nghĩa Hương, Huyện Quốc Oai, Thành phố Hà Nội",
        "code": "09928",
        "parent_code": "275"
    },
    "09931": {
        "name": "Cộng Hòa",
        "type": "xa",
        "slug": "cong-hoa",
        "name_with_type": "Xã Cộng Hòa",
        "path": "Cộng Hòa, Quốc Oai, Hà Nội",
        "path_with_type": "Xã Cộng Hòa, Huyện Quốc Oai, Thành phố Hà Nội",
        "code": "09931",
        "parent_code": "275"
    },
    "09934": {
        "name": "Tân Phú",
        "type": "xa",
        "slug": "tan-phu",
        "name_with_type": "Xã Tân Phú",
        "path": "Tân Phú, Quốc Oai, Hà Nội",
        "path_with_type": "Xã Tân Phú, Huyện Quốc Oai, Thành phố Hà Nội",
        "code": "09934",
        "parent_code": "275"
    },
    "09937": {
        "name": "Đại Thành",
        "type": "xa",
        "slug": "dai-thanh",
        "name_with_type": "Xã Đại Thành",
        "path": "Đại Thành, Quốc Oai, Hà Nội",
        "path_with_type": "Xã Đại Thành, Huyện Quốc Oai, Thành phố Hà Nội",
        "code": "09937",
        "parent_code": "275"
    },
    "09940": {
        "name": "Phú Mãn",
        "type": "xa",
        "slug": "phu-man",
        "name_with_type": "Xã Phú Mãn",
        "path": "Phú Mãn, Quốc Oai, Hà Nội",
        "path_with_type": "Xã Phú Mãn, Huyện Quốc Oai, Thành phố Hà Nội",
        "code": "09940",
        "parent_code": "275"
    },
    "09943": {
        "name": "Cấn Hữu",
        "type": "xa",
        "slug": "can-huu",
        "name_with_type": "Xã Cấn Hữu",
        "path": "Cấn Hữu, Quốc Oai, Hà Nội",
        "path_with_type": "Xã Cấn Hữu, Huyện Quốc Oai, Thành phố Hà Nội",
        "code": "09943",
        "parent_code": "275"
    },
    "09946": {
        "name": "Tân Hòa",
        "type": "xa",
        "slug": "tan-hoa",
        "name_with_type": "Xã Tân Hòa",
        "path": "Tân Hòa, Quốc Oai, Hà Nội",
        "path_with_type": "Xã Tân Hòa, Huyện Quốc Oai, Thành phố Hà Nội",
        "code": "09946",
        "parent_code": "275"
    },
    "09949": {
        "name": "Hòa Thạch",
        "type": "xa",
        "slug": "hoa-thach",
        "name_with_type": "Xã Hòa Thạch",
        "path": "Hòa Thạch, Quốc Oai, Hà Nội",
        "path_with_type": "Xã Hòa Thạch, Huyện Quốc Oai, Thành phố Hà Nội",
        "code": "09949",
        "parent_code": "275"
    },
    "09952": {
        "name": "Đông Yên",
        "type": "xa",
        "slug": "dong-yen",
        "name_with_type": "Xã Đông Yên",
        "path": "Đông Yên, Quốc Oai, Hà Nội",
        "path_with_type": "Xã Đông Yên, Huyện Quốc Oai, Thành phố Hà Nội",
        "code": "09952",
        "parent_code": "275"
    }
}