{
    "10675": {
        "name": "An Lưu",
        "type": "phuong",
        "slug": "an-luu",
        "name_with_type": "Phường An Lưu",
        "path": "An Lưu, Kinh Môn, Hải Dương",
        "path_with_type": "Phường An Lưu, Thị xã Kinh Môn, Tỉnh Hải Dương",
        "code": "10675",
        "parent_code": "292"
    },
    "10678": {
        "name": "Bạch Đằng",
        "type": "xa",
        "slug": "bach-dang",
        "name_with_type": "Xã Bạch Đằng",
        "path": "Bạch Đằng, Kinh Môn, Hải Dương",
        "path_with_type": "Xã Bạch Đằng, Thị xã Kinh Môn, Tỉnh Hải Dương",
        "code": "10678",
        "parent_code": "292"
    },
    "10681": {
        "name": "Thất Hùng",
        "type": "phuong",
        "slug": "that-hung",
        "name_with_type": "Phường Thất Hùng",
        "path": "Thất Hùng, Kinh Môn, Hải Dương",
        "path_with_type": "Phường Thất Hùng, Thị xã Kinh Môn, Tỉnh Hải Dương",
        "code": "10681",
        "parent_code": "292"
    },
    "10684": {
        "name": "Lê Ninh",
        "type": "xa",
        "slug": "le-ninh",
        "name_with_type": "Xã Lê Ninh",
        "path": "Lê Ninh, Kinh Môn, Hải Dương",
        "path_with_type": "Xã Lê Ninh, Thị xã Kinh Môn, Tỉnh Hải Dương",
        "code": "10684",
        "parent_code": "292"
    },
    "10687": {
        "name": "Hoành Sơn",
        "type": "xa",
        "slug": "hoanh-son",
        "name_with_type": "Xã Hoành Sơn",
        "path": "Hoành Sơn, Kinh Môn, Hải Dương",
        "path_with_type": "Xã Hoành Sơn, Thị xã Kinh Môn, Tỉnh Hải Dương",
        "code": "10687",
        "parent_code": "292"
    },
    "10693": {
        "name": "Phạm Thái",
        "type": "phuong",
        "slug": "pham-thai",
        "name_with_type": "Phường Phạm Thái",
        "path": "Phạm Thái, Kinh Môn, Hải Dương",
        "path_with_type": "Phường Phạm Thái, Thị xã Kinh Môn, Tỉnh Hải Dương",
        "code": "10693",
        "parent_code": "292"
    },
    "10696": {
        "name": "Duy Tân",
        "type": "phuong",
        "slug": "duy-tan",
        "name_with_type": "Phường Duy Tân",
        "path": "Duy Tân, Kinh Môn, Hải Dương",
        "path_with_type": "Phường Duy Tân, Thị xã Kinh Môn, Tỉnh Hải Dương",
        "code": "10696",
        "parent_code": "292"
    },
    "10699": {
        "name": "Tân Dân",
        "type": "phuong",
        "slug": "tan-dan",
        "name_with_type": "Phường Tân Dân",
        "path": "Tân Dân, Kinh Môn, Hải Dương",
        "path_with_type": "Phường Tân Dân, Thị xã Kinh Môn, Tỉnh Hải Dương",
        "code": "10699",
        "parent_code": "292"
    },
    "10702": {
        "name": "Minh Tân",
        "type": "phuong",
        "slug": "minh-tan",
        "name_with_type": "Phường Minh Tân",
        "path": "Minh Tân, Kinh Môn, Hải Dương",
        "path_with_type": "Phường Minh Tân, Thị xã Kinh Môn, Tỉnh Hải Dương",
        "code": "10702",
        "parent_code": "292"
    },
    "10705": {
        "name": "Quang Thành",
        "type": "xa",
        "slug": "quang-thanh",
        "name_with_type": "Xã Quang Thành",
        "path": "Quang Thành, Kinh Môn, Hải Dương",
        "path_with_type": "Xã Quang Thành, Thị xã Kinh Môn, Tỉnh Hải Dương",
        "code": "10705",
        "parent_code": "292"
    },
    "10708": {
        "name": "Hiệp Hòa",
        "type": "xa",
        "slug": "hiep-hoa",
        "name_with_type": "Xã Hiệp Hòa",
        "path": "Hiệp Hòa, Kinh Môn, Hải Dương",
        "path_with_type": "Xã Hiệp Hòa, Thị xã Kinh Môn, Tỉnh Hải Dương",
        "code": "10708",
        "parent_code": "292"
    },
    "10714": {
        "name": "Phú Thứ",
        "type": "phuong",
        "slug": "phu-thu",
        "name_with_type": "Phường Phú Thứ",
        "path": "Phú Thứ, Kinh Môn, Hải Dương",
        "path_with_type": "Phường Phú Thứ, Thị xã Kinh Môn, Tỉnh Hải Dương",
        "code": "10714",
        "parent_code": "292"
    },
    "10717": {
        "name": "Thăng Long",
        "type": "xa",
        "slug": "thang-long",
        "name_with_type": "Xã Thăng Long",
        "path": "Thăng Long, Kinh Môn, Hải Dương",
        "path_with_type": "Xã Thăng Long, Thị xã Kinh Môn, Tỉnh Hải Dương",
        "code": "10717",
        "parent_code": "292"
    },
    "10720": {
        "name": "Lạc Long",
        "type": "xa",
        "slug": "lac-long",
        "name_with_type": "Xã Lạc Long",
        "path": "Lạc Long, Kinh Môn, Hải Dương",
        "path_with_type": "Xã Lạc Long, Thị xã Kinh Môn, Tỉnh Hải Dương",
        "code": "10720",
        "parent_code": "292"
    },
    "10723": {
        "name": "An Sinh",
        "type": "phuong",
        "slug": "an-sinh",
        "name_with_type": "Phường An Sinh",
        "path": "An Sinh, Kinh Môn, Hải Dương",
        "path_with_type": "Phường An Sinh, Thị xã Kinh Môn, Tỉnh Hải Dương",
        "code": "10723",
        "parent_code": "292"
    },
    "10726": {
        "name": "Hiệp Sơn",
        "type": "phuong",
        "slug": "hiep-son",
        "name_with_type": "Phường Hiệp Sơn",
        "path": "Hiệp Sơn, Kinh Môn, Hải Dương",
        "path_with_type": "Phường Hiệp Sơn, Thị xã Kinh Môn, Tỉnh Hải Dương",
        "code": "10726",
        "parent_code": "292"
    },
    "10729": {
        "name": "Thượng Quận",
        "type": "xa",
        "slug": "thuong-quan",
        "name_with_type": "Xã Thượng Quận",
        "path": "Thượng Quận, Kinh Môn, Hải Dương",
        "path_with_type": "Xã Thượng Quận, Thị xã Kinh Môn, Tỉnh Hải Dương",
        "code": "10729",
        "parent_code": "292"
    },
    "10732": {
        "name": "An Phụ",
        "type": "phuong",
        "slug": "an-phu",
        "name_with_type": "Phường An Phụ",
        "path": "An Phụ, Kinh Môn, Hải Dương",
        "path_with_type": "Phường An Phụ, Thị xã Kinh Môn, Tỉnh Hải Dương",
        "code": "10732",
        "parent_code": "292"
    },
    "10735": {
        "name": "Hiệp An",
        "type": "phuong",
        "slug": "hiep-an",
        "name_with_type": "Phường Hiệp An",
        "path": "Hiệp An, Kinh Môn, Hải Dương",
        "path_with_type": "Phường Hiệp An, Thị xã Kinh Môn, Tỉnh Hải Dương",
        "code": "10735",
        "parent_code": "292"
    },
    "10738": {
        "name": "Long Xuyên",
        "type": "phuong",
        "slug": "long-xuyen",
        "name_with_type": "Phường Long Xuyên",
        "path": "Long Xuyên, Kinh Môn, Hải Dương",
        "path_with_type": "Phường Long Xuyên, Thị xã Kinh Môn, Tỉnh Hải Dương",
        "code": "10738",
        "parent_code": "292"
    },
    "10741": {
        "name": "Thái Thịnh",
        "type": "phuong",
        "slug": "thai-thinh",
        "name_with_type": "Phường Thái Thịnh",
        "path": "Thái Thịnh, Kinh Môn, Hải Dương",
        "path_with_type": "Phường Thái Thịnh, Thị xã Kinh Môn, Tỉnh Hải Dương",
        "code": "10741",
        "parent_code": "292"
    },
    "10744": {
        "name": "Hiến Thành",
        "type": "phuong",
        "slug": "hien-thanh",
        "name_with_type": "Phường Hiến Thành",
        "path": "Hiến Thành, Kinh Môn, Hải Dương",
        "path_with_type": "Phường Hiến Thành, Thị xã Kinh Môn, Tỉnh Hải Dương",
        "code": "10744",
        "parent_code": "292"
    },
    "10747": {
        "name": "Minh Hòa",
        "type": "xa",
        "slug": "minh-hoa",
        "name_with_type": "Xã Minh Hòa",
        "path": "Minh Hòa, Kinh Môn, Hải Dương",
        "path_with_type": "Xã Minh Hòa, Thị xã Kinh Môn, Tỉnh Hải Dương",
        "code": "10747",
        "parent_code": "292"
    }
}