{
    "10888": {
        "name": "Cẩm Giang",
        "type": "thi-tran",
        "slug": "cam-giang",
        "name_with_type": "Thị trấn Cẩm Giang",
        "path": "Cẩm Giang, Cẩm Giàng, Hải Dương",
        "path_with_type": "Thị trấn Cẩm Giang, Huyện Cẩm Giàng, Tỉnh Hải Dương",
        "code": "10888",
        "parent_code": "295"
    },
    "10891": {
        "name": "Lai Cách",
        "type": "thi-tran",
        "slug": "lai-cach",
        "name_with_type": "Thị trấn Lai Cách",
        "path": "Lai Cách, Cẩm Giàng, Hải Dương",
        "path_with_type": "Thị trấn Lai Cách, Huyện Cẩm Giàng, Tỉnh Hải Dương",
        "code": "10891",
        "parent_code": "295"
    },
    "10894": {
        "name": "Cẩm Hưng",
        "type": "xa",
        "slug": "cam-hung",
        "name_with_type": "Xã Cẩm Hưng",
        "path": "Cẩm Hưng, Cẩm Giàng, Hải Dương",
        "path_with_type": "Xã Cẩm Hưng, Huyện Cẩm Giàng, Tỉnh Hải Dương",
        "code": "10894",
        "parent_code": "295"
    },
    "10897": {
        "name": "Cẩm Hoàng",
        "type": "xa",
        "slug": "cam-hoang",
        "name_with_type": "Xã Cẩm Hoàng",
        "path": "Cẩm Hoàng, Cẩm Giàng, Hải Dương",
        "path_with_type": "Xã Cẩm Hoàng, Huyện Cẩm Giàng, Tỉnh Hải Dương",
        "code": "10897",
        "parent_code": "295"
    },
    "10900": {
        "name": "Cẩm Văn",
        "type": "xa",
        "slug": "cam-van",
        "name_with_type": "Xã Cẩm Văn",
        "path": "Cẩm Văn, Cẩm Giàng, Hải Dương",
        "path_with_type": "Xã Cẩm Văn, Huyện Cẩm Giàng, Tỉnh Hải Dương",
        "code": "10900",
        "parent_code": "295"
    },
    "10903": {
        "name": "Ngọc Liên",
        "type": "xa",
        "slug": "ngoc-lien",
        "name_with_type": "Xã Ngọc Liên",
        "path": "Ngọc Liên, Cẩm Giàng, Hải Dương",
        "path_with_type": "Xã Ngọc Liên, Huyện Cẩm Giàng, Tỉnh Hải Dương",
        "code": "10903",
        "parent_code": "295"
    },
    "10906": {
        "name": "Thạch Lỗi",
        "type": "xa",
        "slug": "thach-loi",
        "name_with_type": "Xã Thạch Lỗi",
        "path": "Thạch Lỗi, Cẩm Giàng, Hải Dương",
        "path_with_type": "Xã Thạch Lỗi, Huyện Cẩm Giàng, Tỉnh Hải Dương",
        "code": "10906",
        "parent_code": "295"
    },
    "10909": {
        "name": "Cẩm Vũ",
        "type": "xa",
        "slug": "cam-vu",
        "name_with_type": "Xã Cẩm Vũ",
        "path": "Cẩm Vũ, Cẩm Giàng, Hải Dương",
        "path_with_type": "Xã Cẩm Vũ, Huyện Cẩm Giàng, Tỉnh Hải Dương",
        "code": "10909",
        "parent_code": "295"
    },
    "10912": {
        "name": "Đức Chính",
        "type": "xa",
        "slug": "duc-chinh",
        "name_with_type": "Xã Đức Chính",
        "path": "Đức Chính, Cẩm Giàng, Hải Dương",
        "path_with_type": "Xã Đức Chính, Huyện Cẩm Giàng, Tỉnh Hải Dương",
        "code": "10912",
        "parent_code": "295"
    },
    "10918": {
        "name": "Định Sơn",
        "type": "xa",
        "slug": "dinh-son",
        "name_with_type": "Xã Định Sơn",
        "path": "Định Sơn, Cẩm Giàng, Hải Dương",
        "path_with_type": "Xã Định Sơn, Huyện Cẩm Giàng, Tỉnh Hải Dương",
        "code": "10918",
        "parent_code": "295"
    },
    "10924": {
        "name": "Lương Điền",
        "type": "xa",
        "slug": "luong-dien",
        "name_with_type": "Xã Lương Điền",
        "path": "Lương Điền, Cẩm Giàng, Hải Dương",
        "path_with_type": "Xã Lương Điền, Huyện Cẩm Giàng, Tỉnh Hải Dương",
        "code": "10924",
        "parent_code": "295"
    },
    "10927": {
        "name": "Cao An",
        "type": "xa",
        "slug": "cao-an",
        "name_with_type": "Xã Cao An",
        "path": "Cao An, Cẩm Giàng, Hải Dương",
        "path_with_type": "Xã Cao An, Huyện Cẩm Giàng, Tỉnh Hải Dương",
        "code": "10927",
        "parent_code": "295"
    },
    "10930": {
        "name": "Tân Trường",
        "type": "xa",
        "slug": "tan-truong",
        "name_with_type": "Xã Tân Trường",
        "path": "Tân Trường, Cẩm Giàng, Hải Dương",
        "path_with_type": "Xã Tân Trường, Huyện Cẩm Giàng, Tỉnh Hải Dương",
        "code": "10930",
        "parent_code": "295"
    },
    "10933": {
        "name": "Cẩm Phúc",
        "type": "xa",
        "slug": "cam-phuc",
        "name_with_type": "Xã Cẩm Phúc",
        "path": "Cẩm Phúc, Cẩm Giàng, Hải Dương",
        "path_with_type": "Xã Cẩm Phúc, Huyện Cẩm Giàng, Tỉnh Hải Dương",
        "code": "10933",
        "parent_code": "295"
    },
    "10936": {
        "name": "Cẩm Điền",
        "type": "xa",
        "slug": "cam-dien",
        "name_with_type": "Xã Cẩm Điền",
        "path": "Cẩm Điền, Cẩm Giàng, Hải Dương",
        "path_with_type": "Xã Cẩm Điền, Huyện Cẩm Giàng, Tỉnh Hải Dương",
        "code": "10936",
        "parent_code": "295"
    },
    "10939": {
        "name": "Cẩm Đông",
        "type": "xa",
        "slug": "cam-dong",
        "name_with_type": "Xã Cẩm Đông",
        "path": "Cẩm Đông, Cẩm Giàng, Hải Dương",
        "path_with_type": "Xã Cẩm Đông, Huyện Cẩm Giàng, Tỉnh Hải Dương",
        "code": "10939",
        "parent_code": "295"
    },
    "10942": {
        "name": "Cẩm Đoài",
        "type": "xa",
        "slug": "cam-doai",
        "name_with_type": "Xã Cẩm Đoài",
        "path": "Cẩm Đoài, Cẩm Giàng, Hải Dương",
        "path_with_type": "Xã Cẩm Đoài, Huyện Cẩm Giàng, Tỉnh Hải Dương",
        "code": "10942",
        "parent_code": "295"
    }
}