{
    "11239": {
        "name": "Thanh Miện",
        "type": "thi-tran",
        "slug": "thanh-mien",
        "name_with_type": "Thị trấn Thanh Miện",
        "path": "Thanh Miện, Thanh Miện, Hải Dương",
        "path_with_type": "Thị trấn Thanh Miện, Huyện Thanh Miện, Tỉnh Hải Dương",
        "code": "11239",
        "parent_code": "300"
    },
    "11242": {
        "name": "Thanh Tùng",
        "type": "xa",
        "slug": "thanh-tung",
        "name_with_type": "Xã Thanh Tùng",
        "path": "Thanh Tùng, Thanh Miện, Hải Dương",
        "path_with_type": "Xã Thanh Tùng, Huyện Thanh Miện, Tỉnh Hải Dương",
        "code": "11242",
        "parent_code": "300"
    },
    "11245": {
        "name": "Phạm Kha",
        "type": "xa",
        "slug": "pham-kha",
        "name_with_type": "Xã Phạm Kha",
        "path": "Phạm Kha, Thanh Miện, Hải Dương",
        "path_with_type": "Xã Phạm Kha, Huyện Thanh Miện, Tỉnh Hải Dương",
        "code": "11245",
        "parent_code": "300"
    },
    "11248": {
        "name": "Ngô Quyền",
        "type": "xa",
        "slug": "ngo-quyen",
        "name_with_type": "Xã Ngô Quyền",
        "path": "Ngô Quyền, Thanh Miện, Hải Dương",
        "path_with_type": "Xã Ngô Quyền, Huyện Thanh Miện, Tỉnh Hải Dương",
        "code": "11248",
        "parent_code": "300"
    },
    "11251": {
        "name": "Đoàn Tùng",
        "type": "xa",
        "slug": "doan-tung",
        "name_with_type": "Xã Đoàn Tùng",
        "path": "Đoàn Tùng, Thanh Miện, Hải Dương",
        "path_with_type": "Xã Đoàn Tùng, Huyện Thanh Miện, Tỉnh Hải Dương",
        "code": "11251",
        "parent_code": "300"
    },
    "11254": {
        "name": "Hồng Quang",
        "type": "xa",
        "slug": "hong-quang",
        "name_with_type": "Xã Hồng Quang",
        "path": "Hồng Quang, Thanh Miện, Hải Dương",
        "path_with_type": "Xã Hồng Quang, Huyện Thanh Miện, Tỉnh Hải Dương",
        "code": "11254",
        "parent_code": "300"
    },
    "11257": {
        "name": "Tân Trào",
        "type": "xa",
        "slug": "tan-trao",
        "name_with_type": "Xã Tân Trào",
        "path": "Tân Trào, Thanh Miện, Hải Dương",
        "path_with_type": "Xã Tân Trào, Huyện Thanh Miện, Tỉnh Hải Dương",
        "code": "11257",
        "parent_code": "300"
    },
    "11260": {
        "name": "Lam Sơn",
        "type": "xa",
        "slug": "lam-son",
        "name_with_type": "Xã Lam Sơn",
        "path": "Lam Sơn, Thanh Miện, Hải Dương",
        "path_with_type": "Xã Lam Sơn, Huyện Thanh Miện, Tỉnh Hải Dương",
        "code": "11260",
        "parent_code": "300"
    },
    "11263": {
        "name": "Đoàn Kết",
        "type": "xa",
        "slug": "doan-ket",
        "name_with_type": "Xã Đoàn Kết",
        "path": "Đoàn Kết, Thanh Miện, Hải Dương",
        "path_with_type": "Xã Đoàn Kết, Huyện Thanh Miện, Tỉnh Hải Dương",
        "code": "11263",
        "parent_code": "300"
    },
    "11266": {
        "name": "Lê Hồng",
        "type": "xa",
        "slug": "le-hong",
        "name_with_type": "Xã Lê Hồng",
        "path": "Lê Hồng, Thanh Miện, Hải Dương",
        "path_with_type": "Xã Lê Hồng, Huyện Thanh Miện, Tỉnh Hải Dương",
        "code": "11266",
        "parent_code": "300"
    },
    "11269": {
        "name": "Tứ Cường",
        "type": "xa",
        "slug": "tu-cuong",
        "name_with_type": "Xã Tứ Cường",
        "path": "Tứ Cường, Thanh Miện, Hải Dương",
        "path_with_type": "Xã Tứ Cường, Huyện Thanh Miện, Tỉnh Hải Dương",
        "code": "11269",
        "parent_code": "300"
    },
    "11275": {
        "name": "Ngũ Hùng",
        "type": "xa",
        "slug": "ngu-hung",
        "name_with_type": "Xã Ngũ Hùng",
        "path": "Ngũ Hùng, Thanh Miện, Hải Dương",
        "path_with_type": "Xã Ngũ Hùng, Huyện Thanh Miện, Tỉnh Hải Dương",
        "code": "11275",
        "parent_code": "300"
    },
    "11278": {
        "name": "Cao Thắng",
        "type": "xa",
        "slug": "cao-thang",
        "name_with_type": "Xã Cao Thắng",
        "path": "Cao Thắng, Thanh Miện, Hải Dương",
        "path_with_type": "Xã Cao Thắng, Huyện Thanh Miện, Tỉnh Hải Dương",
        "code": "11278",
        "parent_code": "300"
    },
    "11281": {
        "name": "Chi Lăng Bắc",
        "type": "xa",
        "slug": "chi-lang-bac",
        "name_with_type": "Xã Chi Lăng Bắc",
        "path": "Chi Lăng Bắc, Thanh Miện, Hải Dương",
        "path_with_type": "Xã Chi Lăng Bắc, Huyện Thanh Miện, Tỉnh Hải Dương",
        "code": "11281",
        "parent_code": "300"
    },
    "11284": {
        "name": "Chi Lăng Nam",
        "type": "xa",
        "slug": "chi-lang-nam",
        "name_with_type": "Xã Chi Lăng Nam",
        "path": "Chi Lăng Nam, Thanh Miện, Hải Dương",
        "path_with_type": "Xã Chi Lăng Nam, Huyện Thanh Miện, Tỉnh Hải Dương",
        "code": "11284",
        "parent_code": "300"
    },
    "11287": {
        "name": "Thanh Giang",
        "type": "xa",
        "slug": "thanh-giang",
        "name_with_type": "Xã Thanh Giang",
        "path": "Thanh Giang, Thanh Miện, Hải Dương",
        "path_with_type": "Xã Thanh Giang, Huyện Thanh Miện, Tỉnh Hải Dương",
        "code": "11287",
        "parent_code": "300"
    },
    "11293": {
        "name": "Hồng Phong",
        "type": "xa",
        "slug": "hong-phong",
        "name_with_type": "Xã Hồng Phong",
        "path": "Hồng Phong, Thanh Miện, Hải Dương",
        "path_with_type": "Xã Hồng Phong, Huyện Thanh Miện, Tỉnh Hải Dương",
        "code": "11293",
        "parent_code": "300"
    }
}