{
    "11329": {
        "name": "Máy Chai",
        "type": "phuong",
        "slug": "may-chai",
        "name_with_type": "Phường Máy Chai",
        "path": "Máy Chai, Ngô Quyền, Hải Phòng",
        "path_with_type": "Phường Máy Chai, Quận Ngô Quyền, Thành phố Hải Phòng",
        "code": "11329",
        "parent_code": "304"
    },
    "11332": {
        "name": "Máy Tơ",
        "type": "phuong",
        "slug": "may-to",
        "name_with_type": "Phường Máy Tơ",
        "path": "Máy Tơ, Ngô Quyền, Hải Phòng",
        "path_with_type": "Phường Máy Tơ, Quận Ngô Quyền, Thành phố Hải Phòng",
        "code": "11332",
        "parent_code": "304"
    },
    "11335": {
        "name": "Vạn Mỹ",
        "type": "phuong",
        "slug": "van-my",
        "name_with_type": "Phường Vạn Mỹ",
        "path": "Vạn Mỹ, Ngô Quyền, Hải Phòng",
        "path_with_type": "Phường Vạn Mỹ, Quận Ngô Quyền, Thành phố Hải Phòng",
        "code": "11335",
        "parent_code": "304"
    },
    "11338": {
        "name": "Cầu Tre",
        "type": "phuong",
        "slug": "cau-tre",
        "name_with_type": "Phường Cầu Tre",
        "path": "Cầu Tre, Ngô Quyền, Hải Phòng",
        "path_with_type": "Phường Cầu Tre, Quận Ngô Quyền, Thành phố Hải Phòng",
        "code": "11338",
        "parent_code": "304"
    },
    "11341": {
        "name": "Lạc Viên",
        "type": "phuong",
        "slug": "lac-vien",
        "name_with_type": "Phường Lạc Viên",
        "path": "Lạc Viên, Ngô Quyền, Hải Phòng",
        "path_with_type": "Phường Lạc Viên, Quận Ngô Quyền, Thành phố Hải Phòng",
        "code": "11341",
        "parent_code": "304"
    },
    "11347": {
        "name": "Gia Viên",
        "type": "phuong",
        "slug": "gia-vien",
        "name_with_type": "Phường Gia Viên",
        "path": "Gia Viên, Ngô Quyền, Hải Phòng",
        "path_with_type": "Phường Gia Viên, Quận Ngô Quyền, Thành phố Hải Phòng",
        "code": "11347",
        "parent_code": "304"
    },
    "11350": {
        "name": "Đông Khê",
        "type": "phuong",
        "slug": "dong-khe",
        "name_with_type": "Phường Đông Khê",
        "path": "Đông Khê, Ngô Quyền, Hải Phòng",
        "path_with_type": "Phường Đông Khê, Quận Ngô Quyền, Thành phố Hải Phòng",
        "code": "11350",
        "parent_code": "304"
    },
    "11353": {
        "name": "Cầu Đất",
        "type": "phuong",
        "slug": "cau-dat",
        "name_with_type": "Phường Cầu Đất",
        "path": "Cầu Đất, Ngô Quyền, Hải Phòng",
        "path_with_type": "Phường Cầu Đất, Quận Ngô Quyền, Thành phố Hải Phòng",
        "code": "11353",
        "parent_code": "304"
    },
    "11356": {
        "name": "Lê Lợi",
        "type": "phuong",
        "slug": "le-loi",
        "name_with_type": "Phường Lê Lợi",
        "path": "Lê Lợi, Ngô Quyền, Hải Phòng",
        "path_with_type": "Phường Lê Lợi, Quận Ngô Quyền, Thành phố Hải Phòng",
        "code": "11356",
        "parent_code": "304"
    },
    "11359": {
        "name": "Đằng Giang",
        "type": "phuong",
        "slug": "dang-giang",
        "name_with_type": "Phường Đằng Giang",
        "path": "Đằng Giang, Ngô Quyền, Hải Phòng",
        "path_with_type": "Phường Đằng Giang, Quận Ngô Quyền, Thành phố Hải Phòng",
        "code": "11359",
        "parent_code": "304"
    },
    "11362": {
        "name": "Lạch Tray",
        "type": "phuong",
        "slug": "lach-tray",
        "name_with_type": "Phường Lạch Tray",
        "path": "Lạch Tray, Ngô Quyền, Hải Phòng",
        "path_with_type": "Phường Lạch Tray, Quận Ngô Quyền, Thành phố Hải Phòng",
        "code": "11362",
        "parent_code": "304"
    },
    "11365": {
        "name": "Đổng Quốc Bình",
        "type": "phuong",
        "slug": "dong-quoc-binh",
        "name_with_type": "Phường Đổng Quốc Bình",
        "path": "Đổng Quốc Bình, Ngô Quyền, Hải Phòng",
        "path_with_type": "Phường Đổng Quốc Bình, Quận Ngô Quyền, Thành phố Hải Phòng",
        "code": "11365",
        "parent_code": "304"
    }
}