{
    "11680": {
        "name": "Núi Đối",
        "type": "thi-tran",
        "slug": "nui-doi",
        "name_with_type": "Thị trấn Núi Đối",
        "path": "Núi Đối, Kiến Thuỵ, Hải Phòng",
        "path_with_type": "Thị trấn Núi Đối, Huyện Kiến Thuỵ, Thành phố Hải Phòng",
        "code": "11680",
        "parent_code": "314"
    },
    "11695": {
        "name": "Đông Phương",
        "type": "xa",
        "slug": "dong-phuong",
        "name_with_type": "Xã Đông Phương",
        "path": "Đông Phương, Kiến Thuỵ, Hải Phòng",
        "path_with_type": "Xã Đông Phương, Huyện Kiến Thuỵ, Thành phố Hải Phòng",
        "code": "11695",
        "parent_code": "314"
    },
    "11698": {
        "name": "Thuận Thiên",
        "type": "xa",
        "slug": "thuan-thien",
        "name_with_type": "Xã Thuận Thiên",
        "path": "Thuận Thiên, Kiến Thuỵ, Hải Phòng",
        "path_with_type": "Xã Thuận Thiên, Huyện Kiến Thuỵ, Thành phố Hải Phòng",
        "code": "11698",
        "parent_code": "314"
    },
    "11701": {
        "name": "Hữu Bằng",
        "type": "xa",
        "slug": "huu-bang",
        "name_with_type": "Xã Hữu Bằng",
        "path": "Hữu Bằng, Kiến Thuỵ, Hải Phòng",
        "path_with_type": "Xã Hữu Bằng, Huyện Kiến Thuỵ, Thành phố Hải Phòng",
        "code": "11701",
        "parent_code": "314"
    },
    "11704": {
        "name": "Đại Đồng",
        "type": "xa",
        "slug": "dai-dong",
        "name_with_type": "Xã Đại Đồng",
        "path": "Đại Đồng, Kiến Thuỵ, Hải Phòng",
        "path_with_type": "Xã Đại Đồng, Huyện Kiến Thuỵ, Thành phố Hải Phòng",
        "code": "11704",
        "parent_code": "314"
    },
    "11710": {
        "name": "Ngũ Phúc",
        "type": "xa",
        "slug": "ngu-phuc",
        "name_with_type": "Xã Ngũ Phúc",
        "path": "Ngũ Phúc, Kiến Thuỵ, Hải Phòng",
        "path_with_type": "Xã Ngũ Phúc, Huyện Kiến Thuỵ, Thành phố Hải Phòng",
        "code": "11710",
        "parent_code": "314"
    },
    "11713": {
        "name": "Kiến Quốc",
        "type": "xa",
        "slug": "kien-quoc",
        "name_with_type": "Xã Kiến Quốc",
        "path": "Kiến Quốc, Kiến Thuỵ, Hải Phòng",
        "path_with_type": "Xã Kiến Quốc, Huyện Kiến Thuỵ, Thành phố Hải Phòng",
        "code": "11713",
        "parent_code": "314"
    },
    "11716": {
        "name": "Du Lễ",
        "type": "xa",
        "slug": "du-le",
        "name_with_type": "Xã Du Lễ",
        "path": "Du Lễ, Kiến Thuỵ, Hải Phòng",
        "path_with_type": "Xã Du Lễ, Huyện Kiến Thuỵ, Thành phố Hải Phòng",
        "code": "11716",
        "parent_code": "314"
    },
    "11719": {
        "name": "Thuỵ Hương",
        "type": "xa",
        "slug": "thuy-huong",
        "name_with_type": "Xã Thuỵ Hương",
        "path": "Thuỵ Hương, Kiến Thuỵ, Hải Phòng",
        "path_with_type": "Xã Thuỵ Hương, Huyện Kiến Thuỵ, Thành phố Hải Phòng",
        "code": "11719",
        "parent_code": "314"
    },
    "11722": {
        "name": "Thanh Sơn",
        "type": "xa",
        "slug": "thanh-son",
        "name_with_type": "Xã Thanh Sơn",
        "path": "Thanh Sơn, Kiến Thuỵ, Hải Phòng",
        "path_with_type": "Xã Thanh Sơn, Huyện Kiến Thuỵ, Thành phố Hải Phòng",
        "code": "11722",
        "parent_code": "314"
    },
    "11725": {
        "name": "Minh Tân",
        "type": "xa",
        "slug": "minh-tan",
        "name_with_type": "Xã Minh Tân",
        "path": "Minh Tân, Kiến Thuỵ, Hải Phòng",
        "path_with_type": "Xã Minh Tân, Huyện Kiến Thuỵ, Thành phố Hải Phòng",
        "code": "11725",
        "parent_code": "314"
    },
    "11728": {
        "name": "Đại Hà",
        "type": "xa",
        "slug": "dai-ha",
        "name_with_type": "Xã Đại Hà",
        "path": "Đại Hà, Kiến Thuỵ, Hải Phòng",
        "path_with_type": "Xã Đại Hà, Huyện Kiến Thuỵ, Thành phố Hải Phòng",
        "code": "11728",
        "parent_code": "314"
    },
    "11731": {
        "name": "Ngũ Đoan",
        "type": "xa",
        "slug": "ngu-doan",
        "name_with_type": "Xã Ngũ Đoan",
        "path": "Ngũ Đoan, Kiến Thuỵ, Hải Phòng",
        "path_with_type": "Xã Ngũ Đoan, Huyện Kiến Thuỵ, Thành phố Hải Phòng",
        "code": "11731",
        "parent_code": "314"
    },
    "11734": {
        "name": "Tân Phong",
        "type": "xa",
        "slug": "tan-phong",
        "name_with_type": "Xã Tân Phong",
        "path": "Tân Phong, Kiến Thuỵ, Hải Phòng",
        "path_with_type": "Xã Tân Phong, Huyện Kiến Thuỵ, Thành phố Hải Phòng",
        "code": "11734",
        "parent_code": "314"
    },
    "11743": {
        "name": "Tân Trào",
        "type": "xa",
        "slug": "tan-trao",
        "name_with_type": "Xã Tân Trào",
        "path": "Tân Trào, Kiến Thuỵ, Hải Phòng",
        "path_with_type": "Xã Tân Trào, Huyện Kiến Thuỵ, Thành phố Hải Phòng",
        "code": "11743",
        "parent_code": "314"
    },
    "11746": {
        "name": "Đoàn Xá",
        "type": "xa",
        "slug": "doan-xa",
        "name_with_type": "Xã Đoàn Xá",
        "path": "Đoàn Xá, Kiến Thuỵ, Hải Phòng",
        "path_with_type": "Xã Đoàn Xá, Huyện Kiến Thuỵ, Thành phố Hải Phòng",
        "code": "11746",
        "parent_code": "314"
    },
    "11749": {
        "name": "Tú Sơn",
        "type": "xa",
        "slug": "tu-son",
        "name_with_type": "Xã Tú Sơn",
        "path": "Tú Sơn, Kiến Thuỵ, Hải Phòng",
        "path_with_type": "Xã Tú Sơn, Huyện Kiến Thuỵ, Thành phố Hải Phòng",
        "code": "11749",
        "parent_code": "314"
    },
    "11752": {
        "name": "Đại Hợp",
        "type": "xa",
        "slug": "dai-hop",
        "name_with_type": "Xã Đại Hợp",
        "path": "Đại Hợp, Kiến Thuỵ, Hải Phòng",
        "path_with_type": "Xã Đại Hợp, Huyện Kiến Thuỵ, Thành phố Hải Phòng",
        "code": "11752",
        "parent_code": "314"
    }
}