{
    "11755": {
        "name": "Tiên Lãng",
        "type": "thi-tran",
        "slug": "tien-lang",
        "name_with_type": "Thị trấn Tiên Lãng",
        "path": "Tiên Lãng, Tiên Lãng, Hải Phòng",
        "path_with_type": "Thị trấn Tiên Lãng, Huyện Tiên Lãng, Thành phố Hải Phòng",
        "code": "11755",
        "parent_code": "315"
    },
    "11758": {
        "name": "Đại Thắng",
        "type": "xa",
        "slug": "dai-thang",
        "name_with_type": "Xã Đại Thắng",
        "path": "Đại Thắng, Tiên Lãng, Hải Phòng",
        "path_with_type": "Xã Đại Thắng, Huyện Tiên Lãng, Thành phố Hải Phòng",
        "code": "11758",
        "parent_code": "315"
    },
    "11761": {
        "name": "Tiên Cường",
        "type": "xa",
        "slug": "tien-cuong",
        "name_with_type": "Xã Tiên Cường",
        "path": "Tiên Cường, Tiên Lãng, Hải Phòng",
        "path_with_type": "Xã Tiên Cường, Huyện Tiên Lãng, Thành phố Hải Phòng",
        "code": "11761",
        "parent_code": "315"
    },
    "11764": {
        "name": "Tự Cường",
        "type": "xa",
        "slug": "tu-cuong",
        "name_with_type": "Xã Tự Cường",
        "path": "Tự Cường, Tiên Lãng, Hải Phòng",
        "path_with_type": "Xã Tự Cường, Huyện Tiên Lãng, Thành phố Hải Phòng",
        "code": "11764",
        "parent_code": "315"
    },
    "11770": {
        "name": "Quyết Tiến",
        "type": "xa",
        "slug": "quyet-tien",
        "name_with_type": "Xã Quyết Tiến",
        "path": "Quyết Tiến, Tiên Lãng, Hải Phòng",
        "path_with_type": "Xã Quyết Tiến, Huyện Tiên Lãng, Thành phố Hải Phòng",
        "code": "11770",
        "parent_code": "315"
    },
    "11773": {
        "name": "Khởi Nghĩa",
        "type": "xa",
        "slug": "khoi-nghia",
        "name_with_type": "Xã Khởi Nghĩa",
        "path": "Khởi Nghĩa, Tiên Lãng, Hải Phòng",
        "path_with_type": "Xã Khởi Nghĩa, Huyện Tiên Lãng, Thành phố Hải Phòng",
        "code": "11773",
        "parent_code": "315"
    },
    "11776": {
        "name": "Tiên Thanh",
        "type": "xa",
        "slug": "tien-thanh",
        "name_with_type": "Xã Tiên Thanh",
        "path": "Tiên Thanh, Tiên Lãng, Hải Phòng",
        "path_with_type": "Xã Tiên Thanh, Huyện Tiên Lãng, Thành phố Hải Phòng",
        "code": "11776",
        "parent_code": "315"
    },
    "11779": {
        "name": "Cấp Tiến",
        "type": "xa",
        "slug": "cap-tien",
        "name_with_type": "Xã Cấp Tiến",
        "path": "Cấp Tiến, Tiên Lãng, Hải Phòng",
        "path_with_type": "Xã Cấp Tiến, Huyện Tiên Lãng, Thành phố Hải Phòng",
        "code": "11779",
        "parent_code": "315"
    },
    "11782": {
        "name": "Kiến Thiết",
        "type": "xa",
        "slug": "kien-thiet",
        "name_with_type": "Xã Kiến Thiết",
        "path": "Kiến Thiết, Tiên Lãng, Hải Phòng",
        "path_with_type": "Xã Kiến Thiết, Huyện Tiên Lãng, Thành phố Hải Phòng",
        "code": "11782",
        "parent_code": "315"
    },
    "11785": {
        "name": "Đoàn Lập",
        "type": "xa",
        "slug": "doan-lap",
        "name_with_type": "Xã Đoàn Lập",
        "path": "Đoàn Lập, Tiên Lãng, Hải Phòng",
        "path_with_type": "Xã Đoàn Lập, Huyện Tiên Lãng, Thành phố Hải Phòng",
        "code": "11785",
        "parent_code": "315"
    },
    "11788": {
        "name": "Bạch Đằng",
        "type": "xa",
        "slug": "bach-dang",
        "name_with_type": "Xã Bạch Đằng",
        "path": "Bạch Đằng, Tiên Lãng, Hải Phòng",
        "path_with_type": "Xã Bạch Đằng, Huyện Tiên Lãng, Thành phố Hải Phòng",
        "code": "11788",
        "parent_code": "315"
    },
    "11791": {
        "name": "Quang Phục",
        "type": "xa",
        "slug": "quang-phuc",
        "name_with_type": "Xã Quang Phục",
        "path": "Quang Phục, Tiên Lãng, Hải Phòng",
        "path_with_type": "Xã Quang Phục, Huyện Tiên Lãng, Thành phố Hải Phòng",
        "code": "11791",
        "parent_code": "315"
    },
    "11794": {
        "name": "Toàn Thắng",
        "type": "xa",
        "slug": "toan-thang",
        "name_with_type": "Xã Toàn Thắng",
        "path": "Toàn Thắng, Tiên Lãng, Hải Phòng",
        "path_with_type": "Xã Toàn Thắng, Huyện Tiên Lãng, Thành phố Hải Phòng",
        "code": "11794",
        "parent_code": "315"
    },
    "11797": {
        "name": "Tiên Thắng",
        "type": "xa",
        "slug": "tien-thang",
        "name_with_type": "Xã Tiên Thắng",
        "path": "Tiên Thắng, Tiên Lãng, Hải Phòng",
        "path_with_type": "Xã Tiên Thắng, Huyện Tiên Lãng, Thành phố Hải Phòng",
        "code": "11797",
        "parent_code": "315"
    },
    "11800": {
        "name": "Tiên Minh",
        "type": "xa",
        "slug": "tien-minh",
        "name_with_type": "Xã Tiên Minh",
        "path": "Tiên Minh, Tiên Lãng, Hải Phòng",
        "path_with_type": "Xã Tiên Minh, Huyện Tiên Lãng, Thành phố Hải Phòng",
        "code": "11800",
        "parent_code": "315"
    },
    "11803": {
        "name": "Bắc Hưng",
        "type": "xa",
        "slug": "bac-hung",
        "name_with_type": "Xã Bắc Hưng",
        "path": "Bắc Hưng, Tiên Lãng, Hải Phòng",
        "path_with_type": "Xã Bắc Hưng, Huyện Tiên Lãng, Thành phố Hải Phòng",
        "code": "11803",
        "parent_code": "315"
    },
    "11806": {
        "name": "Nam Hưng",
        "type": "xa",
        "slug": "nam-hung",
        "name_with_type": "Xã Nam Hưng",
        "path": "Nam Hưng, Tiên Lãng, Hải Phòng",
        "path_with_type": "Xã Nam Hưng, Huyện Tiên Lãng, Thành phố Hải Phòng",
        "code": "11806",
        "parent_code": "315"
    },
    "11809": {
        "name": "Hùng Thắng",
        "type": "xa",
        "slug": "hung-thang",
        "name_with_type": "Xã Hùng Thắng",
        "path": "Hùng Thắng, Tiên Lãng, Hải Phòng",
        "path_with_type": "Xã Hùng Thắng, Huyện Tiên Lãng, Thành phố Hải Phòng",
        "code": "11809",
        "parent_code": "315"
    },
    "11812": {
        "name": "Tây Hưng",
        "type": "xa",
        "slug": "tay-hung",
        "name_with_type": "Xã Tây Hưng",
        "path": "Tây Hưng, Tiên Lãng, Hải Phòng",
        "path_with_type": "Xã Tây Hưng, Huyện Tiên Lãng, Thành phố Hải Phòng",
        "code": "11812",
        "parent_code": "315"
    },
    "11815": {
        "name": "Đông Hưng",
        "type": "xa",
        "slug": "dong-hung",
        "name_with_type": "Xã Đông Hưng",
        "path": "Đông Hưng, Tiên Lãng, Hải Phòng",
        "path_with_type": "Xã Đông Hưng, Huyện Tiên Lãng, Thành phố Hải Phòng",
        "code": "11815",
        "parent_code": "315"
    },
    "11821": {
        "name": "Vinh Quang",
        "type": "xa",
        "slug": "vinh-quang",
        "name_with_type": "Xã Vinh Quang",
        "path": "Vinh Quang, Tiên Lãng, Hải Phòng",
        "path_with_type": "Xã Vinh Quang, Huyện Tiên Lãng, Thành phố Hải Phòng",
        "code": "11821",
        "parent_code": "315"
    }
}