{
    "12019": {
        "name": "Văn Giang",
        "type": "thi-tran",
        "slug": "van-giang",
        "name_with_type": "Thị trấn Văn Giang",
        "path": "Văn Giang, Văn Giang, Hưng Yên",
        "path_with_type": "Thị trấn Văn Giang, Huyện Văn Giang, Tỉnh Hưng Yên",
        "code": "12019",
        "parent_code": "326"
    },
    "12022": {
        "name": "Xuân Quan",
        "type": "xa",
        "slug": "xuan-quan",
        "name_with_type": "Xã Xuân Quan",
        "path": "Xuân Quan, Văn Giang, Hưng Yên",
        "path_with_type": "Xã Xuân Quan, Huyện Văn Giang, Tỉnh Hưng Yên",
        "code": "12022",
        "parent_code": "326"
    },
    "12025": {
        "name": "Cửu Cao",
        "type": "xa",
        "slug": "cuu-cao",
        "name_with_type": "Xã Cửu Cao",
        "path": "Cửu Cao, Văn Giang, Hưng Yên",
        "path_with_type": "Xã Cửu Cao, Huyện Văn Giang, Tỉnh Hưng Yên",
        "code": "12025",
        "parent_code": "326"
    },
    "12028": {
        "name": "Phụng Công",
        "type": "xa",
        "slug": "phung-cong",
        "name_with_type": "Xã Phụng Công",
        "path": "Phụng Công, Văn Giang, Hưng Yên",
        "path_with_type": "Xã Phụng Công, Huyện Văn Giang, Tỉnh Hưng Yên",
        "code": "12028",
        "parent_code": "326"
    },
    "12031": {
        "name": "Nghĩa Trụ",
        "type": "xa",
        "slug": "nghia-tru",
        "name_with_type": "Xã Nghĩa Trụ",
        "path": "Nghĩa Trụ, Văn Giang, Hưng Yên",
        "path_with_type": "Xã Nghĩa Trụ, Huyện Văn Giang, Tỉnh Hưng Yên",
        "code": "12031",
        "parent_code": "326"
    },
    "12034": {
        "name": "Long Hưng",
        "type": "xa",
        "slug": "long-hung",
        "name_with_type": "Xã Long Hưng",
        "path": "Long Hưng, Văn Giang, Hưng Yên",
        "path_with_type": "Xã Long Hưng, Huyện Văn Giang, Tỉnh Hưng Yên",
        "code": "12034",
        "parent_code": "326"
    },
    "12037": {
        "name": "Vĩnh Khúc",
        "type": "xa",
        "slug": "vinh-khuc",
        "name_with_type": "Xã Vĩnh Khúc",
        "path": "Vĩnh Khúc, Văn Giang, Hưng Yên",
        "path_with_type": "Xã Vĩnh Khúc, Huyện Văn Giang, Tỉnh Hưng Yên",
        "code": "12037",
        "parent_code": "326"
    },
    "12040": {
        "name": "Liên Nghĩa",
        "type": "xa",
        "slug": "lien-nghia",
        "name_with_type": "Xã Liên Nghĩa",
        "path": "Liên Nghĩa, Văn Giang, Hưng Yên",
        "path_with_type": "Xã Liên Nghĩa, Huyện Văn Giang, Tỉnh Hưng Yên",
        "code": "12040",
        "parent_code": "326"
    },
    "12043": {
        "name": "Tân Tiến",
        "type": "xa",
        "slug": "tan-tien",
        "name_with_type": "Xã Tân Tiến",
        "path": "Tân Tiến, Văn Giang, Hưng Yên",
        "path_with_type": "Xã Tân Tiến, Huyện Văn Giang, Tỉnh Hưng Yên",
        "code": "12043",
        "parent_code": "326"
    },
    "12046": {
        "name": "Thắng Lợi",
        "type": "xa",
        "slug": "thang-loi",
        "name_with_type": "Xã Thắng Lợi",
        "path": "Thắng Lợi, Văn Giang, Hưng Yên",
        "path_with_type": "Xã Thắng Lợi, Huyện Văn Giang, Tỉnh Hưng Yên",
        "code": "12046",
        "parent_code": "326"
    },
    "12049": {
        "name": "Mễ Sở",
        "type": "xa",
        "slug": "me-so",
        "name_with_type": "Xã Mễ Sở",
        "path": "Mễ Sở, Văn Giang, Hưng Yên",
        "path_with_type": "Xã Mễ Sở, Huyện Văn Giang, Tỉnh Hưng Yên",
        "code": "12049",
        "parent_code": "326"
    }
}