{
    "12103": {
        "name": "Bần Yên Nhân",
        "type": "phuong",
        "slug": "ban-yen-nhan",
        "name_with_type": "Phường Bần Yên Nhân",
        "path": "Bần Yên Nhân, Mỹ Hào, Hưng Yên",
        "path_with_type": "Phường Bần Yên Nhân, Thị xã Mỹ Hào, Tỉnh Hưng Yên",
        "code": "12103",
        "parent_code": "328"
    },
    "12106": {
        "name": "Phan Đình Phùng",
        "type": "phuong",
        "slug": "phan-dinh-phung",
        "name_with_type": "Phường Phan Đình Phùng",
        "path": "Phan Đình Phùng, Mỹ Hào, Hưng Yên",
        "path_with_type": "Phường Phan Đình Phùng, Thị xã Mỹ Hào, Tỉnh Hưng Yên",
        "code": "12106",
        "parent_code": "328"
    },
    "12109": {
        "name": "Cẩm Xá",
        "type": "xa",
        "slug": "cam-xa",
        "name_with_type": "Xã Cẩm Xá",
        "path": "Cẩm Xá, Mỹ Hào, Hưng Yên",
        "path_with_type": "Xã Cẩm Xá, Thị xã Mỹ Hào, Tỉnh Hưng Yên",
        "code": "12109",
        "parent_code": "328"
    },
    "12112": {
        "name": "Dương Quang",
        "type": "xa",
        "slug": "duong-quang",
        "name_with_type": "Xã Dương Quang",
        "path": "Dương Quang, Mỹ Hào, Hưng Yên",
        "path_with_type": "Xã Dương Quang, Thị xã Mỹ Hào, Tỉnh Hưng Yên",
        "code": "12112",
        "parent_code": "328"
    },
    "12115": {
        "name": "Hòa Phong",
        "type": "xa",
        "slug": "hoa-phong",
        "name_with_type": "Xã Hòa Phong",
        "path": "Hòa Phong, Mỹ Hào, Hưng Yên",
        "path_with_type": "Xã Hòa Phong, Thị xã Mỹ Hào, Tỉnh Hưng Yên",
        "code": "12115",
        "parent_code": "328"
    },
    "12118": {
        "name": "Nhân Hòa",
        "type": "phuong",
        "slug": "nhan-hoa",
        "name_with_type": "Phường Nhân Hòa",
        "path": "Nhân Hòa, Mỹ Hào, Hưng Yên",
        "path_with_type": "Phường Nhân Hòa, Thị xã Mỹ Hào, Tỉnh Hưng Yên",
        "code": "12118",
        "parent_code": "328"
    },
    "12121": {
        "name": "Dị Sử",
        "type": "phuong",
        "slug": "di-su",
        "name_with_type": "Phường Dị Sử",
        "path": "Dị Sử, Mỹ Hào, Hưng Yên",
        "path_with_type": "Phường Dị Sử, Thị xã Mỹ Hào, Tỉnh Hưng Yên",
        "code": "12121",
        "parent_code": "328"
    },
    "12124": {
        "name": "Bạch Sam",
        "type": "phuong",
        "slug": "bach-sam",
        "name_with_type": "Phường Bạch Sam",
        "path": "Bạch Sam, Mỹ Hào, Hưng Yên",
        "path_with_type": "Phường Bạch Sam, Thị xã Mỹ Hào, Tỉnh Hưng Yên",
        "code": "12124",
        "parent_code": "328"
    },
    "12127": {
        "name": "Minh Đức",
        "type": "phuong",
        "slug": "minh-duc",
        "name_with_type": "Phường Minh Đức",
        "path": "Minh Đức, Mỹ Hào, Hưng Yên",
        "path_with_type": "Phường Minh Đức, Thị xã Mỹ Hào, Tỉnh Hưng Yên",
        "code": "12127",
        "parent_code": "328"
    },
    "12130": {
        "name": "Phùng Chí Kiên",
        "type": "phuong",
        "slug": "phung-chi-kien",
        "name_with_type": "Phường Phùng Chí Kiên",
        "path": "Phùng Chí Kiên, Mỹ Hào, Hưng Yên",
        "path_with_type": "Phường Phùng Chí Kiên, Thị xã Mỹ Hào, Tỉnh Hưng Yên",
        "code": "12130",
        "parent_code": "328"
    },
    "12133": {
        "name": "Xuân Dục",
        "type": "xa",
        "slug": "xuan-duc",
        "name_with_type": "Xã Xuân Dục",
        "path": "Xuân Dục, Mỹ Hào, Hưng Yên",
        "path_with_type": "Xã Xuân Dục, Thị xã Mỹ Hào, Tỉnh Hưng Yên",
        "code": "12133",
        "parent_code": "328"
    },
    "12136": {
        "name": "Ngọc Lâm",
        "type": "xa",
        "slug": "ngoc-lam",
        "name_with_type": "Xã Ngọc Lâm",
        "path": "Ngọc Lâm, Mỹ Hào, Hưng Yên",
        "path_with_type": "Xã Ngọc Lâm, Thị xã Mỹ Hào, Tỉnh Hưng Yên",
        "code": "12136",
        "parent_code": "328"
    },
    "12139": {
        "name": "Hưng Long",
        "type": "xa",
        "slug": "hung-long",
        "name_with_type": "Xã Hưng Long",
        "path": "Hưng Long, Mỹ Hào, Hưng Yên",
        "path_with_type": "Xã Hưng Long, Thị xã Mỹ Hào, Tỉnh Hưng Yên",
        "code": "12139",
        "parent_code": "328"
    }
}