{
    "12391": {
        "name": "Trần Cao",
        "type": "thi-tran",
        "slug": "tran-cao",
        "name_with_type": "Thị trấn Trần Cao",
        "path": "Trần Cao, Phù Cừ, Hưng Yên",
        "path_with_type": "Thị trấn Trần Cao, Huyện Phù Cừ, Tỉnh Hưng Yên",
        "code": "12391",
        "parent_code": "333"
    },
    "12394": {
        "name": "Minh Tân",
        "type": "xa",
        "slug": "minh-tan",
        "name_with_type": "Xã Minh Tân",
        "path": "Minh Tân, Phù Cừ, Hưng Yên",
        "path_with_type": "Xã Minh Tân, Huyện Phù Cừ, Tỉnh Hưng Yên",
        "code": "12394",
        "parent_code": "333"
    },
    "12397": {
        "name": "Phan Sào Nam",
        "type": "xa",
        "slug": "phan-sao-nam",
        "name_with_type": "Xã Phan Sào Nam",
        "path": "Phan Sào Nam, Phù Cừ, Hưng Yên",
        "path_with_type": "Xã Phan Sào Nam, Huyện Phù Cừ, Tỉnh Hưng Yên",
        "code": "12397",
        "parent_code": "333"
    },
    "12400": {
        "name": "Quang Hưng",
        "type": "xa",
        "slug": "quang-hung",
        "name_with_type": "Xã Quang Hưng",
        "path": "Quang Hưng, Phù Cừ, Hưng Yên",
        "path_with_type": "Xã Quang Hưng, Huyện Phù Cừ, Tỉnh Hưng Yên",
        "code": "12400",
        "parent_code": "333"
    },
    "12403": {
        "name": "Minh Hoàng",
        "type": "xa",
        "slug": "minh-hoang",
        "name_with_type": "Xã Minh Hoàng",
        "path": "Minh Hoàng, Phù Cừ, Hưng Yên",
        "path_with_type": "Xã Minh Hoàng, Huyện Phù Cừ, Tỉnh Hưng Yên",
        "code": "12403",
        "parent_code": "333"
    },
    "12406": {
        "name": "Đoàn Đào",
        "type": "xa",
        "slug": "doan-dao",
        "name_with_type": "Xã Đoàn Đào",
        "path": "Đoàn Đào, Phù Cừ, Hưng Yên",
        "path_with_type": "Xã Đoàn Đào, Huyện Phù Cừ, Tỉnh Hưng Yên",
        "code": "12406",
        "parent_code": "333"
    },
    "12409": {
        "name": "Tống Phan",
        "type": "xa",
        "slug": "tong-phan",
        "name_with_type": "Xã Tống Phan",
        "path": "Tống Phan, Phù Cừ, Hưng Yên",
        "path_with_type": "Xã Tống Phan, Huyện Phù Cừ, Tỉnh Hưng Yên",
        "code": "12409",
        "parent_code": "333"
    },
    "12412": {
        "name": "Đình Cao",
        "type": "xa",
        "slug": "dinh-cao",
        "name_with_type": "Xã Đình Cao",
        "path": "Đình Cao, Phù Cừ, Hưng Yên",
        "path_with_type": "Xã Đình Cao, Huyện Phù Cừ, Tỉnh Hưng Yên",
        "code": "12412",
        "parent_code": "333"
    },
    "12415": {
        "name": "Nhật Quang",
        "type": "xa",
        "slug": "nhat-quang",
        "name_with_type": "Xã Nhật Quang",
        "path": "Nhật Quang, Phù Cừ, Hưng Yên",
        "path_with_type": "Xã Nhật Quang, Huyện Phù Cừ, Tỉnh Hưng Yên",
        "code": "12415",
        "parent_code": "333"
    },
    "12418": {
        "name": "Tiền Tiến",
        "type": "xa",
        "slug": "tien-tien",
        "name_with_type": "Xã Tiền Tiến",
        "path": "Tiền Tiến, Phù Cừ, Hưng Yên",
        "path_with_type": "Xã Tiền Tiến, Huyện Phù Cừ, Tỉnh Hưng Yên",
        "code": "12418",
        "parent_code": "333"
    },
    "12421": {
        "name": "Tam Đa",
        "type": "xa",
        "slug": "tam-da",
        "name_with_type": "Xã Tam Đa",
        "path": "Tam Đa, Phù Cừ, Hưng Yên",
        "path_with_type": "Xã Tam Đa, Huyện Phù Cừ, Tỉnh Hưng Yên",
        "code": "12421",
        "parent_code": "333"
    },
    "12424": {
        "name": "Minh Tiến",
        "type": "xa",
        "slug": "minh-tien",
        "name_with_type": "Xã Minh Tiến",
        "path": "Minh Tiến, Phù Cừ, Hưng Yên",
        "path_with_type": "Xã Minh Tiến, Huyện Phù Cừ, Tỉnh Hưng Yên",
        "code": "12424",
        "parent_code": "333"
    },
    "12427": {
        "name": "Nguyên Hòa",
        "type": "xa",
        "slug": "nguyen-hoa",
        "name_with_type": "Xã Nguyên Hòa",
        "path": "Nguyên Hòa, Phù Cừ, Hưng Yên",
        "path_with_type": "Xã Nguyên Hòa, Huyện Phù Cừ, Tỉnh Hưng Yên",
        "code": "12427",
        "parent_code": "333"
    },
    "12430": {
        "name": "Tống Trân",
        "type": "xa",
        "slug": "tong-tran",
        "name_with_type": "Xã Tống Trân",
        "path": "Tống Trân, Phù Cừ, Hưng Yên",
        "path_with_type": "Xã Tống Trân, Huyện Phù Cừ, Tỉnh Hưng Yên",
        "code": "12430",
        "parent_code": "333"
    }
}