{
    "12970": {
        "name": "Tiền Hải",
        "type": "thi-tran",
        "slug": "tien-hai",
        "name_with_type": "Thị trấn Tiền Hải",
        "path": "Tiền Hải, Tiền Hải, Thái Bình",
        "path_with_type": "Thị trấn Tiền Hải, Huyện Tiền Hải, Tỉnh Thái Bình",
        "code": "12970",
        "parent_code": "342"
    },
    "12976": {
        "name": "Đông Trà",
        "type": "xa",
        "slug": "dong-tra",
        "name_with_type": "Xã Đông Trà",
        "path": "Đông Trà, Tiền Hải, Thái Bình",
        "path_with_type": "Xã Đông Trà, Huyện Tiền Hải, Tỉnh Thái Bình",
        "code": "12976",
        "parent_code": "342"
    },
    "12979": {
        "name": "Đông Long",
        "type": "xa",
        "slug": "dong-long",
        "name_with_type": "Xã Đông Long",
        "path": "Đông Long, Tiền Hải, Thái Bình",
        "path_with_type": "Xã Đông Long, Huyện Tiền Hải, Tỉnh Thái Bình",
        "code": "12979",
        "parent_code": "342"
    },
    "12982": {
        "name": "Đông Quí",
        "type": "xa",
        "slug": "dong-qui",
        "name_with_type": "Xã Đông Quí",
        "path": "Đông Quí, Tiền Hải, Thái Bình",
        "path_with_type": "Xã Đông Quí, Huyện Tiền Hải, Tỉnh Thái Bình",
        "code": "12982",
        "parent_code": "342"
    },
    "12985": {
        "name": "Vũ Lăng",
        "type": "xa",
        "slug": "vu-lang",
        "name_with_type": "Xã Vũ Lăng",
        "path": "Vũ Lăng, Tiền Hải, Thái Bình",
        "path_with_type": "Xã Vũ Lăng, Huyện Tiền Hải, Tỉnh Thái Bình",
        "code": "12985",
        "parent_code": "342"
    },
    "12988": {
        "name": "Đông Xuyên",
        "type": "xa",
        "slug": "dong-xuyen",
        "name_with_type": "Xã Đông Xuyên",
        "path": "Đông Xuyên, Tiền Hải, Thái Bình",
        "path_with_type": "Xã Đông Xuyên, Huyện Tiền Hải, Tỉnh Thái Bình",
        "code": "12988",
        "parent_code": "342"
    },
    "12991": {
        "name": "Tây Lương",
        "type": "xa",
        "slug": "tay-luong",
        "name_with_type": "Xã Tây Lương",
        "path": "Tây Lương, Tiền Hải, Thái Bình",
        "path_with_type": "Xã Tây Lương, Huyện Tiền Hải, Tỉnh Thái Bình",
        "code": "12991",
        "parent_code": "342"
    },
    "12994": {
        "name": "Tây Ninh",
        "type": "xa",
        "slug": "tay-ninh",
        "name_with_type": "Xã Tây Ninh",
        "path": "Tây Ninh, Tiền Hải, Thái Bình",
        "path_with_type": "Xã Tây Ninh, Huyện Tiền Hải, Tỉnh Thái Bình",
        "code": "12994",
        "parent_code": "342"
    },
    "12997": {
        "name": "Đông Trung",
        "type": "xa",
        "slug": "dong-trung",
        "name_with_type": "Xã Đông Trung",
        "path": "Đông Trung, Tiền Hải, Thái Bình",
        "path_with_type": "Xã Đông Trung, Huyện Tiền Hải, Tỉnh Thái Bình",
        "code": "12997",
        "parent_code": "342"
    },
    "13000": {
        "name": "Đông Hoàng",
        "type": "xa",
        "slug": "dong-hoang",
        "name_with_type": "Xã Đông Hoàng",
        "path": "Đông Hoàng, Tiền Hải, Thái Bình",
        "path_with_type": "Xã Đông Hoàng, Huyện Tiền Hải, Tỉnh Thái Bình",
        "code": "13000",
        "parent_code": "342"
    },
    "13003": {
        "name": "Đông Minh",
        "type": "xa",
        "slug": "dong-minh",
        "name_with_type": "Xã Đông Minh",
        "path": "Đông Minh, Tiền Hải, Thái Bình",
        "path_with_type": "Xã Đông Minh, Huyện Tiền Hải, Tỉnh Thái Bình",
        "code": "13003",
        "parent_code": "342"
    },
    "13009": {
        "name": "Đông Phong",
        "type": "xa",
        "slug": "dong-phong",
        "name_with_type": "Xã Đông Phong",
        "path": "Đông Phong, Tiền Hải, Thái Bình",
        "path_with_type": "Xã Đông Phong, Huyện Tiền Hải, Tỉnh Thái Bình",
        "code": "13009",
        "parent_code": "342"
    },
    "13012": {
        "name": "An Ninh",
        "type": "xa",
        "slug": "an-ninh",
        "name_with_type": "Xã An Ninh",
        "path": "An Ninh, Tiền Hải, Thái Bình",
        "path_with_type": "Xã An Ninh, Huyện Tiền Hải, Tỉnh Thái Bình",
        "code": "13012",
        "parent_code": "342"
    },
    "13018": {
        "name": "Đông Cơ",
        "type": "xa",
        "slug": "dong-co",
        "name_with_type": "Xã Đông Cơ",
        "path": "Đông Cơ, Tiền Hải, Thái Bình",
        "path_with_type": "Xã Đông Cơ, Huyện Tiền Hải, Tỉnh Thái Bình",
        "code": "13018",
        "parent_code": "342"
    },
    "13021": {
        "name": "Tây Giang",
        "type": "xa",
        "slug": "tay-giang",
        "name_with_type": "Xã Tây Giang",
        "path": "Tây Giang, Tiền Hải, Thái Bình",
        "path_with_type": "Xã Tây Giang, Huyện Tiền Hải, Tỉnh Thái Bình",
        "code": "13021",
        "parent_code": "342"
    },
    "13024": {
        "name": "Đông Lâm",
        "type": "xa",
        "slug": "dong-lam",
        "name_with_type": "Xã Đông Lâm",
        "path": "Đông Lâm, Tiền Hải, Thái Bình",
        "path_with_type": "Xã Đông Lâm, Huyện Tiền Hải, Tỉnh Thái Bình",
        "code": "13024",
        "parent_code": "342"
    },
    "13027": {
        "name": "Phương Công",
        "type": "xa",
        "slug": "phuong-cong",
        "name_with_type": "Xã Phương Công",
        "path": "Phương Công, Tiền Hải, Thái Bình",
        "path_with_type": "Xã Phương Công, Huyện Tiền Hải, Tỉnh Thái Bình",
        "code": "13027",
        "parent_code": "342"
    },
    "13030": {
        "name": "Tây Phong",
        "type": "xa",
        "slug": "tay-phong",
        "name_with_type": "Xã Tây Phong",
        "path": "Tây Phong, Tiền Hải, Thái Bình",
        "path_with_type": "Xã Tây Phong, Huyện Tiền Hải, Tỉnh Thái Bình",
        "code": "13030",
        "parent_code": "342"
    },
    "13033": {
        "name": "Tây Tiến",
        "type": "xa",
        "slug": "tay-tien",
        "name_with_type": "Xã Tây Tiến",
        "path": "Tây Tiến, Tiền Hải, Thái Bình",
        "path_with_type": "Xã Tây Tiến, Huyện Tiền Hải, Tỉnh Thái Bình",
        "code": "13033",
        "parent_code": "342"
    },
    "13036": {
        "name": "Nam Cường",
        "type": "xa",
        "slug": "nam-cuong",
        "name_with_type": "Xã Nam Cường",
        "path": "Nam Cường, Tiền Hải, Thái Bình",
        "path_with_type": "Xã Nam Cường, Huyện Tiền Hải, Tỉnh Thái Bình",
        "code": "13036",
        "parent_code": "342"
    },
    "13039": {
        "name": "Vân Trường",
        "type": "xa",
        "slug": "van-truong",
        "name_with_type": "Xã Vân Trường",
        "path": "Vân Trường, Tiền Hải, Thái Bình",
        "path_with_type": "Xã Vân Trường, Huyện Tiền Hải, Tỉnh Thái Bình",
        "code": "13039",
        "parent_code": "342"
    },
    "13042": {
        "name": "Nam Thắng",
        "type": "xa",
        "slug": "nam-thang",
        "name_with_type": "Xã Nam Thắng",
        "path": "Nam Thắng, Tiền Hải, Thái Bình",
        "path_with_type": "Xã Nam Thắng, Huyện Tiền Hải, Tỉnh Thái Bình",
        "code": "13042",
        "parent_code": "342"
    },
    "13045": {
        "name": "Nam Chính",
        "type": "xa",
        "slug": "nam-chinh",
        "name_with_type": "Xã Nam Chính",
        "path": "Nam Chính, Tiền Hải, Thái Bình",
        "path_with_type": "Xã Nam Chính, Huyện Tiền Hải, Tỉnh Thái Bình",
        "code": "13045",
        "parent_code": "342"
    },
    "13048": {
        "name": "Bắc Hải",
        "type": "xa",
        "slug": "bac-hai",
        "name_with_type": "Xã Bắc Hải",
        "path": "Bắc Hải, Tiền Hải, Thái Bình",
        "path_with_type": "Xã Bắc Hải, Huyện Tiền Hải, Tỉnh Thái Bình",
        "code": "13048",
        "parent_code": "342"
    },
    "13051": {
        "name": "Nam Thịnh",
        "type": "xa",
        "slug": "nam-thinh",
        "name_with_type": "Xã Nam Thịnh",
        "path": "Nam Thịnh, Tiền Hải, Thái Bình",
        "path_with_type": "Xã Nam Thịnh, Huyện Tiền Hải, Tỉnh Thái Bình",
        "code": "13051",
        "parent_code": "342"
    },
    "13054": {
        "name": "Nam Hà",
        "type": "xa",
        "slug": "nam-ha",
        "name_with_type": "Xã Nam Hà",
        "path": "Nam Hà, Tiền Hải, Thái Bình",
        "path_with_type": "Xã Nam Hà, Huyện Tiền Hải, Tỉnh Thái Bình",
        "code": "13054",
        "parent_code": "342"
    },
    "13057": {
        "name": "Nam Thanh",
        "type": "xa",
        "slug": "nam-thanh",
        "name_with_type": "Xã Nam Thanh",
        "path": "Nam Thanh, Tiền Hải, Thái Bình",
        "path_with_type": "Xã Nam Thanh, Huyện Tiền Hải, Tỉnh Thái Bình",
        "code": "13057",
        "parent_code": "342"
    },
    "13060": {
        "name": "Nam Trung",
        "type": "xa",
        "slug": "nam-trung",
        "name_with_type": "Xã Nam Trung",
        "path": "Nam Trung, Tiền Hải, Thái Bình",
        "path_with_type": "Xã Nam Trung, Huyện Tiền Hải, Tỉnh Thái Bình",
        "code": "13060",
        "parent_code": "342"
    },
    "13063": {
        "name": "Nam Hồng",
        "type": "xa",
        "slug": "nam-hong",
        "name_with_type": "Xã Nam Hồng",
        "path": "Nam Hồng, Tiền Hải, Thái Bình",
        "path_with_type": "Xã Nam Hồng, Huyện Tiền Hải, Tỉnh Thái Bình",
        "code": "13063",
        "parent_code": "342"
    },
    "13066": {
        "name": "Nam Hưng",
        "type": "xa",
        "slug": "nam-hung",
        "name_with_type": "Xã Nam Hưng",
        "path": "Nam Hưng, Tiền Hải, Thái Bình",
        "path_with_type": "Xã Nam Hưng, Huyện Tiền Hải, Tỉnh Thái Bình",
        "code": "13066",
        "parent_code": "342"
    },
    "13069": {
        "name": "Nam Hải",
        "type": "xa",
        "slug": "nam-hai",
        "name_with_type": "Xã Nam Hải",
        "path": "Nam Hải, Tiền Hải, Thái Bình",
        "path_with_type": "Xã Nam Hải, Huyện Tiền Hải, Tỉnh Thái Bình",
        "code": "13069",
        "parent_code": "342"
    },
    "13072": {
        "name": "Nam Phú",
        "type": "xa",
        "slug": "nam-phu",
        "name_with_type": "Xã Nam Phú",
        "path": "Nam Phú, Tiền Hải, Thái Bình",
        "path_with_type": "Xã Nam Phú, Huyện Tiền Hải, Tỉnh Thái Bình",
        "code": "13072",
        "parent_code": "342"
    }
}