{
    "14149": {
        "name": "Ngô Đồng",
        "type": "thi-tran",
        "slug": "ngo-dong",
        "name_with_type": "Thị trấn Ngô Đồng",
        "path": "Ngô Đồng, Giao Thủy, Nam Định",
        "path_with_type": "Thị trấn Ngô Đồng, Huyện Giao Thủy, Tỉnh Nam Định",
        "code": "14149",
        "parent_code": "365"
    },
    "14152": {
        "name": "Quất Lâm",
        "type": "thi-tran",
        "slug": "quat-lam",
        "name_with_type": "Thị trấn Quất Lâm",
        "path": "Quất Lâm, Giao Thủy, Nam Định",
        "path_with_type": "Thị trấn Quất Lâm, Huyện Giao Thủy, Tỉnh Nam Định",
        "code": "14152",
        "parent_code": "365"
    },
    "14155": {
        "name": "Giao Hương",
        "type": "xa",
        "slug": "giao-huong",
        "name_with_type": "Xã Giao Hương",
        "path": "Giao Hương, Giao Thủy, Nam Định",
        "path_with_type": "Xã Giao Hương, Huyện Giao Thủy, Tỉnh Nam Định",
        "code": "14155",
        "parent_code": "365"
    },
    "14158": {
        "name": "Hồng Thuận",
        "type": "xa",
        "slug": "hong-thuan",
        "name_with_type": "Xã Hồng Thuận",
        "path": "Hồng Thuận, Giao Thủy, Nam Định",
        "path_with_type": "Xã Hồng Thuận, Huyện Giao Thủy, Tỉnh Nam Định",
        "code": "14158",
        "parent_code": "365"
    },
    "14161": {
        "name": "Giao Thiện",
        "type": "xa",
        "slug": "giao-thien",
        "name_with_type": "Xã Giao Thiện",
        "path": "Giao Thiện, Giao Thủy, Nam Định",
        "path_with_type": "Xã Giao Thiện, Huyện Giao Thủy, Tỉnh Nam Định",
        "code": "14161",
        "parent_code": "365"
    },
    "14164": {
        "name": "Giao Thanh",
        "type": "xa",
        "slug": "giao-thanh",
        "name_with_type": "Xã Giao Thanh",
        "path": "Giao Thanh, Giao Thủy, Nam Định",
        "path_with_type": "Xã Giao Thanh, Huyện Giao Thủy, Tỉnh Nam Định",
        "code": "14164",
        "parent_code": "365"
    },
    "14167": {
        "name": "Hoành Sơn",
        "type": "xa",
        "slug": "hoanh-son",
        "name_with_type": "Xã Hoành Sơn",
        "path": "Hoành Sơn, Giao Thủy, Nam Định",
        "path_with_type": "Xã Hoành Sơn, Huyện Giao Thủy, Tỉnh Nam Định",
        "code": "14167",
        "parent_code": "365"
    },
    "14170": {
        "name": "Bình Hòa",
        "type": "xa",
        "slug": "binh-hoa",
        "name_with_type": "Xã Bình Hòa",
        "path": "Bình Hòa, Giao Thủy, Nam Định",
        "path_with_type": "Xã Bình Hòa, Huyện Giao Thủy, Tỉnh Nam Định",
        "code": "14170",
        "parent_code": "365"
    },
    "14173": {
        "name": "Giao Tiến",
        "type": "xa",
        "slug": "giao-tien",
        "name_with_type": "Xã Giao Tiến",
        "path": "Giao Tiến, Giao Thủy, Nam Định",
        "path_with_type": "Xã Giao Tiến, Huyện Giao Thủy, Tỉnh Nam Định",
        "code": "14173",
        "parent_code": "365"
    },
    "14176": {
        "name": "Giao Hà",
        "type": "xa",
        "slug": "giao-ha",
        "name_with_type": "Xã Giao Hà",
        "path": "Giao Hà, Giao Thủy, Nam Định",
        "path_with_type": "Xã Giao Hà, Huyện Giao Thủy, Tỉnh Nam Định",
        "code": "14176",
        "parent_code": "365"
    },
    "14179": {
        "name": "Giao Nhân",
        "type": "xa",
        "slug": "giao-nhan",
        "name_with_type": "Xã Giao Nhân",
        "path": "Giao Nhân, Giao Thủy, Nam Định",
        "path_with_type": "Xã Giao Nhân, Huyện Giao Thủy, Tỉnh Nam Định",
        "code": "14179",
        "parent_code": "365"
    },
    "14182": {
        "name": "Giao An",
        "type": "xa",
        "slug": "giao-an",
        "name_with_type": "Xã Giao An",
        "path": "Giao An, Giao Thủy, Nam Định",
        "path_with_type": "Xã Giao An, Huyện Giao Thủy, Tỉnh Nam Định",
        "code": "14182",
        "parent_code": "365"
    },
    "14185": {
        "name": "Giao Lạc",
        "type": "xa",
        "slug": "giao-lac",
        "name_with_type": "Xã Giao Lạc",
        "path": "Giao Lạc, Giao Thủy, Nam Định",
        "path_with_type": "Xã Giao Lạc, Huyện Giao Thủy, Tỉnh Nam Định",
        "code": "14185",
        "parent_code": "365"
    },
    "14188": {
        "name": "Giao Châu",
        "type": "xa",
        "slug": "giao-chau",
        "name_with_type": "Xã Giao Châu",
        "path": "Giao Châu, Giao Thủy, Nam Định",
        "path_with_type": "Xã Giao Châu, Huyện Giao Thủy, Tỉnh Nam Định",
        "code": "14188",
        "parent_code": "365"
    },
    "14191": {
        "name": "Giao Tân",
        "type": "xa",
        "slug": "giao-tan",
        "name_with_type": "Xã Giao Tân",
        "path": "Giao Tân, Giao Thủy, Nam Định",
        "path_with_type": "Xã Giao Tân, Huyện Giao Thủy, Tỉnh Nam Định",
        "code": "14191",
        "parent_code": "365"
    },
    "14194": {
        "name": "Giao Yến",
        "type": "xa",
        "slug": "giao-yen",
        "name_with_type": "Xã Giao Yến",
        "path": "Giao Yến, Giao Thủy, Nam Định",
        "path_with_type": "Xã Giao Yến, Huyện Giao Thủy, Tỉnh Nam Định",
        "code": "14194",
        "parent_code": "365"
    },
    "14197": {
        "name": "Giao Xuân",
        "type": "xa",
        "slug": "giao-xuan",
        "name_with_type": "Xã Giao Xuân",
        "path": "Giao Xuân, Giao Thủy, Nam Định",
        "path_with_type": "Xã Giao Xuân, Huyện Giao Thủy, Tỉnh Nam Định",
        "code": "14197",
        "parent_code": "365"
    },
    "14200": {
        "name": "Giao Thịnh",
        "type": "xa",
        "slug": "giao-thinh",
        "name_with_type": "Xã Giao Thịnh",
        "path": "Giao Thịnh, Giao Thủy, Nam Định",
        "path_with_type": "Xã Giao Thịnh, Huyện Giao Thủy, Tỉnh Nam Định",
        "code": "14200",
        "parent_code": "365"
    },
    "14203": {
        "name": "Giao Hải",
        "type": "xa",
        "slug": "giao-hai",
        "name_with_type": "Xã Giao Hải",
        "path": "Giao Hải, Giao Thủy, Nam Định",
        "path_with_type": "Xã Giao Hải, Huyện Giao Thủy, Tỉnh Nam Định",
        "code": "14203",
        "parent_code": "365"
    },
    "14206": {
        "name": "Bạch Long",
        "type": "xa",
        "slug": "bach-long",
        "name_with_type": "Xã Bạch Long",
        "path": "Bạch Long, Giao Thủy, Nam Định",
        "path_with_type": "Xã Bạch Long, Huyện Giao Thủy, Tỉnh Nam Định",
        "code": "14206",
        "parent_code": "365"
    },
    "14209": {
        "name": "Giao Long",
        "type": "xa",
        "slug": "giao-long",
        "name_with_type": "Xã Giao Long",
        "path": "Giao Long, Giao Thủy, Nam Định",
        "path_with_type": "Xã Giao Long, Huyện Giao Thủy, Tỉnh Nam Định",
        "code": "14209",
        "parent_code": "365"
    },
    "14212": {
        "name": "Giao Phong",
        "type": "xa",
        "slug": "giao-phong",
        "name_with_type": "Xã Giao Phong",
        "path": "Giao Phong, Giao Thủy, Nam Định",
        "path_with_type": "Xã Giao Phong, Huyện Giao Thủy, Tỉnh Nam Định",
        "code": "14212",
        "parent_code": "365"
    }
}