{
    "14215": {
        "name": "Yên Định",
        "type": "thi-tran",
        "slug": "yen-dinh",
        "name_with_type": "Thị trấn Yên Định",
        "path": "Yên Định, Hải Hậu, Nam Định",
        "path_with_type": "Thị trấn Yên Định, Huyện Hải Hậu, Tỉnh Nam Định",
        "code": "14215",
        "parent_code": "366"
    },
    "14218": {
        "name": "Cồn",
        "type": "thi-tran",
        "slug": "con",
        "name_with_type": "Thị trấn Cồn",
        "path": "Cồn, Hải Hậu, Nam Định",
        "path_with_type": "Thị trấn Cồn, Huyện Hải Hậu, Tỉnh Nam Định",
        "code": "14218",
        "parent_code": "366"
    },
    "14221": {
        "name": "Thịnh Long",
        "type": "thi-tran",
        "slug": "thinh-long",
        "name_with_type": "Thị trấn Thịnh Long",
        "path": "Thịnh Long, Hải Hậu, Nam Định",
        "path_with_type": "Thị trấn Thịnh Long, Huyện Hải Hậu, Tỉnh Nam Định",
        "code": "14221",
        "parent_code": "366"
    },
    "14224": {
        "name": "Hải Nam",
        "type": "xa",
        "slug": "hai-nam",
        "name_with_type": "Xã Hải Nam",
        "path": "Hải Nam, Hải Hậu, Nam Định",
        "path_with_type": "Xã Hải Nam, Huyện Hải Hậu, Tỉnh Nam Định",
        "code": "14224",
        "parent_code": "366"
    },
    "14227": {
        "name": "Hải Trung",
        "type": "xa",
        "slug": "hai-trung",
        "name_with_type": "Xã Hải Trung",
        "path": "Hải Trung, Hải Hậu, Nam Định",
        "path_with_type": "Xã Hải Trung, Huyện Hải Hậu, Tỉnh Nam Định",
        "code": "14227",
        "parent_code": "366"
    },
    "14230": {
        "name": "Hải Vân",
        "type": "xa",
        "slug": "hai-van",
        "name_with_type": "Xã Hải Vân",
        "path": "Hải Vân, Hải Hậu, Nam Định",
        "path_with_type": "Xã Hải Vân, Huyện Hải Hậu, Tỉnh Nam Định",
        "code": "14230",
        "parent_code": "366"
    },
    "14233": {
        "name": "Hải Minh",
        "type": "xa",
        "slug": "hai-minh",
        "name_with_type": "Xã Hải Minh",
        "path": "Hải Minh, Hải Hậu, Nam Định",
        "path_with_type": "Xã Hải Minh, Huyện Hải Hậu, Tỉnh Nam Định",
        "code": "14233",
        "parent_code": "366"
    },
    "14236": {
        "name": "Hải Anh",
        "type": "xa",
        "slug": "hai-anh",
        "name_with_type": "Xã Hải Anh",
        "path": "Hải Anh, Hải Hậu, Nam Định",
        "path_with_type": "Xã Hải Anh, Huyện Hải Hậu, Tỉnh Nam Định",
        "code": "14236",
        "parent_code": "366"
    },
    "14239": {
        "name": "Hải Hưng",
        "type": "xa",
        "slug": "hai-hung",
        "name_with_type": "Xã Hải Hưng",
        "path": "Hải Hưng, Hải Hậu, Nam Định",
        "path_with_type": "Xã Hải Hưng, Huyện Hải Hậu, Tỉnh Nam Định",
        "code": "14239",
        "parent_code": "366"
    },
    "14242": {
        "name": "Hải Bắc",
        "type": "xa",
        "slug": "hai-bac",
        "name_with_type": "Xã Hải Bắc",
        "path": "Hải Bắc, Hải Hậu, Nam Định",
        "path_with_type": "Xã Hải Bắc, Huyện Hải Hậu, Tỉnh Nam Định",
        "code": "14242",
        "parent_code": "366"
    },
    "14245": {
        "name": "Hải Phúc",
        "type": "xa",
        "slug": "hai-phuc",
        "name_with_type": "Xã Hải Phúc",
        "path": "Hải Phúc, Hải Hậu, Nam Định",
        "path_with_type": "Xã Hải Phúc, Huyện Hải Hậu, Tỉnh Nam Định",
        "code": "14245",
        "parent_code": "366"
    },
    "14248": {
        "name": "Hải Thanh",
        "type": "xa",
        "slug": "hai-thanh",
        "name_with_type": "Xã Hải Thanh",
        "path": "Hải Thanh, Hải Hậu, Nam Định",
        "path_with_type": "Xã Hải Thanh, Huyện Hải Hậu, Tỉnh Nam Định",
        "code": "14248",
        "parent_code": "366"
    },
    "14251": {
        "name": "Hải Hà",
        "type": "xa",
        "slug": "hai-ha",
        "name_with_type": "Xã Hải Hà",
        "path": "Hải Hà, Hải Hậu, Nam Định",
        "path_with_type": "Xã Hải Hà, Huyện Hải Hậu, Tỉnh Nam Định",
        "code": "14251",
        "parent_code": "366"
    },
    "14254": {
        "name": "Hải Long",
        "type": "xa",
        "slug": "hai-long",
        "name_with_type": "Xã Hải Long",
        "path": "Hải Long, Hải Hậu, Nam Định",
        "path_with_type": "Xã Hải Long, Huyện Hải Hậu, Tỉnh Nam Định",
        "code": "14254",
        "parent_code": "366"
    },
    "14257": {
        "name": "Hải Phương",
        "type": "xa",
        "slug": "hai-phuong",
        "name_with_type": "Xã Hải Phương",
        "path": "Hải Phương, Hải Hậu, Nam Định",
        "path_with_type": "Xã Hải Phương, Huyện Hải Hậu, Tỉnh Nam Định",
        "code": "14257",
        "parent_code": "366"
    },
    "14260": {
        "name": "Hải Đường",
        "type": "xa",
        "slug": "hai-duong",
        "name_with_type": "Xã Hải Đường",
        "path": "Hải Đường, Hải Hậu, Nam Định",
        "path_with_type": "Xã Hải Đường, Huyện Hải Hậu, Tỉnh Nam Định",
        "code": "14260",
        "parent_code": "366"
    },
    "14263": {
        "name": "Hải Lộc",
        "type": "xa",
        "slug": "hai-loc",
        "name_with_type": "Xã Hải Lộc",
        "path": "Hải Lộc, Hải Hậu, Nam Định",
        "path_with_type": "Xã Hải Lộc, Huyện Hải Hậu, Tỉnh Nam Định",
        "code": "14263",
        "parent_code": "366"
    },
    "14266": {
        "name": "Hải Quang",
        "type": "xa",
        "slug": "hai-quang",
        "name_with_type": "Xã Hải Quang",
        "path": "Hải Quang, Hải Hậu, Nam Định",
        "path_with_type": "Xã Hải Quang, Huyện Hải Hậu, Tỉnh Nam Định",
        "code": "14266",
        "parent_code": "366"
    },
    "14269": {
        "name": "Hải Đông",
        "type": "xa",
        "slug": "hai-dong",
        "name_with_type": "Xã Hải Đông",
        "path": "Hải Đông, Hải Hậu, Nam Định",
        "path_with_type": "Xã Hải Đông, Huyện Hải Hậu, Tỉnh Nam Định",
        "code": "14269",
        "parent_code": "366"
    },
    "14272": {
        "name": "Hải Sơn",
        "type": "xa",
        "slug": "hai-son",
        "name_with_type": "Xã Hải Sơn",
        "path": "Hải Sơn, Hải Hậu, Nam Định",
        "path_with_type": "Xã Hải Sơn, Huyện Hải Hậu, Tỉnh Nam Định",
        "code": "14272",
        "parent_code": "366"
    },
    "14275": {
        "name": "Hải Tân",
        "type": "xa",
        "slug": "hai-tan",
        "name_with_type": "Xã Hải Tân",
        "path": "Hải Tân, Hải Hậu, Nam Định",
        "path_with_type": "Xã Hải Tân, Huyện Hải Hậu, Tỉnh Nam Định",
        "code": "14275",
        "parent_code": "366"
    },
    "14281": {
        "name": "Hải Phong",
        "type": "xa",
        "slug": "hai-phong",
        "name_with_type": "Xã Hải Phong",
        "path": "Hải Phong, Hải Hậu, Nam Định",
        "path_with_type": "Xã Hải Phong, Huyện Hải Hậu, Tỉnh Nam Định",
        "code": "14281",
        "parent_code": "366"
    },
    "14284": {
        "name": "Hải An",
        "type": "xa",
        "slug": "hai-an",
        "name_with_type": "Xã Hải An",
        "path": "Hải An, Hải Hậu, Nam Định",
        "path_with_type": "Xã Hải An, Huyện Hải Hậu, Tỉnh Nam Định",
        "code": "14284",
        "parent_code": "366"
    },
    "14287": {
        "name": "Hải Tây",
        "type": "xa",
        "slug": "hai-tay",
        "name_with_type": "Xã Hải Tây",
        "path": "Hải Tây, Hải Hậu, Nam Định",
        "path_with_type": "Xã Hải Tây, Huyện Hải Hậu, Tỉnh Nam Định",
        "code": "14287",
        "parent_code": "366"
    },
    "14290": {
        "name": "Hải Lý",
        "type": "xa",
        "slug": "hai-ly",
        "name_with_type": "Xã Hải Lý",
        "path": "Hải Lý, Hải Hậu, Nam Định",
        "path_with_type": "Xã Hải Lý, Huyện Hải Hậu, Tỉnh Nam Định",
        "code": "14290",
        "parent_code": "366"
    },
    "14293": {
        "name": "Hải Phú",
        "type": "xa",
        "slug": "hai-phu",
        "name_with_type": "Xã Hải Phú",
        "path": "Hải Phú, Hải Hậu, Nam Định",
        "path_with_type": "Xã Hải Phú, Huyện Hải Hậu, Tỉnh Nam Định",
        "code": "14293",
        "parent_code": "366"
    },
    "14296": {
        "name": "Hải Giang",
        "type": "xa",
        "slug": "hai-giang",
        "name_with_type": "Xã Hải Giang",
        "path": "Hải Giang, Hải Hậu, Nam Định",
        "path_with_type": "Xã Hải Giang, Huyện Hải Hậu, Tỉnh Nam Định",
        "code": "14296",
        "parent_code": "366"
    },
    "14299": {
        "name": "Hải Cường",
        "type": "xa",
        "slug": "hai-cuong",
        "name_with_type": "Xã Hải Cường",
        "path": "Hải Cường, Hải Hậu, Nam Định",
        "path_with_type": "Xã Hải Cường, Huyện Hải Hậu, Tỉnh Nam Định",
        "code": "14299",
        "parent_code": "366"
    },
    "14302": {
        "name": "Hải Ninh",
        "type": "xa",
        "slug": "hai-ninh",
        "name_with_type": "Xã Hải Ninh",
        "path": "Hải Ninh, Hải Hậu, Nam Định",
        "path_with_type": "Xã Hải Ninh, Huyện Hải Hậu, Tỉnh Nam Định",
        "code": "14302",
        "parent_code": "366"
    },
    "14305": {
        "name": "Hải Chính",
        "type": "xa",
        "slug": "hai-chinh",
        "name_with_type": "Xã Hải Chính",
        "path": "Hải Chính, Hải Hậu, Nam Định",
        "path_with_type": "Xã Hải Chính, Huyện Hải Hậu, Tỉnh Nam Định",
        "code": "14305",
        "parent_code": "366"
    },
    "14308": {
        "name": "Hải Xuân",
        "type": "xa",
        "slug": "hai-xuan",
        "name_with_type": "Xã Hải Xuân",
        "path": "Hải Xuân, Hải Hậu, Nam Định",
        "path_with_type": "Xã Hải Xuân, Huyện Hải Hậu, Tỉnh Nam Định",
        "code": "14308",
        "parent_code": "366"
    },
    "14311": {
        "name": "Hải Châu",
        "type": "xa",
        "slug": "hai-chau",
        "name_with_type": "Xã Hải Châu",
        "path": "Hải Châu, Hải Hậu, Nam Định",
        "path_with_type": "Xã Hải Châu, Huyện Hải Hậu, Tỉnh Nam Định",
        "code": "14311",
        "parent_code": "366"
    },
    "14314": {
        "name": "Hải Triều",
        "type": "xa",
        "slug": "hai-trieu",
        "name_with_type": "Xã Hải Triều",
        "path": "Hải Triều, Hải Hậu, Nam Định",
        "path_with_type": "Xã Hải Triều, Huyện Hải Hậu, Tỉnh Nam Định",
        "code": "14314",
        "parent_code": "366"
    },
    "14317": {
        "name": "Hải Hòa",
        "type": "xa",
        "slug": "hai-hoa",
        "name_with_type": "Xã Hải Hòa",
        "path": "Hải Hòa, Hải Hậu, Nam Định",
        "path_with_type": "Xã Hải Hòa, Huyện Hải Hậu, Tỉnh Nam Định",
        "code": "14317",
        "parent_code": "366"
    }
}