{
    "14320": {
        "name": "Đông Thành",
        "type": "phuong",
        "slug": "dong-thanh",
        "name_with_type": "Phường Đông Thành",
        "path": "Đông Thành, Ninh Bình, Ninh Bình",
        "path_with_type": "Phường Đông Thành, Thành phố Ninh Bình, Tỉnh Ninh Bình",
        "code": "14320",
        "parent_code": "369"
    },
    "14323": {
        "name": "Tân Thành",
        "type": "phuong",
        "slug": "tan-thanh",
        "name_with_type": "Phường Tân Thành",
        "path": "Tân Thành, Ninh Bình, Ninh Bình",
        "path_with_type": "Phường Tân Thành, Thành phố Ninh Bình, Tỉnh Ninh Bình",
        "code": "14323",
        "parent_code": "369"
    },
    "14326": {
        "name": "Thanh Bình",
        "type": "phuong",
        "slug": "thanh-binh",
        "name_with_type": "Phường Thanh Bình",
        "path": "Thanh Bình, Ninh Bình, Ninh Bình",
        "path_with_type": "Phường Thanh Bình, Thành phố Ninh Bình, Tỉnh Ninh Bình",
        "code": "14326",
        "parent_code": "369"
    },
    "14329": {
        "name": "Vân Giang",
        "type": "phuong",
        "slug": "van-giang",
        "name_with_type": "Phường Vân Giang",
        "path": "Vân Giang, Ninh Bình, Ninh Bình",
        "path_with_type": "Phường Vân Giang, Thành phố Ninh Bình, Tỉnh Ninh Bình",
        "code": "14329",
        "parent_code": "369"
    },
    "14332": {
        "name": "Bích Đào",
        "type": "phuong",
        "slug": "bich-dao",
        "name_with_type": "Phường Bích Đào",
        "path": "Bích Đào, Ninh Bình, Ninh Bình",
        "path_with_type": "Phường Bích Đào, Thành phố Ninh Bình, Tỉnh Ninh Bình",
        "code": "14332",
        "parent_code": "369"
    },
    "14335": {
        "name": "Phúc Thành",
        "type": "phuong",
        "slug": "phuc-thanh",
        "name_with_type": "Phường Phúc Thành",
        "path": "Phúc Thành, Ninh Bình, Ninh Bình",
        "path_with_type": "Phường Phúc Thành, Thành phố Ninh Bình, Tỉnh Ninh Bình",
        "code": "14335",
        "parent_code": "369"
    },
    "14338": {
        "name": "Nam Bình",
        "type": "phuong",
        "slug": "nam-binh",
        "name_with_type": "Phường Nam Bình",
        "path": "Nam Bình, Ninh Bình, Ninh Bình",
        "path_with_type": "Phường Nam Bình, Thành phố Ninh Bình, Tỉnh Ninh Bình",
        "code": "14338",
        "parent_code": "369"
    },
    "14341": {
        "name": "Nam Thành",
        "type": "phuong",
        "slug": "nam-thanh",
        "name_with_type": "Phường Nam Thành",
        "path": "Nam Thành, Ninh Bình, Ninh Bình",
        "path_with_type": "Phường Nam Thành, Thành phố Ninh Bình, Tỉnh Ninh Bình",
        "code": "14341",
        "parent_code": "369"
    },
    "14344": {
        "name": "Ninh Khánh",
        "type": "phuong",
        "slug": "ninh-khanh",
        "name_with_type": "Phường Ninh Khánh",
        "path": "Ninh Khánh, Ninh Bình, Ninh Bình",
        "path_with_type": "Phường Ninh Khánh, Thành phố Ninh Bình, Tỉnh Ninh Bình",
        "code": "14344",
        "parent_code": "369"
    },
    "14347": {
        "name": "Ninh Nhất",
        "type": "xa",
        "slug": "ninh-nhat",
        "name_with_type": "Xã Ninh Nhất",
        "path": "Ninh Nhất, Ninh Bình, Ninh Bình",
        "path_with_type": "Xã Ninh Nhất, Thành phố Ninh Bình, Tỉnh Ninh Bình",
        "code": "14347",
        "parent_code": "369"
    },
    "14350": {
        "name": "Ninh Tiến",
        "type": "xa",
        "slug": "ninh-tien",
        "name_with_type": "Xã Ninh Tiến",
        "path": "Ninh Tiến, Ninh Bình, Ninh Bình",
        "path_with_type": "Xã Ninh Tiến, Thành phố Ninh Bình, Tỉnh Ninh Bình",
        "code": "14350",
        "parent_code": "369"
    },
    "14353": {
        "name": "Ninh Phúc",
        "type": "xa",
        "slug": "ninh-phuc",
        "name_with_type": "Xã Ninh Phúc",
        "path": "Ninh Phúc, Ninh Bình, Ninh Bình",
        "path_with_type": "Xã Ninh Phúc, Thành phố Ninh Bình, Tỉnh Ninh Bình",
        "code": "14353",
        "parent_code": "369"
    },
    "14356": {
        "name": "Ninh Sơn",
        "type": "phuong",
        "slug": "ninh-son",
        "name_with_type": "Phường Ninh Sơn",
        "path": "Ninh Sơn, Ninh Bình, Ninh Bình",
        "path_with_type": "Phường Ninh Sơn, Thành phố Ninh Bình, Tỉnh Ninh Bình",
        "code": "14356",
        "parent_code": "369"
    },
    "14359": {
        "name": "Ninh Phong",
        "type": "phuong",
        "slug": "ninh-phong",
        "name_with_type": "Phường Ninh Phong",
        "path": "Ninh Phong, Ninh Bình, Ninh Bình",
        "path_with_type": "Phường Ninh Phong, Thành phố Ninh Bình, Tỉnh Ninh Bình",
        "code": "14359",
        "parent_code": "369"
    }
}