{
    "14830": {
        "name": "Trung Sơn",
        "type": "phuong",
        "slug": "trung-son",
        "name_with_type": "Phường Trung Sơn",
        "path": "Trung Sơn, Sầm Sơn, Thanh Hóa",
        "path_with_type": "Phường Trung Sơn, Thành phố Sầm Sơn, Tỉnh Thanh Hóa",
        "code": "14830",
        "parent_code": "382"
    },
    "14833": {
        "name": "Bắc Sơn",
        "type": "phuong",
        "slug": "bac-son",
        "name_with_type": "Phường Bắc Sơn",
        "path": "Bắc Sơn, Sầm Sơn, Thanh Hóa",
        "path_with_type": "Phường Bắc Sơn, Thành phố Sầm Sơn, Tỉnh Thanh Hóa",
        "code": "14833",
        "parent_code": "382"
    },
    "14836": {
        "name": "Trường Sơn",
        "type": "phuong",
        "slug": "truong-son",
        "name_with_type": "Phường Trường Sơn",
        "path": "Trường Sơn, Sầm Sơn, Thanh Hóa",
        "path_with_type": "Phường Trường Sơn, Thành phố Sầm Sơn, Tỉnh Thanh Hóa",
        "code": "14836",
        "parent_code": "382"
    },
    "14839": {
        "name": "Quảng Cư",
        "type": "phuong",
        "slug": "quang-cu",
        "name_with_type": "Phường Quảng Cư",
        "path": "Quảng Cư, Sầm Sơn, Thanh Hóa",
        "path_with_type": "Phường Quảng Cư, Thành phố Sầm Sơn, Tỉnh Thanh Hóa",
        "code": "14839",
        "parent_code": "382"
    },
    "14842": {
        "name": "Quảng Tiến",
        "type": "phuong",
        "slug": "quang-tien",
        "name_with_type": "Phường Quảng Tiến",
        "path": "Quảng Tiến, Sầm Sơn, Thanh Hóa",
        "path_with_type": "Phường Quảng Tiến, Thành phố Sầm Sơn, Tỉnh Thanh Hóa",
        "code": "14842",
        "parent_code": "382"
    },
    "16513": {
        "name": "Quảng Minh",
        "type": "xa",
        "slug": "quang-minh",
        "name_with_type": "Xã Quảng Minh",
        "path": "Quảng Minh, Sầm Sơn, Thanh Hóa",
        "path_with_type": "Xã Quảng Minh, Thành phố Sầm Sơn, Tỉnh Thanh Hóa",
        "code": "16513",
        "parent_code": "382"
    },
    "16516": {
        "name": "Quảng Hùng",
        "type": "xa",
        "slug": "quang-hung",
        "name_with_type": "Xã Quảng Hùng",
        "path": "Quảng Hùng, Sầm Sơn, Thanh Hóa",
        "path_with_type": "Xã Quảng Hùng, Thành phố Sầm Sơn, Tỉnh Thanh Hóa",
        "code": "16516",
        "parent_code": "382"
    },
    "16528": {
        "name": "Quảng Thọ",
        "type": "phuong",
        "slug": "quang-tho",
        "name_with_type": "Phường Quảng Thọ",
        "path": "Quảng Thọ, Sầm Sơn, Thanh Hóa",
        "path_with_type": "Phường Quảng Thọ, Thành phố Sầm Sơn, Tỉnh Thanh Hóa",
        "code": "16528",
        "parent_code": "382"
    },
    "16531": {
        "name": "Quảng Châu",
        "type": "phuong",
        "slug": "quang-chau",
        "name_with_type": "Phường Quảng Châu",
        "path": "Quảng Châu, Sầm Sơn, Thanh Hóa",
        "path_with_type": "Phường Quảng Châu, Thành phố Sầm Sơn, Tỉnh Thanh Hóa",
        "code": "16531",
        "parent_code": "382"
    },
    "16534": {
        "name": "Quảng Vinh",
        "type": "phuong",
        "slug": "quang-vinh",
        "name_with_type": "Phường Quảng Vinh",
        "path": "Quảng Vinh, Sầm Sơn, Thanh Hóa",
        "path_with_type": "Phường Quảng Vinh, Thành phố Sầm Sơn, Tỉnh Thanh Hóa",
        "code": "16534",
        "parent_code": "382"
    },
    "16537": {
        "name": "Quảng Đại",
        "type": "xa",
        "slug": "quang-dai",
        "name_with_type": "Xã Quảng Đại",
        "path": "Quảng Đại, Sầm Sơn, Thanh Hóa",
        "path_with_type": "Xã Quảng Đại, Thành phố Sầm Sơn, Tỉnh Thanh Hóa",
        "code": "16537",
        "parent_code": "382"
    }
}