{
    "14869": {
        "name": "Hồi Xuân",
        "type": "thi-tran",
        "slug": "hoi-xuan",
        "name_with_type": "Thị trấn Hồi Xuân",
        "path": "Hồi Xuân, Quan Hóa, Thanh Hóa",
        "path_with_type": "Thị trấn Hồi Xuân, Huyện Quan Hóa, Tỉnh Thanh Hóa",
        "code": "14869",
        "parent_code": "385"
    },
    "14872": {
        "name": "Thành Sơn",
        "type": "xa",
        "slug": "thanh-son",
        "name_with_type": "Xã Thành Sơn",
        "path": "Thành Sơn, Quan Hóa, Thanh Hóa",
        "path_with_type": "Xã Thành Sơn, Huyện Quan Hóa, Tỉnh Thanh Hóa",
        "code": "14872",
        "parent_code": "385"
    },
    "14875": {
        "name": "Trung Sơn",
        "type": "xa",
        "slug": "trung-son",
        "name_with_type": "Xã Trung Sơn",
        "path": "Trung Sơn, Quan Hóa, Thanh Hóa",
        "path_with_type": "Xã Trung Sơn, Huyện Quan Hóa, Tỉnh Thanh Hóa",
        "code": "14875",
        "parent_code": "385"
    },
    "14878": {
        "name": "Phú Thanh",
        "type": "xa",
        "slug": "phu-thanh",
        "name_with_type": "Xã Phú Thanh",
        "path": "Phú Thanh, Quan Hóa, Thanh Hóa",
        "path_with_type": "Xã Phú Thanh, Huyện Quan Hóa, Tỉnh Thanh Hóa",
        "code": "14878",
        "parent_code": "385"
    },
    "14881": {
        "name": "Trung Thành",
        "type": "xa",
        "slug": "trung-thanh",
        "name_with_type": "Xã Trung Thành",
        "path": "Trung Thành, Quan Hóa, Thanh Hóa",
        "path_with_type": "Xã Trung Thành, Huyện Quan Hóa, Tỉnh Thanh Hóa",
        "code": "14881",
        "parent_code": "385"
    },
    "14884": {
        "name": "Phú Lệ",
        "type": "xa",
        "slug": "phu-le",
        "name_with_type": "Xã Phú Lệ",
        "path": "Phú Lệ, Quan Hóa, Thanh Hóa",
        "path_with_type": "Xã Phú Lệ, Huyện Quan Hóa, Tỉnh Thanh Hóa",
        "code": "14884",
        "parent_code": "385"
    },
    "14887": {
        "name": "Phú Sơn",
        "type": "xa",
        "slug": "phu-son",
        "name_with_type": "Xã Phú Sơn",
        "path": "Phú Sơn, Quan Hóa, Thanh Hóa",
        "path_with_type": "Xã Phú Sơn, Huyện Quan Hóa, Tỉnh Thanh Hóa",
        "code": "14887",
        "parent_code": "385"
    },
    "14890": {
        "name": "Phú Xuân",
        "type": "xa",
        "slug": "phu-xuan",
        "name_with_type": "Xã Phú Xuân",
        "path": "Phú Xuân, Quan Hóa, Thanh Hóa",
        "path_with_type": "Xã Phú Xuân, Huyện Quan Hóa, Tỉnh Thanh Hóa",
        "code": "14890",
        "parent_code": "385"
    },
    "14896": {
        "name": "Hiền Chung",
        "type": "xa",
        "slug": "hien-chung",
        "name_with_type": "Xã Hiền Chung",
        "path": "Hiền Chung, Quan Hóa, Thanh Hóa",
        "path_with_type": "Xã Hiền Chung, Huyện Quan Hóa, Tỉnh Thanh Hóa",
        "code": "14896",
        "parent_code": "385"
    },
    "14899": {
        "name": "Hiền Kiệt",
        "type": "xa",
        "slug": "hien-kiet",
        "name_with_type": "Xã Hiền Kiệt",
        "path": "Hiền Kiệt, Quan Hóa, Thanh Hóa",
        "path_with_type": "Xã Hiền Kiệt, Huyện Quan Hóa, Tỉnh Thanh Hóa",
        "code": "14899",
        "parent_code": "385"
    },
    "14902": {
        "name": "Nam Tiến",
        "type": "xa",
        "slug": "nam-tien",
        "name_with_type": "Xã Nam Tiến",
        "path": "Nam Tiến, Quan Hóa, Thanh Hóa",
        "path_with_type": "Xã Nam Tiến, Huyện Quan Hóa, Tỉnh Thanh Hóa",
        "code": "14902",
        "parent_code": "385"
    },
    "14908": {
        "name": "Thiên Phủ",
        "type": "xa",
        "slug": "thien-phu",
        "name_with_type": "Xã Thiên Phủ",
        "path": "Thiên Phủ, Quan Hóa, Thanh Hóa",
        "path_with_type": "Xã Thiên Phủ, Huyện Quan Hóa, Tỉnh Thanh Hóa",
        "code": "14908",
        "parent_code": "385"
    },
    "14911": {
        "name": "Phú Nghiêm",
        "type": "xa",
        "slug": "phu-nghiem",
        "name_with_type": "Xã Phú Nghiêm",
        "path": "Phú Nghiêm, Quan Hóa, Thanh Hóa",
        "path_with_type": "Xã Phú Nghiêm, Huyện Quan Hóa, Tỉnh Thanh Hóa",
        "code": "14911",
        "parent_code": "385"
    },
    "14914": {
        "name": "Nam Xuân",
        "type": "xa",
        "slug": "nam-xuan",
        "name_with_type": "Xã Nam Xuân",
        "path": "Nam Xuân, Quan Hóa, Thanh Hóa",
        "path_with_type": "Xã Nam Xuân, Huyện Quan Hóa, Tỉnh Thanh Hóa",
        "code": "14914",
        "parent_code": "385"
    },
    "14917": {
        "name": "Nam Động",
        "type": "xa",
        "slug": "nam-dong",
        "name_with_type": "Xã Nam Động",
        "path": "Nam Động, Quan Hóa, Thanh Hóa",
        "path_with_type": "Xã Nam Động, Huyện Quan Hóa, Tỉnh Thanh Hóa",
        "code": "14917",
        "parent_code": "385"
    }
}