{
    "15664": {
        "name": "Triệu Sơn",
        "type": "thi-tran",
        "slug": "trieu-son",
        "name_with_type": "Thị trấn Triệu Sơn",
        "path": "Triệu Sơn, Triệu Sơn, Thanh Hóa",
        "path_with_type": "Thị trấn Triệu Sơn, Huyện Triệu Sơn, Tỉnh Thanh Hóa",
        "code": "15664",
        "parent_code": "397"
    },
    "15667": {
        "name": "Thọ Sơn",
        "type": "xa",
        "slug": "tho-son",
        "name_with_type": "Xã Thọ Sơn",
        "path": "Thọ Sơn, Triệu Sơn, Thanh Hóa",
        "path_with_type": "Xã Thọ Sơn, Huyện Triệu Sơn, Tỉnh Thanh Hóa",
        "code": "15667",
        "parent_code": "397"
    },
    "15670": {
        "name": "Thọ Bình",
        "type": "xa",
        "slug": "tho-binh",
        "name_with_type": "Xã Thọ Bình",
        "path": "Thọ Bình, Triệu Sơn, Thanh Hóa",
        "path_with_type": "Xã Thọ Bình, Huyện Triệu Sơn, Tỉnh Thanh Hóa",
        "code": "15670",
        "parent_code": "397"
    },
    "15673": {
        "name": "Thọ Tiến",
        "type": "xa",
        "slug": "tho-tien",
        "name_with_type": "Xã Thọ Tiến",
        "path": "Thọ Tiến, Triệu Sơn, Thanh Hóa",
        "path_with_type": "Xã Thọ Tiến, Huyện Triệu Sơn, Tỉnh Thanh Hóa",
        "code": "15673",
        "parent_code": "397"
    },
    "15676": {
        "name": "Hợp Lý",
        "type": "xa",
        "slug": "hop-ly",
        "name_with_type": "Xã Hợp Lý",
        "path": "Hợp Lý, Triệu Sơn, Thanh Hóa",
        "path_with_type": "Xã Hợp Lý, Huyện Triệu Sơn, Tỉnh Thanh Hóa",
        "code": "15676",
        "parent_code": "397"
    },
    "15679": {
        "name": "Hợp Tiến",
        "type": "xa",
        "slug": "hop-tien",
        "name_with_type": "Xã Hợp Tiến",
        "path": "Hợp Tiến, Triệu Sơn, Thanh Hóa",
        "path_with_type": "Xã Hợp Tiến, Huyện Triệu Sơn, Tỉnh Thanh Hóa",
        "code": "15679",
        "parent_code": "397"
    },
    "15682": {
        "name": "Hợp Thành",
        "type": "xa",
        "slug": "hop-thanh",
        "name_with_type": "Xã Hợp Thành",
        "path": "Hợp Thành, Triệu Sơn, Thanh Hóa",
        "path_with_type": "Xã Hợp Thành, Huyện Triệu Sơn, Tỉnh Thanh Hóa",
        "code": "15682",
        "parent_code": "397"
    },
    "15685": {
        "name": "Triệu Thành",
        "type": "xa",
        "slug": "trieu-thanh",
        "name_with_type": "Xã Triệu Thành",
        "path": "Triệu Thành, Triệu Sơn, Thanh Hóa",
        "path_with_type": "Xã Triệu Thành, Huyện Triệu Sơn, Tỉnh Thanh Hóa",
        "code": "15685",
        "parent_code": "397"
    },
    "15688": {
        "name": "Hợp Thắng",
        "type": "xa",
        "slug": "hop-thang",
        "name_with_type": "Xã Hợp Thắng",
        "path": "Hợp Thắng, Triệu Sơn, Thanh Hóa",
        "path_with_type": "Xã Hợp Thắng, Huyện Triệu Sơn, Tỉnh Thanh Hóa",
        "code": "15688",
        "parent_code": "397"
    },
    "15691": {
        "name": "Minh Sơn",
        "type": "xa",
        "slug": "minh-son",
        "name_with_type": "Xã Minh Sơn",
        "path": "Minh Sơn, Triệu Sơn, Thanh Hóa",
        "path_with_type": "Xã Minh Sơn, Huyện Triệu Sơn, Tỉnh Thanh Hóa",
        "code": "15691",
        "parent_code": "397"
    },
    "15700": {
        "name": "Dân Lực",
        "type": "xa",
        "slug": "dan-luc",
        "name_with_type": "Xã Dân Lực",
        "path": "Dân Lực, Triệu Sơn, Thanh Hóa",
        "path_with_type": "Xã Dân Lực, Huyện Triệu Sơn, Tỉnh Thanh Hóa",
        "code": "15700",
        "parent_code": "397"
    },
    "15703": {
        "name": "Dân Lý",
        "type": "xa",
        "slug": "dan-ly",
        "name_with_type": "Xã Dân Lý",
        "path": "Dân Lý, Triệu Sơn, Thanh Hóa",
        "path_with_type": "Xã Dân Lý, Huyện Triệu Sơn, Tỉnh Thanh Hóa",
        "code": "15703",
        "parent_code": "397"
    },
    "15706": {
        "name": "Dân Quyền",
        "type": "xa",
        "slug": "dan-quyen",
        "name_with_type": "Xã Dân Quyền",
        "path": "Dân Quyền, Triệu Sơn, Thanh Hóa",
        "path_with_type": "Xã Dân Quyền, Huyện Triệu Sơn, Tỉnh Thanh Hóa",
        "code": "15706",
        "parent_code": "397"
    },
    "15709": {
        "name": "An Nông",
        "type": "xa",
        "slug": "an-nong",
        "name_with_type": "Xã An Nông",
        "path": "An Nông, Triệu Sơn, Thanh Hóa",
        "path_with_type": "Xã An Nông, Huyện Triệu Sơn, Tỉnh Thanh Hóa",
        "code": "15709",
        "parent_code": "397"
    },
    "15712": {
        "name": "Văn Sơn",
        "type": "xa",
        "slug": "van-son",
        "name_with_type": "Xã Văn Sơn",
        "path": "Văn Sơn, Triệu Sơn, Thanh Hóa",
        "path_with_type": "Xã Văn Sơn, Huyện Triệu Sơn, Tỉnh Thanh Hóa",
        "code": "15712",
        "parent_code": "397"
    },
    "15715": {
        "name": "Thái Hòa",
        "type": "xa",
        "slug": "thai-hoa",
        "name_with_type": "Xã Thái Hòa",
        "path": "Thái Hòa, Triệu Sơn, Thanh Hóa",
        "path_with_type": "Xã Thái Hòa, Huyện Triệu Sơn, Tỉnh Thanh Hóa",
        "code": "15715",
        "parent_code": "397"
    },
    "15718": {
        "name": "Nưa",
        "type": "thi-tran",
        "slug": "nua",
        "name_with_type": "Thị trấn Nưa",
        "path": "Nưa, Triệu Sơn, Thanh Hóa",
        "path_with_type": "Thị trấn Nưa, Huyện Triệu Sơn, Tỉnh Thanh Hóa",
        "code": "15718",
        "parent_code": "397"
    },
    "15721": {
        "name": "Đồng Lợi",
        "type": "xa",
        "slug": "dong-loi",
        "name_with_type": "Xã Đồng Lợi",
        "path": "Đồng Lợi, Triệu Sơn, Thanh Hóa",
        "path_with_type": "Xã Đồng Lợi, Huyện Triệu Sơn, Tỉnh Thanh Hóa",
        "code": "15721",
        "parent_code": "397"
    },
    "15724": {
        "name": "Đồng Tiến",
        "type": "xa",
        "slug": "dong-tien",
        "name_with_type": "Xã Đồng Tiến",
        "path": "Đồng Tiến, Triệu Sơn, Thanh Hóa",
        "path_with_type": "Xã Đồng Tiến, Huyện Triệu Sơn, Tỉnh Thanh Hóa",
        "code": "15724",
        "parent_code": "397"
    },
    "15727": {
        "name": "Đồng Thắng",
        "type": "xa",
        "slug": "dong-thang",
        "name_with_type": "Xã Đồng Thắng",
        "path": "Đồng Thắng, Triệu Sơn, Thanh Hóa",
        "path_with_type": "Xã Đồng Thắng, Huyện Triệu Sơn, Tỉnh Thanh Hóa",
        "code": "15727",
        "parent_code": "397"
    },
    "15730": {
        "name": "Tiến Nông",
        "type": "xa",
        "slug": "tien-nong",
        "name_with_type": "Xã Tiến Nông",
        "path": "Tiến Nông, Triệu Sơn, Thanh Hóa",
        "path_with_type": "Xã Tiến Nông, Huyện Triệu Sơn, Tỉnh Thanh Hóa",
        "code": "15730",
        "parent_code": "397"
    },
    "15733": {
        "name": "Khuyến Nông",
        "type": "xa",
        "slug": "khuyen-nong",
        "name_with_type": "Xã Khuyến Nông",
        "path": "Khuyến Nông, Triệu Sơn, Thanh Hóa",
        "path_with_type": "Xã Khuyến Nông, Huyện Triệu Sơn, Tỉnh Thanh Hóa",
        "code": "15733",
        "parent_code": "397"
    },
    "15736": {
        "name": "Xuân Thịnh",
        "type": "xa",
        "slug": "xuan-thinh",
        "name_with_type": "Xã Xuân Thịnh",
        "path": "Xuân Thịnh, Triệu Sơn, Thanh Hóa",
        "path_with_type": "Xã Xuân Thịnh, Huyện Triệu Sơn, Tỉnh Thanh Hóa",
        "code": "15736",
        "parent_code": "397"
    },
    "15739": {
        "name": "Xuân Lộc",
        "type": "xa",
        "slug": "xuan-loc",
        "name_with_type": "Xã Xuân Lộc",
        "path": "Xuân Lộc, Triệu Sơn, Thanh Hóa",
        "path_with_type": "Xã Xuân Lộc, Huyện Triệu Sơn, Tỉnh Thanh Hóa",
        "code": "15739",
        "parent_code": "397"
    },
    "15742": {
        "name": "Thọ Dân",
        "type": "xa",
        "slug": "tho-dan",
        "name_with_type": "Xã Thọ Dân",
        "path": "Thọ Dân, Triệu Sơn, Thanh Hóa",
        "path_with_type": "Xã Thọ Dân, Huyện Triệu Sơn, Tỉnh Thanh Hóa",
        "code": "15742",
        "parent_code": "397"
    },
    "15745": {
        "name": "Xuân Thọ",
        "type": "xa",
        "slug": "xuan-tho",
        "name_with_type": "Xã Xuân Thọ",
        "path": "Xuân Thọ, Triệu Sơn, Thanh Hóa",
        "path_with_type": "Xã Xuân Thọ, Huyện Triệu Sơn, Tỉnh Thanh Hóa",
        "code": "15745",
        "parent_code": "397"
    },
    "15748": {
        "name": "Thọ Tân",
        "type": "xa",
        "slug": "tho-tan",
        "name_with_type": "Xã Thọ Tân",
        "path": "Thọ Tân, Triệu Sơn, Thanh Hóa",
        "path_with_type": "Xã Thọ Tân, Huyện Triệu Sơn, Tỉnh Thanh Hóa",
        "code": "15748",
        "parent_code": "397"
    },
    "15751": {
        "name": "Thọ Ngọc",
        "type": "xa",
        "slug": "tho-ngoc",
        "name_with_type": "Xã Thọ Ngọc",
        "path": "Thọ Ngọc, Triệu Sơn, Thanh Hóa",
        "path_with_type": "Xã Thọ Ngọc, Huyện Triệu Sơn, Tỉnh Thanh Hóa",
        "code": "15751",
        "parent_code": "397"
    },
    "15754": {
        "name": "Thọ Cường",
        "type": "xa",
        "slug": "tho-cuong",
        "name_with_type": "Xã Thọ Cường",
        "path": "Thọ Cường, Triệu Sơn, Thanh Hóa",
        "path_with_type": "Xã Thọ Cường, Huyện Triệu Sơn, Tỉnh Thanh Hóa",
        "code": "15754",
        "parent_code": "397"
    },
    "15757": {
        "name": "Thọ Phú",
        "type": "xa",
        "slug": "tho-phu",
        "name_with_type": "Xã Thọ Phú",
        "path": "Thọ Phú, Triệu Sơn, Thanh Hóa",
        "path_with_type": "Xã Thọ Phú, Huyện Triệu Sơn, Tỉnh Thanh Hóa",
        "code": "15757",
        "parent_code": "397"
    },
    "15760": {
        "name": "Thọ Vực",
        "type": "xa",
        "slug": "tho-vuc",
        "name_with_type": "Xã Thọ Vực",
        "path": "Thọ Vực, Triệu Sơn, Thanh Hóa",
        "path_with_type": "Xã Thọ Vực, Huyện Triệu Sơn, Tỉnh Thanh Hóa",
        "code": "15760",
        "parent_code": "397"
    },
    "15763": {
        "name": "Thọ Thế",
        "type": "xa",
        "slug": "tho-the",
        "name_with_type": "Xã Thọ Thế",
        "path": "Thọ Thế, Triệu Sơn, Thanh Hóa",
        "path_with_type": "Xã Thọ Thế, Huyện Triệu Sơn, Tỉnh Thanh Hóa",
        "code": "15763",
        "parent_code": "397"
    },
    "15766": {
        "name": "Nông Trường",
        "type": "xa",
        "slug": "nong-truong",
        "name_with_type": "Xã Nông Trường",
        "path": "Nông Trường, Triệu Sơn, Thanh Hóa",
        "path_with_type": "Xã Nông Trường, Huyện Triệu Sơn, Tỉnh Thanh Hóa",
        "code": "15766",
        "parent_code": "397"
    },
    "15769": {
        "name": "Bình Sơn",
        "type": "xa",
        "slug": "binh-son",
        "name_with_type": "Xã Bình Sơn",
        "path": "Bình Sơn, Triệu Sơn, Thanh Hóa",
        "path_with_type": "Xã Bình Sơn, Huyện Triệu Sơn, Tỉnh Thanh Hóa",
        "code": "15769",
        "parent_code": "397"
    }
}