{
    "15865": {
        "name": "Bút Sơn",
        "type": "thi-tran",
        "slug": "but-son",
        "name_with_type": "Thị trấn Bút Sơn",
        "path": "Bút Sơn, Hoằng Hóa, Thanh Hóa",
        "path_with_type": "Thị trấn Bút Sơn, Huyện Hoằng Hóa, Tỉnh Thanh Hóa",
        "code": "15865",
        "parent_code": "399"
    },
    "15871": {
        "name": "Hoằng Giang",
        "type": "xa",
        "slug": "hoang-giang",
        "name_with_type": "Xã Hoằng Giang",
        "path": "Hoằng Giang, Hoằng Hóa, Thanh Hóa",
        "path_with_type": "Xã Hoằng Giang, Huyện Hoằng Hóa, Tỉnh Thanh Hóa",
        "code": "15871",
        "parent_code": "399"
    },
    "15877": {
        "name": "Hoằng Xuân",
        "type": "xa",
        "slug": "hoang-xuan",
        "name_with_type": "Xã Hoằng Xuân",
        "path": "Hoằng Xuân, Hoằng Hóa, Thanh Hóa",
        "path_with_type": "Xã Hoằng Xuân, Huyện Hoằng Hóa, Tỉnh Thanh Hóa",
        "code": "15877",
        "parent_code": "399"
    },
    "15880": {
        "name": "Hoằng Phượng",
        "type": "xa",
        "slug": "hoang-phuong",
        "name_with_type": "Xã Hoằng Phượng",
        "path": "Hoằng Phượng, Hoằng Hóa, Thanh Hóa",
        "path_with_type": "Xã Hoằng Phượng, Huyện Hoằng Hóa, Tỉnh Thanh Hóa",
        "code": "15880",
        "parent_code": "399"
    },
    "15883": {
        "name": "Hoằng Phú",
        "type": "xa",
        "slug": "hoang-phu",
        "name_with_type": "Xã Hoằng Phú",
        "path": "Hoằng Phú, Hoằng Hóa, Thanh Hóa",
        "path_with_type": "Xã Hoằng Phú, Huyện Hoằng Hóa, Tỉnh Thanh Hóa",
        "code": "15883",
        "parent_code": "399"
    },
    "15886": {
        "name": "Hoằng Quỳ",
        "type": "xa",
        "slug": "hoang-quy",
        "name_with_type": "Xã Hoằng Quỳ",
        "path": "Hoằng Quỳ, Hoằng Hóa, Thanh Hóa",
        "path_with_type": "Xã Hoằng Quỳ, Huyện Hoằng Hóa, Tỉnh Thanh Hóa",
        "code": "15886",
        "parent_code": "399"
    },
    "15889": {
        "name": "Hoằng Kim",
        "type": "xa",
        "slug": "hoang-kim",
        "name_with_type": "Xã Hoằng Kim",
        "path": "Hoằng Kim, Hoằng Hóa, Thanh Hóa",
        "path_with_type": "Xã Hoằng Kim, Huyện Hoằng Hóa, Tỉnh Thanh Hóa",
        "code": "15889",
        "parent_code": "399"
    },
    "15892": {
        "name": "Hoằng Trung",
        "type": "xa",
        "slug": "hoang-trung",
        "name_with_type": "Xã Hoằng Trung",
        "path": "Hoằng Trung, Hoằng Hóa, Thanh Hóa",
        "path_with_type": "Xã Hoằng Trung, Huyện Hoằng Hóa, Tỉnh Thanh Hóa",
        "code": "15892",
        "parent_code": "399"
    },
    "15895": {
        "name": "Hoằng Trinh",
        "type": "xa",
        "slug": "hoang-trinh",
        "name_with_type": "Xã Hoằng Trinh",
        "path": "Hoằng Trinh, Hoằng Hóa, Thanh Hóa",
        "path_with_type": "Xã Hoằng Trinh, Huyện Hoằng Hóa, Tỉnh Thanh Hóa",
        "code": "15895",
        "parent_code": "399"
    },
    "15901": {
        "name": "Hoằng Sơn",
        "type": "xa",
        "slug": "hoang-son",
        "name_with_type": "Xã Hoằng Sơn",
        "path": "Hoằng Sơn, Hoằng Hóa, Thanh Hóa",
        "path_with_type": "Xã Hoằng Sơn, Huyện Hoằng Hóa, Tỉnh Thanh Hóa",
        "code": "15901",
        "parent_code": "399"
    },
    "15907": {
        "name": "Hoằng Cát",
        "type": "xa",
        "slug": "hoang-cat",
        "name_with_type": "Xã Hoằng Cát",
        "path": "Hoằng Cát, Hoằng Hóa, Thanh Hóa",
        "path_with_type": "Xã Hoằng Cát, Huyện Hoằng Hóa, Tỉnh Thanh Hóa",
        "code": "15907",
        "parent_code": "399"
    },
    "15910": {
        "name": "Hoằng Xuyên",
        "type": "xa",
        "slug": "hoang-xuyen",
        "name_with_type": "Xã Hoằng Xuyên",
        "path": "Hoằng Xuyên, Hoằng Hóa, Thanh Hóa",
        "path_with_type": "Xã Hoằng Xuyên, Huyện Hoằng Hóa, Tỉnh Thanh Hóa",
        "code": "15910",
        "parent_code": "399"
    },
    "15916": {
        "name": "Hoằng Quý",
        "type": "xa",
        "slug": "hoang-quy",
        "name_with_type": "Xã Hoằng Quý",
        "path": "Hoằng Quý, Hoằng Hóa, Thanh Hóa",
        "path_with_type": "Xã Hoằng Quý, Huyện Hoằng Hóa, Tỉnh Thanh Hóa",
        "code": "15916",
        "parent_code": "399"
    },
    "15919": {
        "name": "Hoằng Hợp",
        "type": "xa",
        "slug": "hoang-hop",
        "name_with_type": "Xã Hoằng Hợp",
        "path": "Hoằng Hợp, Hoằng Hóa, Thanh Hóa",
        "path_with_type": "Xã Hoằng Hợp, Huyện Hoằng Hóa, Tỉnh Thanh Hóa",
        "code": "15919",
        "parent_code": "399"
    },
    "15928": {
        "name": "Hoằng Đức",
        "type": "xa",
        "slug": "hoang-duc",
        "name_with_type": "Xã Hoằng Đức",
        "path": "Hoằng Đức, Hoằng Hóa, Thanh Hóa",
        "path_with_type": "Xã Hoằng Đức, Huyện Hoằng Hóa, Tỉnh Thanh Hóa",
        "code": "15928",
        "parent_code": "399"
    },
    "15937": {
        "name": "Hoằng Hà",
        "type": "xa",
        "slug": "hoang-ha",
        "name_with_type": "Xã Hoằng Hà",
        "path": "Hoằng Hà, Hoằng Hóa, Thanh Hóa",
        "path_with_type": "Xã Hoằng Hà, Huyện Hoằng Hóa, Tỉnh Thanh Hóa",
        "code": "15937",
        "parent_code": "399"
    },
    "15940": {
        "name": "Hoằng Đạt",
        "type": "xa",
        "slug": "hoang-dat",
        "name_with_type": "Xã Hoằng Đạt",
        "path": "Hoằng Đạt, Hoằng Hóa, Thanh Hóa",
        "path_with_type": "Xã Hoằng Đạt, Huyện Hoằng Hóa, Tỉnh Thanh Hóa",
        "code": "15940",
        "parent_code": "399"
    },
    "15946": {
        "name": "Hoằng Đạo",
        "type": "xa",
        "slug": "hoang-dao",
        "name_with_type": "Xã Hoằng Đạo",
        "path": "Hoằng Đạo, Hoằng Hóa, Thanh Hóa",
        "path_with_type": "Xã Hoằng Đạo, Huyện Hoằng Hóa, Tỉnh Thanh Hóa",
        "code": "15946",
        "parent_code": "399"
    },
    "15949": {
        "name": "Hoằng Thắng",
        "type": "xa",
        "slug": "hoang-thang",
        "name_with_type": "Xã Hoằng Thắng",
        "path": "Hoằng Thắng, Hoằng Hóa, Thanh Hóa",
        "path_with_type": "Xã Hoằng Thắng, Huyện Hoằng Hóa, Tỉnh Thanh Hóa",
        "code": "15949",
        "parent_code": "399"
    },
    "15952": {
        "name": "Hoằng Đồng",
        "type": "xa",
        "slug": "hoang-dong",
        "name_with_type": "Xã Hoằng Đồng",
        "path": "Hoằng Đồng, Hoằng Hóa, Thanh Hóa",
        "path_with_type": "Xã Hoằng Đồng, Huyện Hoằng Hóa, Tỉnh Thanh Hóa",
        "code": "15952",
        "parent_code": "399"
    },
    "15955": {
        "name": "Hoằng Thái",
        "type": "xa",
        "slug": "hoang-thai",
        "name_with_type": "Xã Hoằng Thái",
        "path": "Hoằng Thái, Hoằng Hóa, Thanh Hóa",
        "path_with_type": "Xã Hoằng Thái, Huyện Hoằng Hóa, Tỉnh Thanh Hóa",
        "code": "15955",
        "parent_code": "399"
    },
    "15958": {
        "name": "Hoằng Thịnh",
        "type": "xa",
        "slug": "hoang-thinh",
        "name_with_type": "Xã Hoằng Thịnh",
        "path": "Hoằng Thịnh, Hoằng Hóa, Thanh Hóa",
        "path_with_type": "Xã Hoằng Thịnh, Huyện Hoằng Hóa, Tỉnh Thanh Hóa",
        "code": "15958",
        "parent_code": "399"
    },
    "15961": {
        "name": "Hoằng Thành",
        "type": "xa",
        "slug": "hoang-thanh",
        "name_with_type": "Xã Hoằng Thành",
        "path": "Hoằng Thành, Hoằng Hóa, Thanh Hóa",
        "path_with_type": "Xã Hoằng Thành, Huyện Hoằng Hóa, Tỉnh Thanh Hóa",
        "code": "15961",
        "parent_code": "399"
    },
    "15964": {
        "name": "Hoằng Lộc",
        "type": "xa",
        "slug": "hoang-loc",
        "name_with_type": "Xã Hoằng Lộc",
        "path": "Hoằng Lộc, Hoằng Hóa, Thanh Hóa",
        "path_with_type": "Xã Hoằng Lộc, Huyện Hoằng Hóa, Tỉnh Thanh Hóa",
        "code": "15964",
        "parent_code": "399"
    },
    "15967": {
        "name": "Hoằng Trạch",
        "type": "xa",
        "slug": "hoang-trach",
        "name_with_type": "Xã Hoằng Trạch",
        "path": "Hoằng Trạch, Hoằng Hóa, Thanh Hóa",
        "path_with_type": "Xã Hoằng Trạch, Huyện Hoằng Hóa, Tỉnh Thanh Hóa",
        "code": "15967",
        "parent_code": "399"
    },
    "15973": {
        "name": "Hoằng Phong",
        "type": "xa",
        "slug": "hoang-phong",
        "name_with_type": "Xã Hoằng Phong",
        "path": "Hoằng Phong, Hoằng Hóa, Thanh Hóa",
        "path_with_type": "Xã Hoằng Phong, Huyện Hoằng Hóa, Tỉnh Thanh Hóa",
        "code": "15973",
        "parent_code": "399"
    },
    "15976": {
        "name": "Hoằng Lưu",
        "type": "xa",
        "slug": "hoang-luu",
        "name_with_type": "Xã Hoằng Lưu",
        "path": "Hoằng Lưu, Hoằng Hóa, Thanh Hóa",
        "path_with_type": "Xã Hoằng Lưu, Huyện Hoằng Hóa, Tỉnh Thanh Hóa",
        "code": "15976",
        "parent_code": "399"
    },
    "15979": {
        "name": "Hoằng Châu",
        "type": "xa",
        "slug": "hoang-chau",
        "name_with_type": "Xã Hoằng Châu",
        "path": "Hoằng Châu, Hoằng Hóa, Thanh Hóa",
        "path_with_type": "Xã Hoằng Châu, Huyện Hoằng Hóa, Tỉnh Thanh Hóa",
        "code": "15979",
        "parent_code": "399"
    },
    "15982": {
        "name": "Hoằng Tân",
        "type": "xa",
        "slug": "hoang-tan",
        "name_with_type": "Xã Hoằng Tân",
        "path": "Hoằng Tân, Hoằng Hóa, Thanh Hóa",
        "path_with_type": "Xã Hoằng Tân, Huyện Hoằng Hóa, Tỉnh Thanh Hóa",
        "code": "15982",
        "parent_code": "399"
    },
    "15985": {
        "name": "Hoằng Yến",
        "type": "xa",
        "slug": "hoang-yen",
        "name_with_type": "Xã Hoằng Yến",
        "path": "Hoằng Yến, Hoằng Hóa, Thanh Hóa",
        "path_with_type": "Xã Hoằng Yến, Huyện Hoằng Hóa, Tỉnh Thanh Hóa",
        "code": "15985",
        "parent_code": "399"
    },
    "15988": {
        "name": "Hoằng Tiến",
        "type": "xa",
        "slug": "hoang-tien",
        "name_with_type": "Xã Hoằng Tiến",
        "path": "Hoằng Tiến, Hoằng Hóa, Thanh Hóa",
        "path_with_type": "Xã Hoằng Tiến, Huyện Hoằng Hóa, Tỉnh Thanh Hóa",
        "code": "15988",
        "parent_code": "399"
    },
    "15991": {
        "name": "Hoằng Hải",
        "type": "xa",
        "slug": "hoang-hai",
        "name_with_type": "Xã Hoằng Hải",
        "path": "Hoằng Hải, Hoằng Hóa, Thanh Hóa",
        "path_with_type": "Xã Hoằng Hải, Huyện Hoằng Hóa, Tỉnh Thanh Hóa",
        "code": "15991",
        "parent_code": "399"
    },
    "15994": {
        "name": "Hoằng Ngọc",
        "type": "xa",
        "slug": "hoang-ngoc",
        "name_with_type": "Xã Hoằng Ngọc",
        "path": "Hoằng Ngọc, Hoằng Hóa, Thanh Hóa",
        "path_with_type": "Xã Hoằng Ngọc, Huyện Hoằng Hóa, Tỉnh Thanh Hóa",
        "code": "15994",
        "parent_code": "399"
    },
    "15997": {
        "name": "Hoằng Đông",
        "type": "xa",
        "slug": "hoang-dong",
        "name_with_type": "Xã Hoằng Đông",
        "path": "Hoằng Đông, Hoằng Hóa, Thanh Hóa",
        "path_with_type": "Xã Hoằng Đông, Huyện Hoằng Hóa, Tỉnh Thanh Hóa",
        "code": "15997",
        "parent_code": "399"
    },
    "16000": {
        "name": "Hoằng Thanh",
        "type": "xa",
        "slug": "hoang-thanh",
        "name_with_type": "Xã Hoằng Thanh",
        "path": "Hoằng Thanh, Hoằng Hóa, Thanh Hóa",
        "path_with_type": "Xã Hoằng Thanh, Huyện Hoằng Hóa, Tỉnh Thanh Hóa",
        "code": "16000",
        "parent_code": "399"
    },
    "16003": {
        "name": "Hoằng Phụ",
        "type": "xa",
        "slug": "hoang-phu",
        "name_with_type": "Xã Hoằng Phụ",
        "path": "Hoằng Phụ, Hoằng Hóa, Thanh Hóa",
        "path_with_type": "Xã Hoằng Phụ, Huyện Hoằng Hóa, Tỉnh Thanh Hóa",
        "code": "16003",
        "parent_code": "399"
    },
    "16006": {
        "name": "Hoằng Trường",
        "type": "xa",
        "slug": "hoang-truong",
        "name_with_type": "Xã Hoằng Trường",
        "path": "Hoằng Trường, Hoằng Hóa, Thanh Hóa",
        "path_with_type": "Xã Hoằng Trường, Huyện Hoằng Hóa, Tỉnh Thanh Hóa",
        "code": "16006",
        "parent_code": "399"
    }
}