{
    "16228": {
        "name": "Bến Sung",
        "type": "thi-tran",
        "slug": "ben-sung",
        "name_with_type": "Thị trấn Bến Sung",
        "path": "Bến Sung, Như Thanh, Thanh Hóa",
        "path_with_type": "Thị trấn Bến Sung, Huyện Như Thanh, Tỉnh Thanh Hóa",
        "code": "16228",
        "parent_code": "403"
    },
    "16231": {
        "name": "Cán Khê",
        "type": "xa",
        "slug": "can-khe",
        "name_with_type": "Xã Cán Khê",
        "path": "Cán Khê, Như Thanh, Thanh Hóa",
        "path_with_type": "Xã Cán Khê, Huyện Như Thanh, Tỉnh Thanh Hóa",
        "code": "16231",
        "parent_code": "403"
    },
    "16234": {
        "name": "Xuân Du",
        "type": "xa",
        "slug": "xuan-du",
        "name_with_type": "Xã Xuân Du",
        "path": "Xuân Du, Như Thanh, Thanh Hóa",
        "path_with_type": "Xã Xuân Du, Huyện Như Thanh, Tỉnh Thanh Hóa",
        "code": "16234",
        "parent_code": "403"
    },
    "16240": {
        "name": "Phượng Nghi",
        "type": "xa",
        "slug": "phuong-nghi",
        "name_with_type": "Xã Phượng Nghi",
        "path": "Phượng Nghi, Như Thanh, Thanh Hóa",
        "path_with_type": "Xã Phượng Nghi, Huyện Như Thanh, Tỉnh Thanh Hóa",
        "code": "16240",
        "parent_code": "403"
    },
    "16243": {
        "name": "Mậu Lâm",
        "type": "xa",
        "slug": "mau-lam",
        "name_with_type": "Xã Mậu Lâm",
        "path": "Mậu Lâm, Như Thanh, Thanh Hóa",
        "path_with_type": "Xã Mậu Lâm, Huyện Như Thanh, Tỉnh Thanh Hóa",
        "code": "16243",
        "parent_code": "403"
    },
    "16246": {
        "name": "Xuân Khang",
        "type": "xa",
        "slug": "xuan-khang",
        "name_with_type": "Xã Xuân Khang",
        "path": "Xuân Khang, Như Thanh, Thanh Hóa",
        "path_with_type": "Xã Xuân Khang, Huyện Như Thanh, Tỉnh Thanh Hóa",
        "code": "16246",
        "parent_code": "403"
    },
    "16249": {
        "name": "Phú Nhuận",
        "type": "xa",
        "slug": "phu-nhuan",
        "name_with_type": "Xã Phú Nhuận",
        "path": "Phú Nhuận, Như Thanh, Thanh Hóa",
        "path_with_type": "Xã Phú Nhuận, Huyện Như Thanh, Tỉnh Thanh Hóa",
        "code": "16249",
        "parent_code": "403"
    },
    "16252": {
        "name": "Hải Long",
        "type": "xa",
        "slug": "hai-long",
        "name_with_type": "Xã Hải Long",
        "path": "Hải Long, Như Thanh, Thanh Hóa",
        "path_with_type": "Xã Hải Long, Huyện Như Thanh, Tỉnh Thanh Hóa",
        "code": "16252",
        "parent_code": "403"
    },
    "16258": {
        "name": "Xuân Thái",
        "type": "xa",
        "slug": "xuan-thai",
        "name_with_type": "Xã Xuân Thái",
        "path": "Xuân Thái, Như Thanh, Thanh Hóa",
        "path_with_type": "Xã Xuân Thái, Huyện Như Thanh, Tỉnh Thanh Hóa",
        "code": "16258",
        "parent_code": "403"
    },
    "16261": {
        "name": "Xuân Phúc",
        "type": "xa",
        "slug": "xuan-phuc",
        "name_with_type": "Xã Xuân Phúc",
        "path": "Xuân Phúc, Như Thanh, Thanh Hóa",
        "path_with_type": "Xã Xuân Phúc, Huyện Như Thanh, Tỉnh Thanh Hóa",
        "code": "16261",
        "parent_code": "403"
    },
    "16264": {
        "name": "Yên Thọ",
        "type": "xa",
        "slug": "yen-tho",
        "name_with_type": "Xã Yên Thọ",
        "path": "Yên Thọ, Như Thanh, Thanh Hóa",
        "path_with_type": "Xã Yên Thọ, Huyện Như Thanh, Tỉnh Thanh Hóa",
        "code": "16264",
        "parent_code": "403"
    },
    "16267": {
        "name": "Yên Lạc",
        "type": "xa",
        "slug": "yen-lac",
        "name_with_type": "Xã Yên Lạc",
        "path": "Yên Lạc, Như Thanh, Thanh Hóa",
        "path_with_type": "Xã Yên Lạc, Huyện Như Thanh, Tỉnh Thanh Hóa",
        "code": "16267",
        "parent_code": "403"
    },
    "16273": {
        "name": "Thanh Tân",
        "type": "xa",
        "slug": "thanh-tan",
        "name_with_type": "Xã Thanh Tân",
        "path": "Thanh Tân, Như Thanh, Thanh Hóa",
        "path_with_type": "Xã Thanh Tân, Huyện Như Thanh, Tỉnh Thanh Hóa",
        "code": "16273",
        "parent_code": "403"
    },
    "16276": {
        "name": "Thanh Kỳ",
        "type": "xa",
        "slug": "thanh-ky",
        "name_with_type": "Xã Thanh Kỳ",
        "path": "Thanh Kỳ, Như Thanh, Thanh Hóa",
        "path_with_type": "Xã Thanh Kỳ, Huyện Như Thanh, Tỉnh Thanh Hóa",
        "code": "16276",
        "parent_code": "403"
    }
}