{
    "16939": {
        "name": "Hoà Hiếu",
        "type": "phuong",
        "slug": "hoa-hieu",
        "name_with_type": "Phường Hoà Hiếu",
        "path": "Hoà Hiếu, Thái Hoà, Nghệ An",
        "path_with_type": "Phường Hoà Hiếu, Thị xã Thái Hoà, Tỉnh Nghệ An",
        "code": "16939",
        "parent_code": "414"
    },
    "16993": {
        "name": "Quang Phong",
        "type": "phuong",
        "slug": "quang-phong",
        "name_with_type": "Phường Quang Phong",
        "path": "Quang Phong, Thái Hoà, Nghệ An",
        "path_with_type": "Phường Quang Phong, Thị xã Thái Hoà, Tỉnh Nghệ An",
        "code": "16993",
        "parent_code": "414"
    },
    "16994": {
        "name": "Quang Tiến",
        "type": "phuong",
        "slug": "quang-tien",
        "name_with_type": "Phường Quang Tiến",
        "path": "Quang Tiến, Thái Hoà, Nghệ An",
        "path_with_type": "Phường Quang Tiến, Thị xã Thái Hoà, Tỉnh Nghệ An",
        "code": "16994",
        "parent_code": "414"
    },
    "17003": {
        "name": "Long Sơn",
        "type": "phuong",
        "slug": "long-son",
        "name_with_type": "Phường Long Sơn",
        "path": "Long Sơn, Thái Hoà, Nghệ An",
        "path_with_type": "Phường Long Sơn, Thị xã Thái Hoà, Tỉnh Nghệ An",
        "code": "17003",
        "parent_code": "414"
    },
    "17005": {
        "name": "Nghĩa Tiến",
        "type": "xa",
        "slug": "nghia-tien",
        "name_with_type": "Xã Nghĩa Tiến",
        "path": "Nghĩa Tiến, Thái Hoà, Nghệ An",
        "path_with_type": "Xã Nghĩa Tiến, Thị xã Thái Hoà, Tỉnh Nghệ An",
        "code": "17005",
        "parent_code": "414"
    },
    "17008": {
        "name": "Nghĩa Mỹ",
        "type": "xa",
        "slug": "nghia-my",
        "name_with_type": "Xã Nghĩa Mỹ",
        "path": "Nghĩa Mỹ, Thái Hoà, Nghệ An",
        "path_with_type": "Xã Nghĩa Mỹ, Thị xã Thái Hoà, Tỉnh Nghệ An",
        "code": "17008",
        "parent_code": "414"
    },
    "17011": {
        "name": "Tây Hiếu",
        "type": "xa",
        "slug": "tay-hieu",
        "name_with_type": "Xã Tây Hiếu",
        "path": "Tây Hiếu, Thái Hoà, Nghệ An",
        "path_with_type": "Xã Tây Hiếu, Thị xã Thái Hoà, Tỉnh Nghệ An",
        "code": "17011",
        "parent_code": "414"
    },
    "17014": {
        "name": "Nghĩa Thuận",
        "type": "xa",
        "slug": "nghia-thuan",
        "name_with_type": "Xã Nghĩa Thuận",
        "path": "Nghĩa Thuận, Thái Hoà, Nghệ An",
        "path_with_type": "Xã Nghĩa Thuận, Thị xã Thái Hoà, Tỉnh Nghệ An",
        "code": "17014",
        "parent_code": "414"
    },
    "17017": {
        "name": "Đông Hiếu",
        "type": "xa",
        "slug": "dong-hieu",
        "name_with_type": "Xã Đông Hiếu",
        "path": "Đông Hiếu, Thái Hoà, Nghệ An",
        "path_with_type": "Xã Đông Hiếu, Thị xã Thái Hoà, Tỉnh Nghệ An",
        "code": "17017",
        "parent_code": "414"
    }
}