{
    "16738": {
        "name": "Kim Sơn",
        "type": "thi-tran",
        "slug": "kim-son",
        "name_with_type": "Thị trấn Kim Sơn",
        "path": "Kim Sơn, Quế Phong, Nghệ An",
        "path_with_type": "Thị trấn Kim Sơn, Huyện Quế Phong, Tỉnh Nghệ An",
        "code": "16738",
        "parent_code": "415"
    },
    "16741": {
        "name": "Thông Thụ",
        "type": "xa",
        "slug": "thong-thu",
        "name_with_type": "Xã Thông Thụ",
        "path": "Thông Thụ, Quế Phong, Nghệ An",
        "path_with_type": "Xã Thông Thụ, Huyện Quế Phong, Tỉnh Nghệ An",
        "code": "16741",
        "parent_code": "415"
    },
    "16744": {
        "name": "Đồng Văn",
        "type": "xa",
        "slug": "dong-van",
        "name_with_type": "Xã Đồng Văn",
        "path": "Đồng Văn, Quế Phong, Nghệ An",
        "path_with_type": "Xã Đồng Văn, Huyện Quế Phong, Tỉnh Nghệ An",
        "code": "16744",
        "parent_code": "415"
    },
    "16747": {
        "name": "Hạnh Dịch",
        "type": "xa",
        "slug": "hanh-dich",
        "name_with_type": "Xã Hạnh Dịch",
        "path": "Hạnh Dịch, Quế Phong, Nghệ An",
        "path_with_type": "Xã Hạnh Dịch, Huyện Quế Phong, Tỉnh Nghệ An",
        "code": "16747",
        "parent_code": "415"
    },
    "16750": {
        "name": "Tiền Phong",
        "type": "xa",
        "slug": "tien-phong",
        "name_with_type": "Xã Tiền Phong",
        "path": "Tiền Phong, Quế Phong, Nghệ An",
        "path_with_type": "Xã Tiền Phong, Huyện Quế Phong, Tỉnh Nghệ An",
        "code": "16750",
        "parent_code": "415"
    },
    "16753": {
        "name": "Nậm Giải",
        "type": "xa",
        "slug": "nam-giai",
        "name_with_type": "Xã Nậm Giải",
        "path": "Nậm Giải, Quế Phong, Nghệ An",
        "path_with_type": "Xã Nậm Giải, Huyện Quế Phong, Tỉnh Nghệ An",
        "code": "16753",
        "parent_code": "415"
    },
    "16756": {
        "name": "Tri Lễ",
        "type": "xa",
        "slug": "tri-le",
        "name_with_type": "Xã Tri Lễ",
        "path": "Tri Lễ, Quế Phong, Nghệ An",
        "path_with_type": "Xã Tri Lễ, Huyện Quế Phong, Tỉnh Nghệ An",
        "code": "16756",
        "parent_code": "415"
    },
    "16759": {
        "name": "Châu Kim",
        "type": "xa",
        "slug": "chau-kim",
        "name_with_type": "Xã Châu Kim",
        "path": "Châu Kim, Quế Phong, Nghệ An",
        "path_with_type": "Xã Châu Kim, Huyện Quế Phong, Tỉnh Nghệ An",
        "code": "16759",
        "parent_code": "415"
    },
    "16763": {
        "name": "Mường Nọc",
        "type": "xa",
        "slug": "muong-noc",
        "name_with_type": "Xã Mường Nọc",
        "path": "Mường Nọc, Quế Phong, Nghệ An",
        "path_with_type": "Xã Mường Nọc, Huyện Quế Phong, Tỉnh Nghệ An",
        "code": "16763",
        "parent_code": "415"
    },
    "16765": {
        "name": "Châu Thôn",
        "type": "xa",
        "slug": "chau-thon",
        "name_with_type": "Xã Châu Thôn",
        "path": "Châu Thôn, Quế Phong, Nghệ An",
        "path_with_type": "Xã Châu Thôn, Huyện Quế Phong, Tỉnh Nghệ An",
        "code": "16765",
        "parent_code": "415"
    },
    "16768": {
        "name": "Nậm Nhoóng",
        "type": "xa",
        "slug": "nam-nhoong",
        "name_with_type": "Xã Nậm Nhoóng",
        "path": "Nậm Nhoóng, Quế Phong, Nghệ An",
        "path_with_type": "Xã Nậm Nhoóng, Huyện Quế Phong, Tỉnh Nghệ An",
        "code": "16768",
        "parent_code": "415"
    },
    "16771": {
        "name": "Quang Phong",
        "type": "xa",
        "slug": "quang-phong",
        "name_with_type": "Xã Quang Phong",
        "path": "Quang Phong, Quế Phong, Nghệ An",
        "path_with_type": "Xã Quang Phong, Huyện Quế Phong, Tỉnh Nghệ An",
        "code": "16771",
        "parent_code": "415"
    },
    "16774": {
        "name": "Căm Muộn",
        "type": "xa",
        "slug": "cam-muon",
        "name_with_type": "Xã Căm Muộn",
        "path": "Căm Muộn, Quế Phong, Nghệ An",
        "path_with_type": "Xã Căm Muộn, Huyện Quế Phong, Tỉnh Nghệ An",
        "code": "16774",
        "parent_code": "415"
    }
}