{
    "16777": {
        "name": "Tân Lạc",
        "type": "thi-tran",
        "slug": "tan-lac",
        "name_with_type": "Thị trấn Tân Lạc",
        "path": "Tân Lạc, Quỳ Châu, Nghệ An",
        "path_with_type": "Thị trấn Tân Lạc, Huyện Quỳ Châu, Tỉnh Nghệ An",
        "code": "16777",
        "parent_code": "416"
    },
    "16780": {
        "name": "Châu Bính",
        "type": "xa",
        "slug": "chau-binh",
        "name_with_type": "Xã Châu Bính",
        "path": "Châu Bính, Quỳ Châu, Nghệ An",
        "path_with_type": "Xã Châu Bính, Huyện Quỳ Châu, Tỉnh Nghệ An",
        "code": "16780",
        "parent_code": "416"
    },
    "16783": {
        "name": "Châu Thuận",
        "type": "xa",
        "slug": "chau-thuan",
        "name_with_type": "Xã Châu Thuận",
        "path": "Châu Thuận, Quỳ Châu, Nghệ An",
        "path_with_type": "Xã Châu Thuận, Huyện Quỳ Châu, Tỉnh Nghệ An",
        "code": "16783",
        "parent_code": "416"
    },
    "16786": {
        "name": "Châu Hội",
        "type": "xa",
        "slug": "chau-hoi",
        "name_with_type": "Xã Châu Hội",
        "path": "Châu Hội, Quỳ Châu, Nghệ An",
        "path_with_type": "Xã Châu Hội, Huyện Quỳ Châu, Tỉnh Nghệ An",
        "code": "16786",
        "parent_code": "416"
    },
    "16789": {
        "name": "Châu Nga",
        "type": "xa",
        "slug": "chau-nga",
        "name_with_type": "Xã Châu Nga",
        "path": "Châu Nga, Quỳ Châu, Nghệ An",
        "path_with_type": "Xã Châu Nga, Huyện Quỳ Châu, Tỉnh Nghệ An",
        "code": "16789",
        "parent_code": "416"
    },
    "16792": {
        "name": "Châu Tiến",
        "type": "xa",
        "slug": "chau-tien",
        "name_with_type": "Xã Châu Tiến",
        "path": "Châu Tiến, Quỳ Châu, Nghệ An",
        "path_with_type": "Xã Châu Tiến, Huyện Quỳ Châu, Tỉnh Nghệ An",
        "code": "16792",
        "parent_code": "416"
    },
    "16795": {
        "name": "Châu Hạnh",
        "type": "xa",
        "slug": "chau-hanh",
        "name_with_type": "Xã Châu Hạnh",
        "path": "Châu Hạnh, Quỳ Châu, Nghệ An",
        "path_with_type": "Xã Châu Hạnh, Huyện Quỳ Châu, Tỉnh Nghệ An",
        "code": "16795",
        "parent_code": "416"
    },
    "16798": {
        "name": "Châu Thắng",
        "type": "xa",
        "slug": "chau-thang",
        "name_with_type": "Xã Châu Thắng",
        "path": "Châu Thắng, Quỳ Châu, Nghệ An",
        "path_with_type": "Xã Châu Thắng, Huyện Quỳ Châu, Tỉnh Nghệ An",
        "code": "16798",
        "parent_code": "416"
    },
    "16801": {
        "name": "Châu Phong",
        "type": "xa",
        "slug": "chau-phong",
        "name_with_type": "Xã Châu Phong",
        "path": "Châu Phong, Quỳ Châu, Nghệ An",
        "path_with_type": "Xã Châu Phong, Huyện Quỳ Châu, Tỉnh Nghệ An",
        "code": "16801",
        "parent_code": "416"
    },
    "16804": {
        "name": "Châu Bình",
        "type": "xa",
        "slug": "chau-binh",
        "name_with_type": "Xã Châu Bình",
        "path": "Châu Bình, Quỳ Châu, Nghệ An",
        "path_with_type": "Xã Châu Bình, Huyện Quỳ Châu, Tỉnh Nghệ An",
        "code": "16804",
        "parent_code": "416"
    },
    "16807": {
        "name": "Châu Hoàn",
        "type": "xa",
        "slug": "chau-hoan",
        "name_with_type": "Xã Châu Hoàn",
        "path": "Châu Hoàn, Quỳ Châu, Nghệ An",
        "path_with_type": "Xã Châu Hoàn, Huyện Quỳ Châu, Tỉnh Nghệ An",
        "code": "16807",
        "parent_code": "416"
    },
    "16810": {
        "name": "Diên Lãm",
        "type": "xa",
        "slug": "dien-lam",
        "name_with_type": "Xã Diên Lãm",
        "path": "Diên Lãm, Quỳ Châu, Nghệ An",
        "path_with_type": "Xã Diên Lãm, Huyện Quỳ Châu, Tỉnh Nghệ An",
        "code": "16810",
        "parent_code": "416"
    }
}