{
    "16813": {
        "name": "Mường Xén",
        "type": "thi-tran",
        "slug": "muong-xen",
        "name_with_type": "Thị trấn Mường Xén",
        "path": "Mường Xén, Kỳ Sơn, Nghệ An",
        "path_with_type": "Thị trấn Mường Xén, Huyện Kỳ Sơn, Tỉnh Nghệ An",
        "code": "16813",
        "parent_code": "417"
    },
    "16816": {
        "name": "Mỹ Lý",
        "type": "xa",
        "slug": "my-ly",
        "name_with_type": "Xã Mỹ Lý",
        "path": "Mỹ Lý, Kỳ Sơn, Nghệ An",
        "path_with_type": "Xã Mỹ Lý, Huyện Kỳ Sơn, Tỉnh Nghệ An",
        "code": "16816",
        "parent_code": "417"
    },
    "16819": {
        "name": "Bắc Lý",
        "type": "xa",
        "slug": "bac-ly",
        "name_with_type": "Xã Bắc Lý",
        "path": "Bắc Lý, Kỳ Sơn, Nghệ An",
        "path_with_type": "Xã Bắc Lý, Huyện Kỳ Sơn, Tỉnh Nghệ An",
        "code": "16819",
        "parent_code": "417"
    },
    "16822": {
        "name": "Keng Đu",
        "type": "xa",
        "slug": "keng-du",
        "name_with_type": "Xã Keng Đu",
        "path": "Keng Đu, Kỳ Sơn, Nghệ An",
        "path_with_type": "Xã Keng Đu, Huyện Kỳ Sơn, Tỉnh Nghệ An",
        "code": "16822",
        "parent_code": "417"
    },
    "16825": {
        "name": "Đoọc Mạy",
        "type": "xa",
        "slug": "dooc-may",
        "name_with_type": "Xã Đoọc Mạy",
        "path": "Đoọc Mạy, Kỳ Sơn, Nghệ An",
        "path_with_type": "Xã Đoọc Mạy, Huyện Kỳ Sơn, Tỉnh Nghệ An",
        "code": "16825",
        "parent_code": "417"
    },
    "16828": {
        "name": "Huồi Tụ",
        "type": "xa",
        "slug": "huoi-tu",
        "name_with_type": "Xã Huồi Tụ",
        "path": "Huồi Tụ, Kỳ Sơn, Nghệ An",
        "path_with_type": "Xã Huồi Tụ, Huyện Kỳ Sơn, Tỉnh Nghệ An",
        "code": "16828",
        "parent_code": "417"
    },
    "16831": {
        "name": "Mường Lống",
        "type": "xa",
        "slug": "muong-long",
        "name_with_type": "Xã Mường Lống",
        "path": "Mường Lống, Kỳ Sơn, Nghệ An",
        "path_with_type": "Xã Mường Lống, Huyện Kỳ Sơn, Tỉnh Nghệ An",
        "code": "16831",
        "parent_code": "417"
    },
    "16834": {
        "name": "Na Loi",
        "type": "xa",
        "slug": "na-loi",
        "name_with_type": "Xã Na Loi",
        "path": "Na Loi, Kỳ Sơn, Nghệ An",
        "path_with_type": "Xã Na Loi, Huyện Kỳ Sơn, Tỉnh Nghệ An",
        "code": "16834",
        "parent_code": "417"
    },
    "16837": {
        "name": "Nậm Cắn",
        "type": "xa",
        "slug": "nam-can",
        "name_with_type": "Xã Nậm Cắn",
        "path": "Nậm Cắn, Kỳ Sơn, Nghệ An",
        "path_with_type": "Xã Nậm Cắn, Huyện Kỳ Sơn, Tỉnh Nghệ An",
        "code": "16837",
        "parent_code": "417"
    },
    "16840": {
        "name": "Bảo Nam",
        "type": "xa",
        "slug": "bao-nam",
        "name_with_type": "Xã Bảo Nam",
        "path": "Bảo Nam, Kỳ Sơn, Nghệ An",
        "path_with_type": "Xã Bảo Nam, Huyện Kỳ Sơn, Tỉnh Nghệ An",
        "code": "16840",
        "parent_code": "417"
    },
    "16843": {
        "name": "Phà Đánh",
        "type": "xa",
        "slug": "pha-danh",
        "name_with_type": "Xã Phà Đánh",
        "path": "Phà Đánh, Kỳ Sơn, Nghệ An",
        "path_with_type": "Xã Phà Đánh, Huyện Kỳ Sơn, Tỉnh Nghệ An",
        "code": "16843",
        "parent_code": "417"
    },
    "16846": {
        "name": "Bảo Thắng",
        "type": "xa",
        "slug": "bao-thang",
        "name_with_type": "Xã Bảo Thắng",
        "path": "Bảo Thắng, Kỳ Sơn, Nghệ An",
        "path_with_type": "Xã Bảo Thắng, Huyện Kỳ Sơn, Tỉnh Nghệ An",
        "code": "16846",
        "parent_code": "417"
    },
    "16849": {
        "name": "Hữu Lập",
        "type": "xa",
        "slug": "huu-lap",
        "name_with_type": "Xã Hữu Lập",
        "path": "Hữu Lập, Kỳ Sơn, Nghệ An",
        "path_with_type": "Xã Hữu Lập, Huyện Kỳ Sơn, Tỉnh Nghệ An",
        "code": "16849",
        "parent_code": "417"
    },
    "16852": {
        "name": "Tà Cạ",
        "type": "xa",
        "slug": "ta-ca",
        "name_with_type": "Xã Tà Cạ",
        "path": "Tà Cạ, Kỳ Sơn, Nghệ An",
        "path_with_type": "Xã Tà Cạ, Huyện Kỳ Sơn, Tỉnh Nghệ An",
        "code": "16852",
        "parent_code": "417"
    },
    "16855": {
        "name": "Chiêu Lưu",
        "type": "xa",
        "slug": "chieu-luu",
        "name_with_type": "Xã Chiêu Lưu",
        "path": "Chiêu Lưu, Kỳ Sơn, Nghệ An",
        "path_with_type": "Xã Chiêu Lưu, Huyện Kỳ Sơn, Tỉnh Nghệ An",
        "code": "16855",
        "parent_code": "417"
    },
    "16858": {
        "name": "Mường Típ",
        "type": "xa",
        "slug": "muong-tip",
        "name_with_type": "Xã Mường Típ",
        "path": "Mường Típ, Kỳ Sơn, Nghệ An",
        "path_with_type": "Xã Mường Típ, Huyện Kỳ Sơn, Tỉnh Nghệ An",
        "code": "16858",
        "parent_code": "417"
    },
    "16861": {
        "name": "Hữu Kiệm",
        "type": "xa",
        "slug": "huu-kiem",
        "name_with_type": "Xã Hữu Kiệm",
        "path": "Hữu Kiệm, Kỳ Sơn, Nghệ An",
        "path_with_type": "Xã Hữu Kiệm, Huyện Kỳ Sơn, Tỉnh Nghệ An",
        "code": "16861",
        "parent_code": "417"
    },
    "16864": {
        "name": "Tây Sơn",
        "type": "xa",
        "slug": "tay-son",
        "name_with_type": "Xã Tây Sơn",
        "path": "Tây Sơn, Kỳ Sơn, Nghệ An",
        "path_with_type": "Xã Tây Sơn, Huyện Kỳ Sơn, Tỉnh Nghệ An",
        "code": "16864",
        "parent_code": "417"
    },
    "16867": {
        "name": "Mường Ải",
        "type": "xa",
        "slug": "muong-ai",
        "name_with_type": "Xã Mường Ải",
        "path": "Mường Ải, Kỳ Sơn, Nghệ An",
        "path_with_type": "Xã Mường Ải, Huyện Kỳ Sơn, Tỉnh Nghệ An",
        "code": "16867",
        "parent_code": "417"
    },
    "16870": {
        "name": "Na Ngoi",
        "type": "xa",
        "slug": "na-ngoi",
        "name_with_type": "Xã Na Ngoi",
        "path": "Na Ngoi, Kỳ Sơn, Nghệ An",
        "path_with_type": "Xã Na Ngoi, Huyện Kỳ Sơn, Tỉnh Nghệ An",
        "code": "16870",
        "parent_code": "417"
    },
    "16873": {
        "name": "Nậm Càn",
        "type": "xa",
        "slug": "nam-can",
        "name_with_type": "Xã Nậm Càn",
        "path": "Nậm Càn, Kỳ Sơn, Nghệ An",
        "path_with_type": "Xã Nậm Càn, Huyện Kỳ Sơn, Tỉnh Nghệ An",
        "code": "16873",
        "parent_code": "417"
    }
}