{
    "17098": {
        "name": "Cầu Giát",
        "type": "thi-tran",
        "slug": "cau-giat",
        "name_with_type": "Thị trấn Cầu Giát",
        "path": "Cầu Giát, Quỳnh Lưu, Nghệ An",
        "path_with_type": "Thị trấn Cầu Giát, Huyện Quỳnh Lưu, Tỉnh Nghệ An",
        "code": "17098",
        "parent_code": "421"
    },
    "17101": {
        "name": "Quỳnh Thắng",
        "type": "xa",
        "slug": "quynh-thang",
        "name_with_type": "Xã Quỳnh Thắng",
        "path": "Quỳnh Thắng, Quỳnh Lưu, Nghệ An",
        "path_with_type": "Xã Quỳnh Thắng, Huyện Quỳnh Lưu, Tỉnh Nghệ An",
        "code": "17101",
        "parent_code": "421"
    },
    "17119": {
        "name": "Quỳnh Tân",
        "type": "xa",
        "slug": "quynh-tan",
        "name_with_type": "Xã Quỳnh Tân",
        "path": "Quỳnh Tân, Quỳnh Lưu, Nghệ An",
        "path_with_type": "Xã Quỳnh Tân, Huyện Quỳnh Lưu, Tỉnh Nghệ An",
        "code": "17119",
        "parent_code": "421"
    },
    "17122": {
        "name": "Quỳnh Châu",
        "type": "xa",
        "slug": "quynh-chau",
        "name_with_type": "Xã Quỳnh Châu",
        "path": "Quỳnh Châu, Quỳnh Lưu, Nghệ An",
        "path_with_type": "Xã Quỳnh Châu, Huyện Quỳnh Lưu, Tỉnh Nghệ An",
        "code": "17122",
        "parent_code": "421"
    },
    "17140": {
        "name": "Tân Sơn",
        "type": "xa",
        "slug": "tan-son",
        "name_with_type": "Xã Tân Sơn",
        "path": "Tân Sơn, Quỳnh Lưu, Nghệ An",
        "path_with_type": "Xã Tân Sơn, Huyện Quỳnh Lưu, Tỉnh Nghệ An",
        "code": "17140",
        "parent_code": "421"
    },
    "17143": {
        "name": "Quỳnh Văn",
        "type": "xa",
        "slug": "quynh-van",
        "name_with_type": "Xã Quỳnh Văn",
        "path": "Quỳnh Văn, Quỳnh Lưu, Nghệ An",
        "path_with_type": "Xã Quỳnh Văn, Huyện Quỳnh Lưu, Tỉnh Nghệ An",
        "code": "17143",
        "parent_code": "421"
    },
    "17146": {
        "name": "Ngọc Sơn",
        "type": "xa",
        "slug": "ngoc-son",
        "name_with_type": "Xã Ngọc Sơn",
        "path": "Ngọc Sơn, Quỳnh Lưu, Nghệ An",
        "path_with_type": "Xã Ngọc Sơn, Huyện Quỳnh Lưu, Tỉnh Nghệ An",
        "code": "17146",
        "parent_code": "421"
    },
    "17149": {
        "name": "Quỳnh Tam",
        "type": "xa",
        "slug": "quynh-tam",
        "name_with_type": "Xã Quỳnh Tam",
        "path": "Quỳnh Tam, Quỳnh Lưu, Nghệ An",
        "path_with_type": "Xã Quỳnh Tam, Huyện Quỳnh Lưu, Tỉnh Nghệ An",
        "code": "17149",
        "parent_code": "421"
    },
    "17152": {
        "name": "Quỳnh Hoa",
        "type": "xa",
        "slug": "quynh-hoa",
        "name_with_type": "Xã Quỳnh Hoa",
        "path": "Quỳnh Hoa, Quỳnh Lưu, Nghệ An",
        "path_with_type": "Xã Quỳnh Hoa, Huyện Quỳnh Lưu, Tỉnh Nghệ An",
        "code": "17152",
        "parent_code": "421"
    },
    "17155": {
        "name": "Quỳnh Thạch",
        "type": "xa",
        "slug": "quynh-thach",
        "name_with_type": "Xã Quỳnh Thạch",
        "path": "Quỳnh Thạch, Quỳnh Lưu, Nghệ An",
        "path_with_type": "Xã Quỳnh Thạch, Huyện Quỳnh Lưu, Tỉnh Nghệ An",
        "code": "17155",
        "parent_code": "421"
    },
    "17158": {
        "name": "Quỳnh Bảng",
        "type": "xa",
        "slug": "quynh-bang",
        "name_with_type": "Xã Quỳnh Bảng",
        "path": "Quỳnh Bảng, Quỳnh Lưu, Nghệ An",
        "path_with_type": "Xã Quỳnh Bảng, Huyện Quỳnh Lưu, Tỉnh Nghệ An",
        "code": "17158",
        "parent_code": "421"
    },
    "17161": {
        "name": "Quỳnh Mỹ",
        "type": "xa",
        "slug": "quynh-my",
        "name_with_type": "Xã Quỳnh Mỹ",
        "path": "Quỳnh Mỹ, Quỳnh Lưu, Nghệ An",
        "path_with_type": "Xã Quỳnh Mỹ, Huyện Quỳnh Lưu, Tỉnh Nghệ An",
        "code": "17161",
        "parent_code": "421"
    },
    "17164": {
        "name": "Quỳnh Thanh",
        "type": "xa",
        "slug": "quynh-thanh",
        "name_with_type": "Xã Quỳnh Thanh",
        "path": "Quỳnh Thanh, Quỳnh Lưu, Nghệ An",
        "path_with_type": "Xã Quỳnh Thanh, Huyện Quỳnh Lưu, Tỉnh Nghệ An",
        "code": "17164",
        "parent_code": "421"
    },
    "17167": {
        "name": "Quỳnh Hậu",
        "type": "xa",
        "slug": "quynh-hau",
        "name_with_type": "Xã Quỳnh Hậu",
        "path": "Quỳnh Hậu, Quỳnh Lưu, Nghệ An",
        "path_with_type": "Xã Quỳnh Hậu, Huyện Quỳnh Lưu, Tỉnh Nghệ An",
        "code": "17167",
        "parent_code": "421"
    },
    "17170": {
        "name": "Quỳnh Lâm",
        "type": "xa",
        "slug": "quynh-lam",
        "name_with_type": "Xã Quỳnh Lâm",
        "path": "Quỳnh Lâm, Quỳnh Lưu, Nghệ An",
        "path_with_type": "Xã Quỳnh Lâm, Huyện Quỳnh Lưu, Tỉnh Nghệ An",
        "code": "17170",
        "parent_code": "421"
    },
    "17173": {
        "name": "Quỳnh Đôi",
        "type": "xa",
        "slug": "quynh-doi",
        "name_with_type": "Xã Quỳnh Đôi",
        "path": "Quỳnh Đôi, Quỳnh Lưu, Nghệ An",
        "path_with_type": "Xã Quỳnh Đôi, Huyện Quỳnh Lưu, Tỉnh Nghệ An",
        "code": "17173",
        "parent_code": "421"
    },
    "17176": {
        "name": "Quỳnh Lương",
        "type": "xa",
        "slug": "quynh-luong",
        "name_with_type": "Xã Quỳnh Lương",
        "path": "Quỳnh Lương, Quỳnh Lưu, Nghệ An",
        "path_with_type": "Xã Quỳnh Lương, Huyện Quỳnh Lưu, Tỉnh Nghệ An",
        "code": "17176",
        "parent_code": "421"
    },
    "17179": {
        "name": "Quỳnh Hồng",
        "type": "xa",
        "slug": "quynh-hong",
        "name_with_type": "Xã Quỳnh Hồng",
        "path": "Quỳnh Hồng, Quỳnh Lưu, Nghệ An",
        "path_with_type": "Xã Quỳnh Hồng, Huyện Quỳnh Lưu, Tỉnh Nghệ An",
        "code": "17179",
        "parent_code": "421"
    },
    "17182": {
        "name": "Quỳnh Yên",
        "type": "xa",
        "slug": "quynh-yen",
        "name_with_type": "Xã Quỳnh Yên",
        "path": "Quỳnh Yên, Quỳnh Lưu, Nghệ An",
        "path_with_type": "Xã Quỳnh Yên, Huyện Quỳnh Lưu, Tỉnh Nghệ An",
        "code": "17182",
        "parent_code": "421"
    },
    "17185": {
        "name": "Quỳnh Bá",
        "type": "xa",
        "slug": "quynh-ba",
        "name_with_type": "Xã Quỳnh Bá",
        "path": "Quỳnh Bá, Quỳnh Lưu, Nghệ An",
        "path_with_type": "Xã Quỳnh Bá, Huyện Quỳnh Lưu, Tỉnh Nghệ An",
        "code": "17185",
        "parent_code": "421"
    },
    "17188": {
        "name": "Quỳnh Minh",
        "type": "xa",
        "slug": "quynh-minh",
        "name_with_type": "Xã Quỳnh Minh",
        "path": "Quỳnh Minh, Quỳnh Lưu, Nghệ An",
        "path_with_type": "Xã Quỳnh Minh, Huyện Quỳnh Lưu, Tỉnh Nghệ An",
        "code": "17188",
        "parent_code": "421"
    },
    "17191": {
        "name": "Quỳnh Diễn",
        "type": "xa",
        "slug": "quynh-dien",
        "name_with_type": "Xã Quỳnh Diễn",
        "path": "Quỳnh Diễn, Quỳnh Lưu, Nghệ An",
        "path_with_type": "Xã Quỳnh Diễn, Huyện Quỳnh Lưu, Tỉnh Nghệ An",
        "code": "17191",
        "parent_code": "421"
    },
    "17194": {
        "name": "Quỳnh Hưng",
        "type": "xa",
        "slug": "quynh-hung",
        "name_with_type": "Xã Quỳnh Hưng",
        "path": "Quỳnh Hưng, Quỳnh Lưu, Nghệ An",
        "path_with_type": "Xã Quỳnh Hưng, Huyện Quỳnh Lưu, Tỉnh Nghệ An",
        "code": "17194",
        "parent_code": "421"
    },
    "17197": {
        "name": "Quỳnh Giang",
        "type": "xa",
        "slug": "quynh-giang",
        "name_with_type": "Xã Quỳnh Giang",
        "path": "Quỳnh Giang, Quỳnh Lưu, Nghệ An",
        "path_with_type": "Xã Quỳnh Giang, Huyện Quỳnh Lưu, Tỉnh Nghệ An",
        "code": "17197",
        "parent_code": "421"
    },
    "17200": {
        "name": "Quỳnh Ngọc",
        "type": "xa",
        "slug": "quynh-ngoc",
        "name_with_type": "Xã Quỳnh Ngọc",
        "path": "Quỳnh Ngọc, Quỳnh Lưu, Nghệ An",
        "path_with_type": "Xã Quỳnh Ngọc, Huyện Quỳnh Lưu, Tỉnh Nghệ An",
        "code": "17200",
        "parent_code": "421"
    },
    "17203": {
        "name": "Quỳnh Nghĩa",
        "type": "xa",
        "slug": "quynh-nghia",
        "name_with_type": "Xã Quỳnh Nghĩa",
        "path": "Quỳnh Nghĩa, Quỳnh Lưu, Nghệ An",
        "path_with_type": "Xã Quỳnh Nghĩa, Huyện Quỳnh Lưu, Tỉnh Nghệ An",
        "code": "17203",
        "parent_code": "421"
    },
    "17206": {
        "name": "An Hòa",
        "type": "xa",
        "slug": "an-hoa",
        "name_with_type": "Xã An Hòa",
        "path": "An Hòa, Quỳnh Lưu, Nghệ An",
        "path_with_type": "Xã An Hòa, Huyện Quỳnh Lưu, Tỉnh Nghệ An",
        "code": "17206",
        "parent_code": "421"
    },
    "17209": {
        "name": "Tiến Thủy",
        "type": "xa",
        "slug": "tien-thuy",
        "name_with_type": "Xã Tiến Thủy",
        "path": "Tiến Thủy, Quỳnh Lưu, Nghệ An",
        "path_with_type": "Xã Tiến Thủy, Huyện Quỳnh Lưu, Tỉnh Nghệ An",
        "code": "17209",
        "parent_code": "421"
    },
    "17212": {
        "name": "Sơn Hải",
        "type": "xa",
        "slug": "son-hai",
        "name_with_type": "Xã Sơn Hải",
        "path": "Sơn Hải, Quỳnh Lưu, Nghệ An",
        "path_with_type": "Xã Sơn Hải, Huyện Quỳnh Lưu, Tỉnh Nghệ An",
        "code": "17212",
        "parent_code": "421"
    },
    "17215": {
        "name": "Quỳnh Thọ",
        "type": "xa",
        "slug": "quynh-tho",
        "name_with_type": "Xã Quỳnh Thọ",
        "path": "Quỳnh Thọ, Quỳnh Lưu, Nghệ An",
        "path_with_type": "Xã Quỳnh Thọ, Huyện Quỳnh Lưu, Tỉnh Nghệ An",
        "code": "17215",
        "parent_code": "421"
    },
    "17218": {
        "name": "Quỳnh Thuận",
        "type": "xa",
        "slug": "quynh-thuan",
        "name_with_type": "Xã Quỳnh Thuận",
        "path": "Quỳnh Thuận, Quỳnh Lưu, Nghệ An",
        "path_with_type": "Xã Quỳnh Thuận, Huyện Quỳnh Lưu, Tỉnh Nghệ An",
        "code": "17218",
        "parent_code": "421"
    },
    "17221": {
        "name": "Quỳnh Long",
        "type": "xa",
        "slug": "quynh-long",
        "name_with_type": "Xã Quỳnh Long",
        "path": "Quỳnh Long, Quỳnh Lưu, Nghệ An",
        "path_with_type": "Xã Quỳnh Long, Huyện Quỳnh Lưu, Tỉnh Nghệ An",
        "code": "17221",
        "parent_code": "421"
    },
    "17224": {
        "name": "Tân Thắng",
        "type": "xa",
        "slug": "tan-thang",
        "name_with_type": "Xã Tân Thắng",
        "path": "Tân Thắng, Quỳnh Lưu, Nghệ An",
        "path_with_type": "Xã Tân Thắng, Huyện Quỳnh Lưu, Tỉnh Nghệ An",
        "code": "17224",
        "parent_code": "421"
    }
}