{
    "17266": {
        "name": "Tân Kỳ",
        "type": "thi-tran",
        "slug": "tan-ky",
        "name_with_type": "Thị trấn Tân Kỳ",
        "path": "Tân Kỳ, Tân Kỳ, Nghệ An",
        "path_with_type": "Thị trấn Tân Kỳ, Huyện Tân Kỳ, Tỉnh Nghệ An",
        "code": "17266",
        "parent_code": "423"
    },
    "17269": {
        "name": "Tân Hợp",
        "type": "xa",
        "slug": "tan-hop",
        "name_with_type": "Xã Tân Hợp",
        "path": "Tân Hợp, Tân Kỳ, Nghệ An",
        "path_with_type": "Xã Tân Hợp, Huyện Tân Kỳ, Tỉnh Nghệ An",
        "code": "17269",
        "parent_code": "423"
    },
    "17272": {
        "name": "Tân Phú",
        "type": "xa",
        "slug": "tan-phu",
        "name_with_type": "Xã Tân Phú",
        "path": "Tân Phú, Tân Kỳ, Nghệ An",
        "path_with_type": "Xã Tân Phú, Huyện Tân Kỳ, Tỉnh Nghệ An",
        "code": "17272",
        "parent_code": "423"
    },
    "17275": {
        "name": "Tân Xuân",
        "type": "xa",
        "slug": "tan-xuan",
        "name_with_type": "Xã Tân Xuân",
        "path": "Tân Xuân, Tân Kỳ, Nghệ An",
        "path_with_type": "Xã Tân Xuân, Huyện Tân Kỳ, Tỉnh Nghệ An",
        "code": "17275",
        "parent_code": "423"
    },
    "17278": {
        "name": "Giai Xuân",
        "type": "xa",
        "slug": "giai-xuan",
        "name_with_type": "Xã Giai Xuân",
        "path": "Giai Xuân, Tân Kỳ, Nghệ An",
        "path_with_type": "Xã Giai Xuân, Huyện Tân Kỳ, Tỉnh Nghệ An",
        "code": "17278",
        "parent_code": "423"
    },
    "17281": {
        "name": "Nghĩa Bình",
        "type": "xa",
        "slug": "nghia-binh",
        "name_with_type": "Xã Nghĩa Bình",
        "path": "Nghĩa Bình, Tân Kỳ, Nghệ An",
        "path_with_type": "Xã Nghĩa Bình, Huyện Tân Kỳ, Tỉnh Nghệ An",
        "code": "17281",
        "parent_code": "423"
    },
    "17284": {
        "name": "Nghĩa Đồng",
        "type": "xa",
        "slug": "nghia-dong",
        "name_with_type": "Xã Nghĩa Đồng",
        "path": "Nghĩa Đồng, Tân Kỳ, Nghệ An",
        "path_with_type": "Xã Nghĩa Đồng, Huyện Tân Kỳ, Tỉnh Nghệ An",
        "code": "17284",
        "parent_code": "423"
    },
    "17287": {
        "name": "Đồng Văn",
        "type": "xa",
        "slug": "dong-van",
        "name_with_type": "Xã Đồng Văn",
        "path": "Đồng Văn, Tân Kỳ, Nghệ An",
        "path_with_type": "Xã Đồng Văn, Huyện Tân Kỳ, Tỉnh Nghệ An",
        "code": "17287",
        "parent_code": "423"
    },
    "17290": {
        "name": "Nghĩa Thái",
        "type": "xa",
        "slug": "nghia-thai",
        "name_with_type": "Xã Nghĩa Thái",
        "path": "Nghĩa Thái, Tân Kỳ, Nghệ An",
        "path_with_type": "Xã Nghĩa Thái, Huyện Tân Kỳ, Tỉnh Nghệ An",
        "code": "17290",
        "parent_code": "423"
    },
    "17293": {
        "name": "Nghĩa Hợp",
        "type": "xa",
        "slug": "nghia-hop",
        "name_with_type": "Xã Nghĩa Hợp",
        "path": "Nghĩa Hợp, Tân Kỳ, Nghệ An",
        "path_with_type": "Xã Nghĩa Hợp, Huyện Tân Kỳ, Tỉnh Nghệ An",
        "code": "17293",
        "parent_code": "423"
    },
    "17296": {
        "name": "Nghĩa Hoàn",
        "type": "xa",
        "slug": "nghia-hoan",
        "name_with_type": "Xã Nghĩa Hoàn",
        "path": "Nghĩa Hoàn, Tân Kỳ, Nghệ An",
        "path_with_type": "Xã Nghĩa Hoàn, Huyện Tân Kỳ, Tỉnh Nghệ An",
        "code": "17296",
        "parent_code": "423"
    },
    "17299": {
        "name": "Nghĩa Phúc",
        "type": "xa",
        "slug": "nghia-phuc",
        "name_with_type": "Xã Nghĩa Phúc",
        "path": "Nghĩa Phúc, Tân Kỳ, Nghệ An",
        "path_with_type": "Xã Nghĩa Phúc, Huyện Tân Kỳ, Tỉnh Nghệ An",
        "code": "17299",
        "parent_code": "423"
    },
    "17302": {
        "name": "Tiên Kỳ",
        "type": "xa",
        "slug": "tien-ky",
        "name_with_type": "Xã Tiên Kỳ",
        "path": "Tiên Kỳ, Tân Kỳ, Nghệ An",
        "path_with_type": "Xã Tiên Kỳ, Huyện Tân Kỳ, Tỉnh Nghệ An",
        "code": "17302",
        "parent_code": "423"
    },
    "17305": {
        "name": "Tân An",
        "type": "xa",
        "slug": "tan-an",
        "name_with_type": "Xã Tân An",
        "path": "Tân An, Tân Kỳ, Nghệ An",
        "path_with_type": "Xã Tân An, Huyện Tân Kỳ, Tỉnh Nghệ An",
        "code": "17305",
        "parent_code": "423"
    },
    "17308": {
        "name": "Nghĩa Dũng",
        "type": "xa",
        "slug": "nghia-dung",
        "name_with_type": "Xã Nghĩa Dũng",
        "path": "Nghĩa Dũng, Tân Kỳ, Nghệ An",
        "path_with_type": "Xã Nghĩa Dũng, Huyện Tân Kỳ, Tỉnh Nghệ An",
        "code": "17308",
        "parent_code": "423"
    },
    "17311": {
        "name": "Tân Long",
        "type": "xa",
        "slug": "tan-long",
        "name_with_type": "Xã Tân Long",
        "path": "Tân Long, Tân Kỳ, Nghệ An",
        "path_with_type": "Xã Tân Long, Huyện Tân Kỳ, Tỉnh Nghệ An",
        "code": "17311",
        "parent_code": "423"
    },
    "17314": {
        "name": "Kỳ Sơn",
        "type": "xa",
        "slug": "ky-son",
        "name_with_type": "Xã Kỳ Sơn",
        "path": "Kỳ Sơn, Tân Kỳ, Nghệ An",
        "path_with_type": "Xã Kỳ Sơn, Huyện Tân Kỳ, Tỉnh Nghệ An",
        "code": "17314",
        "parent_code": "423"
    },
    "17317": {
        "name": "Hương Sơn",
        "type": "xa",
        "slug": "huong-son",
        "name_with_type": "Xã Hương Sơn",
        "path": "Hương Sơn, Tân Kỳ, Nghệ An",
        "path_with_type": "Xã Hương Sơn, Huyện Tân Kỳ, Tỉnh Nghệ An",
        "code": "17317",
        "parent_code": "423"
    },
    "17320": {
        "name": "Kỳ Tân",
        "type": "xa",
        "slug": "ky-tan",
        "name_with_type": "Xã Kỳ Tân",
        "path": "Kỳ Tân, Tân Kỳ, Nghệ An",
        "path_with_type": "Xã Kỳ Tân, Huyện Tân Kỳ, Tỉnh Nghệ An",
        "code": "17320",
        "parent_code": "423"
    },
    "17323": {
        "name": "Phú Sơn",
        "type": "xa",
        "slug": "phu-son",
        "name_with_type": "Xã Phú Sơn",
        "path": "Phú Sơn, Tân Kỳ, Nghệ An",
        "path_with_type": "Xã Phú Sơn, Huyện Tân Kỳ, Tỉnh Nghệ An",
        "code": "17323",
        "parent_code": "423"
    },
    "17325": {
        "name": "Tân Hương",
        "type": "xa",
        "slug": "tan-huong",
        "name_with_type": "Xã Tân Hương",
        "path": "Tân Hương, Tân Kỳ, Nghệ An",
        "path_with_type": "Xã Tân Hương, Huyện Tân Kỳ, Tỉnh Nghệ An",
        "code": "17325",
        "parent_code": "423"
    },
    "17326": {
        "name": "Nghĩa Hành",
        "type": "xa",
        "slug": "nghia-hanh",
        "name_with_type": "Xã Nghĩa Hành",
        "path": "Nghĩa Hành, Tân Kỳ, Nghệ An",
        "path_with_type": "Xã Nghĩa Hành, Huyện Tân Kỳ, Tỉnh Nghệ An",
        "code": "17326",
        "parent_code": "423"
    }
}