{
    "17329": {
        "name": "Anh Sơn",
        "type": "thi-tran",
        "slug": "anh-son",
        "name_with_type": "Thị trấn Anh Sơn",
        "path": "Anh Sơn, Anh Sơn, Nghệ An",
        "path_with_type": "Thị trấn Anh Sơn, Huyện Anh Sơn, Tỉnh Nghệ An",
        "code": "17329",
        "parent_code": "424"
    },
    "17332": {
        "name": "Thọ Sơn",
        "type": "xa",
        "slug": "tho-son",
        "name_with_type": "Xã Thọ Sơn",
        "path": "Thọ Sơn, Anh Sơn, Nghệ An",
        "path_with_type": "Xã Thọ Sơn, Huyện Anh Sơn, Tỉnh Nghệ An",
        "code": "17332",
        "parent_code": "424"
    },
    "17335": {
        "name": "Thành Sơn",
        "type": "xa",
        "slug": "thanh-son",
        "name_with_type": "Xã Thành Sơn",
        "path": "Thành Sơn, Anh Sơn, Nghệ An",
        "path_with_type": "Xã Thành Sơn, Huyện Anh Sơn, Tỉnh Nghệ An",
        "code": "17335",
        "parent_code": "424"
    },
    "17338": {
        "name": "Bình Sơn",
        "type": "xa",
        "slug": "binh-son",
        "name_with_type": "Xã Bình Sơn",
        "path": "Bình Sơn, Anh Sơn, Nghệ An",
        "path_with_type": "Xã Bình Sơn, Huyện Anh Sơn, Tỉnh Nghệ An",
        "code": "17338",
        "parent_code": "424"
    },
    "17341": {
        "name": "Tam Sơn",
        "type": "xa",
        "slug": "tam-son",
        "name_with_type": "Xã Tam Sơn",
        "path": "Tam Sơn, Anh Sơn, Nghệ An",
        "path_with_type": "Xã Tam Sơn, Huyện Anh Sơn, Tỉnh Nghệ An",
        "code": "17341",
        "parent_code": "424"
    },
    "17344": {
        "name": "Đỉnh Sơn",
        "type": "xa",
        "slug": "dinh-son",
        "name_with_type": "Xã Đỉnh Sơn",
        "path": "Đỉnh Sơn, Anh Sơn, Nghệ An",
        "path_with_type": "Xã Đỉnh Sơn, Huyện Anh Sơn, Tỉnh Nghệ An",
        "code": "17344",
        "parent_code": "424"
    },
    "17347": {
        "name": "Hùng Sơn",
        "type": "xa",
        "slug": "hung-son",
        "name_with_type": "Xã Hùng Sơn",
        "path": "Hùng Sơn, Anh Sơn, Nghệ An",
        "path_with_type": "Xã Hùng Sơn, Huyện Anh Sơn, Tỉnh Nghệ An",
        "code": "17347",
        "parent_code": "424"
    },
    "17350": {
        "name": "Cẩm Sơn",
        "type": "xa",
        "slug": "cam-son",
        "name_with_type": "Xã Cẩm Sơn",
        "path": "Cẩm Sơn, Anh Sơn, Nghệ An",
        "path_with_type": "Xã Cẩm Sơn, Huyện Anh Sơn, Tỉnh Nghệ An",
        "code": "17350",
        "parent_code": "424"
    },
    "17353": {
        "name": "Đức Sơn",
        "type": "xa",
        "slug": "duc-son",
        "name_with_type": "Xã Đức Sơn",
        "path": "Đức Sơn, Anh Sơn, Nghệ An",
        "path_with_type": "Xã Đức Sơn, Huyện Anh Sơn, Tỉnh Nghệ An",
        "code": "17353",
        "parent_code": "424"
    },
    "17356": {
        "name": "Tường Sơn",
        "type": "xa",
        "slug": "tuong-son",
        "name_with_type": "Xã Tường Sơn",
        "path": "Tường Sơn, Anh Sơn, Nghệ An",
        "path_with_type": "Xã Tường Sơn, Huyện Anh Sơn, Tỉnh Nghệ An",
        "code": "17356",
        "parent_code": "424"
    },
    "17357": {
        "name": "Hoa Sơn",
        "type": "xa",
        "slug": "hoa-son",
        "name_with_type": "Xã Hoa Sơn",
        "path": "Hoa Sơn, Anh Sơn, Nghệ An",
        "path_with_type": "Xã Hoa Sơn, Huyện Anh Sơn, Tỉnh Nghệ An",
        "code": "17357",
        "parent_code": "424"
    },
    "17359": {
        "name": "Tào Sơn",
        "type": "xa",
        "slug": "tao-son",
        "name_with_type": "Xã Tào Sơn",
        "path": "Tào Sơn, Anh Sơn, Nghệ An",
        "path_with_type": "Xã Tào Sơn, Huyện Anh Sơn, Tỉnh Nghệ An",
        "code": "17359",
        "parent_code": "424"
    },
    "17362": {
        "name": "Vĩnh Sơn",
        "type": "xa",
        "slug": "vinh-son",
        "name_with_type": "Xã Vĩnh Sơn",
        "path": "Vĩnh Sơn, Anh Sơn, Nghệ An",
        "path_with_type": "Xã Vĩnh Sơn, Huyện Anh Sơn, Tỉnh Nghệ An",
        "code": "17362",
        "parent_code": "424"
    },
    "17365": {
        "name": "Lạng Sơn",
        "type": "xa",
        "slug": "lang-son",
        "name_with_type": "Xã Lạng Sơn",
        "path": "Lạng Sơn, Anh Sơn, Nghệ An",
        "path_with_type": "Xã Lạng Sơn, Huyện Anh Sơn, Tỉnh Nghệ An",
        "code": "17365",
        "parent_code": "424"
    },
    "17368": {
        "name": "Hội Sơn",
        "type": "xa",
        "slug": "hoi-son",
        "name_with_type": "Xã Hội Sơn",
        "path": "Hội Sơn, Anh Sơn, Nghệ An",
        "path_with_type": "Xã Hội Sơn, Huyện Anh Sơn, Tỉnh Nghệ An",
        "code": "17368",
        "parent_code": "424"
    },
    "17371": {
        "name": "Thạch Sơn",
        "type": "xa",
        "slug": "thach-son",
        "name_with_type": "Xã Thạch Sơn",
        "path": "Thạch Sơn, Anh Sơn, Nghệ An",
        "path_with_type": "Xã Thạch Sơn, Huyện Anh Sơn, Tỉnh Nghệ An",
        "code": "17371",
        "parent_code": "424"
    },
    "17374": {
        "name": "Phúc Sơn",
        "type": "xa",
        "slug": "phuc-son",
        "name_with_type": "Xã Phúc Sơn",
        "path": "Phúc Sơn, Anh Sơn, Nghệ An",
        "path_with_type": "Xã Phúc Sơn, Huyện Anh Sơn, Tỉnh Nghệ An",
        "code": "17374",
        "parent_code": "424"
    },
    "17377": {
        "name": "Long Sơn",
        "type": "xa",
        "slug": "long-son",
        "name_with_type": "Xã Long Sơn",
        "path": "Long Sơn, Anh Sơn, Nghệ An",
        "path_with_type": "Xã Long Sơn, Huyện Anh Sơn, Tỉnh Nghệ An",
        "code": "17377",
        "parent_code": "424"
    },
    "17380": {
        "name": "Khai Sơn",
        "type": "xa",
        "slug": "khai-son",
        "name_with_type": "Xã Khai Sơn",
        "path": "Khai Sơn, Anh Sơn, Nghệ An",
        "path_with_type": "Xã Khai Sơn, Huyện Anh Sơn, Tỉnh Nghệ An",
        "code": "17380",
        "parent_code": "424"
    },
    "17383": {
        "name": "Lĩnh Sơn",
        "type": "xa",
        "slug": "linh-son",
        "name_with_type": "Xã Lĩnh Sơn",
        "path": "Lĩnh Sơn, Anh Sơn, Nghệ An",
        "path_with_type": "Xã Lĩnh Sơn, Huyện Anh Sơn, Tỉnh Nghệ An",
        "code": "17383",
        "parent_code": "424"
    },
    "17386": {
        "name": "Cao Sơn",
        "type": "xa",
        "slug": "cao-son",
        "name_with_type": "Xã Cao Sơn",
        "path": "Cao Sơn, Anh Sơn, Nghệ An",
        "path_with_type": "Xã Cao Sơn, Huyện Anh Sơn, Tỉnh Nghệ An",
        "code": "17386",
        "parent_code": "424"
    }
}