{
    "17389": {
        "name": "Diễn Châu",
        "type": "thi-tran",
        "slug": "dien-chau",
        "name_with_type": "Thị trấn Diễn Châu",
        "path": "Diễn Châu, Diễn Châu, Nghệ An",
        "path_with_type": "Thị trấn Diễn Châu, Huyện Diễn Châu, Tỉnh Nghệ An",
        "code": "17389",
        "parent_code": "425"
    },
    "17392": {
        "name": "Diễn Lâm",
        "type": "xa",
        "slug": "dien-lam",
        "name_with_type": "Xã Diễn Lâm",
        "path": "Diễn Lâm, Diễn Châu, Nghệ An",
        "path_with_type": "Xã Diễn Lâm, Huyện Diễn Châu, Tỉnh Nghệ An",
        "code": "17392",
        "parent_code": "425"
    },
    "17395": {
        "name": "Diễn Đoài",
        "type": "xa",
        "slug": "dien-doai",
        "name_with_type": "Xã Diễn Đoài",
        "path": "Diễn Đoài, Diễn Châu, Nghệ An",
        "path_with_type": "Xã Diễn Đoài, Huyện Diễn Châu, Tỉnh Nghệ An",
        "code": "17395",
        "parent_code": "425"
    },
    "17398": {
        "name": "Diễn Trường",
        "type": "xa",
        "slug": "dien-truong",
        "name_with_type": "Xã Diễn Trường",
        "path": "Diễn Trường, Diễn Châu, Nghệ An",
        "path_with_type": "Xã Diễn Trường, Huyện Diễn Châu, Tỉnh Nghệ An",
        "code": "17398",
        "parent_code": "425"
    },
    "17401": {
        "name": "Diễn Yên",
        "type": "xa",
        "slug": "dien-yen",
        "name_with_type": "Xã Diễn Yên",
        "path": "Diễn Yên, Diễn Châu, Nghệ An",
        "path_with_type": "Xã Diễn Yên, Huyện Diễn Châu, Tỉnh Nghệ An",
        "code": "17401",
        "parent_code": "425"
    },
    "17404": {
        "name": "Diễn Hoàng",
        "type": "xa",
        "slug": "dien-hoang",
        "name_with_type": "Xã Diễn Hoàng",
        "path": "Diễn Hoàng, Diễn Châu, Nghệ An",
        "path_with_type": "Xã Diễn Hoàng, Huyện Diễn Châu, Tỉnh Nghệ An",
        "code": "17404",
        "parent_code": "425"
    },
    "17407": {
        "name": "Diễn Hùng",
        "type": "xa",
        "slug": "dien-hung",
        "name_with_type": "Xã Diễn Hùng",
        "path": "Diễn Hùng, Diễn Châu, Nghệ An",
        "path_with_type": "Xã Diễn Hùng, Huyện Diễn Châu, Tỉnh Nghệ An",
        "code": "17407",
        "parent_code": "425"
    },
    "17410": {
        "name": "Diễn Mỹ",
        "type": "xa",
        "slug": "dien-my",
        "name_with_type": "Xã Diễn Mỹ",
        "path": "Diễn Mỹ, Diễn Châu, Nghệ An",
        "path_with_type": "Xã Diễn Mỹ, Huyện Diễn Châu, Tỉnh Nghệ An",
        "code": "17410",
        "parent_code": "425"
    },
    "17413": {
        "name": "Diễn Hồng",
        "type": "xa",
        "slug": "dien-hong",
        "name_with_type": "Xã Diễn Hồng",
        "path": "Diễn Hồng, Diễn Châu, Nghệ An",
        "path_with_type": "Xã Diễn Hồng, Huyện Diễn Châu, Tỉnh Nghệ An",
        "code": "17413",
        "parent_code": "425"
    },
    "17416": {
        "name": "Diễn Phong",
        "type": "xa",
        "slug": "dien-phong",
        "name_with_type": "Xã Diễn Phong",
        "path": "Diễn Phong, Diễn Châu, Nghệ An",
        "path_with_type": "Xã Diễn Phong, Huyện Diễn Châu, Tỉnh Nghệ An",
        "code": "17416",
        "parent_code": "425"
    },
    "17419": {
        "name": "Diễn Hải",
        "type": "xa",
        "slug": "dien-hai",
        "name_with_type": "Xã Diễn Hải",
        "path": "Diễn Hải, Diễn Châu, Nghệ An",
        "path_with_type": "Xã Diễn Hải, Huyện Diễn Châu, Tỉnh Nghệ An",
        "code": "17419",
        "parent_code": "425"
    },
    "17422": {
        "name": "Diễn Tháp",
        "type": "xa",
        "slug": "dien-thap",
        "name_with_type": "Xã Diễn Tháp",
        "path": "Diễn Tháp, Diễn Châu, Nghệ An",
        "path_with_type": "Xã Diễn Tháp, Huyện Diễn Châu, Tỉnh Nghệ An",
        "code": "17422",
        "parent_code": "425"
    },
    "17425": {
        "name": "Diễn Liên",
        "type": "xa",
        "slug": "dien-lien",
        "name_with_type": "Xã Diễn Liên",
        "path": "Diễn Liên, Diễn Châu, Nghệ An",
        "path_with_type": "Xã Diễn Liên, Huyện Diễn Châu, Tỉnh Nghệ An",
        "code": "17425",
        "parent_code": "425"
    },
    "17428": {
        "name": "Diễn Vạn",
        "type": "xa",
        "slug": "dien-van",
        "name_with_type": "Xã Diễn Vạn",
        "path": "Diễn Vạn, Diễn Châu, Nghệ An",
        "path_with_type": "Xã Diễn Vạn, Huyện Diễn Châu, Tỉnh Nghệ An",
        "code": "17428",
        "parent_code": "425"
    },
    "17431": {
        "name": "Diễn Kim",
        "type": "xa",
        "slug": "dien-kim",
        "name_with_type": "Xã Diễn Kim",
        "path": "Diễn Kim, Diễn Châu, Nghệ An",
        "path_with_type": "Xã Diễn Kim, Huyện Diễn Châu, Tỉnh Nghệ An",
        "code": "17431",
        "parent_code": "425"
    },
    "17434": {
        "name": "Diễn Kỷ",
        "type": "xa",
        "slug": "dien-ky",
        "name_with_type": "Xã Diễn Kỷ",
        "path": "Diễn Kỷ, Diễn Châu, Nghệ An",
        "path_with_type": "Xã Diễn Kỷ, Huyện Diễn Châu, Tỉnh Nghệ An",
        "code": "17434",
        "parent_code": "425"
    },
    "17437": {
        "name": "Diễn Xuân",
        "type": "xa",
        "slug": "dien-xuan",
        "name_with_type": "Xã Diễn Xuân",
        "path": "Diễn Xuân, Diễn Châu, Nghệ An",
        "path_with_type": "Xã Diễn Xuân, Huyện Diễn Châu, Tỉnh Nghệ An",
        "code": "17437",
        "parent_code": "425"
    },
    "17440": {
        "name": "Diễn Thái",
        "type": "xa",
        "slug": "dien-thai",
        "name_with_type": "Xã Diễn Thái",
        "path": "Diễn Thái, Diễn Châu, Nghệ An",
        "path_with_type": "Xã Diễn Thái, Huyện Diễn Châu, Tỉnh Nghệ An",
        "code": "17440",
        "parent_code": "425"
    },
    "17443": {
        "name": "Diễn Đồng",
        "type": "xa",
        "slug": "dien-dong",
        "name_with_type": "Xã Diễn Đồng",
        "path": "Diễn Đồng, Diễn Châu, Nghệ An",
        "path_with_type": "Xã Diễn Đồng, Huyện Diễn Châu, Tỉnh Nghệ An",
        "code": "17443",
        "parent_code": "425"
    },
    "17446": {
        "name": "Diễn Bích",
        "type": "xa",
        "slug": "dien-bich",
        "name_with_type": "Xã Diễn Bích",
        "path": "Diễn Bích, Diễn Châu, Nghệ An",
        "path_with_type": "Xã Diễn Bích, Huyện Diễn Châu, Tỉnh Nghệ An",
        "code": "17446",
        "parent_code": "425"
    },
    "17449": {
        "name": "Diễn Hạnh",
        "type": "xa",
        "slug": "dien-hanh",
        "name_with_type": "Xã Diễn Hạnh",
        "path": "Diễn Hạnh, Diễn Châu, Nghệ An",
        "path_with_type": "Xã Diễn Hạnh, Huyện Diễn Châu, Tỉnh Nghệ An",
        "code": "17449",
        "parent_code": "425"
    },
    "17452": {
        "name": "Diễn Ngọc",
        "type": "xa",
        "slug": "dien-ngoc",
        "name_with_type": "Xã Diễn Ngọc",
        "path": "Diễn Ngọc, Diễn Châu, Nghệ An",
        "path_with_type": "Xã Diễn Ngọc, Huyện Diễn Châu, Tỉnh Nghệ An",
        "code": "17452",
        "parent_code": "425"
    },
    "17455": {
        "name": "Diễn Quảng",
        "type": "xa",
        "slug": "dien-quang",
        "name_with_type": "Xã Diễn Quảng",
        "path": "Diễn Quảng, Diễn Châu, Nghệ An",
        "path_with_type": "Xã Diễn Quảng, Huyện Diễn Châu, Tỉnh Nghệ An",
        "code": "17455",
        "parent_code": "425"
    },
    "17458": {
        "name": "Diễn Nguyên",
        "type": "xa",
        "slug": "dien-nguyen",
        "name_with_type": "Xã Diễn Nguyên",
        "path": "Diễn Nguyên, Diễn Châu, Nghệ An",
        "path_with_type": "Xã Diễn Nguyên, Huyện Diễn Châu, Tỉnh Nghệ An",
        "code": "17458",
        "parent_code": "425"
    },
    "17461": {
        "name": "Diễn Hoa",
        "type": "xa",
        "slug": "dien-hoa",
        "name_with_type": "Xã Diễn Hoa",
        "path": "Diễn Hoa, Diễn Châu, Nghệ An",
        "path_with_type": "Xã Diễn Hoa, Huyện Diễn Châu, Tỉnh Nghệ An",
        "code": "17461",
        "parent_code": "425"
    },
    "17464": {
        "name": "Diễn Thành",
        "type": "xa",
        "slug": "dien-thanh",
        "name_with_type": "Xã Diễn Thành",
        "path": "Diễn Thành, Diễn Châu, Nghệ An",
        "path_with_type": "Xã Diễn Thành, Huyện Diễn Châu, Tỉnh Nghệ An",
        "code": "17464",
        "parent_code": "425"
    },
    "17467": {
        "name": "Diễn Phúc",
        "type": "xa",
        "slug": "dien-phuc",
        "name_with_type": "Xã Diễn Phúc",
        "path": "Diễn Phúc, Diễn Châu, Nghệ An",
        "path_with_type": "Xã Diễn Phúc, Huyện Diễn Châu, Tỉnh Nghệ An",
        "code": "17467",
        "parent_code": "425"
    },
    "17476": {
        "name": "Diễn Cát",
        "type": "xa",
        "slug": "dien-cat",
        "name_with_type": "Xã Diễn Cát",
        "path": "Diễn Cát, Diễn Châu, Nghệ An",
        "path_with_type": "Xã Diễn Cát, Huyện Diễn Châu, Tỉnh Nghệ An",
        "code": "17476",
        "parent_code": "425"
    },
    "17479": {
        "name": "Diễn Thịnh",
        "type": "xa",
        "slug": "dien-thinh",
        "name_with_type": "Xã Diễn Thịnh",
        "path": "Diễn Thịnh, Diễn Châu, Nghệ An",
        "path_with_type": "Xã Diễn Thịnh, Huyện Diễn Châu, Tỉnh Nghệ An",
        "code": "17479",
        "parent_code": "425"
    },
    "17482": {
        "name": "Diễn Tân",
        "type": "xa",
        "slug": "dien-tan",
        "name_with_type": "Xã Diễn Tân",
        "path": "Diễn Tân, Diễn Châu, Nghệ An",
        "path_with_type": "Xã Diễn Tân, Huyện Diễn Châu, Tỉnh Nghệ An",
        "code": "17482",
        "parent_code": "425"
    },
    "17485": {
        "name": "Minh Châu",
        "type": "xa",
        "slug": "minh-chau",
        "name_with_type": "Xã Minh Châu",
        "path": "Minh Châu, Diễn Châu, Nghệ An",
        "path_with_type": "Xã Minh Châu, Huyện Diễn Châu, Tỉnh Nghệ An",
        "code": "17485",
        "parent_code": "425"
    },
    "17488": {
        "name": "Diễn Thọ",
        "type": "xa",
        "slug": "dien-tho",
        "name_with_type": "Xã Diễn Thọ",
        "path": "Diễn Thọ, Diễn Châu, Nghệ An",
        "path_with_type": "Xã Diễn Thọ, Huyện Diễn Châu, Tỉnh Nghệ An",
        "code": "17488",
        "parent_code": "425"
    },
    "17491": {
        "name": "Diễn Lợi",
        "type": "xa",
        "slug": "dien-loi",
        "name_with_type": "Xã Diễn Lợi",
        "path": "Diễn Lợi, Diễn Châu, Nghệ An",
        "path_with_type": "Xã Diễn Lợi, Huyện Diễn Châu, Tỉnh Nghệ An",
        "code": "17491",
        "parent_code": "425"
    },
    "17494": {
        "name": "Diễn Lộc",
        "type": "xa",
        "slug": "dien-loc",
        "name_with_type": "Xã Diễn Lộc",
        "path": "Diễn Lộc, Diễn Châu, Nghệ An",
        "path_with_type": "Xã Diễn Lộc, Huyện Diễn Châu, Tỉnh Nghệ An",
        "code": "17494",
        "parent_code": "425"
    },
    "17497": {
        "name": "Diễn Trung",
        "type": "xa",
        "slug": "dien-trung",
        "name_with_type": "Xã Diễn Trung",
        "path": "Diễn Trung, Diễn Châu, Nghệ An",
        "path_with_type": "Xã Diễn Trung, Huyện Diễn Châu, Tỉnh Nghệ An",
        "code": "17497",
        "parent_code": "425"
    },
    "17500": {
        "name": "Diễn An",
        "type": "xa",
        "slug": "dien-an",
        "name_with_type": "Xã Diễn An",
        "path": "Diễn An, Diễn Châu, Nghệ An",
        "path_with_type": "Xã Diễn An, Huyện Diễn Châu, Tỉnh Nghệ An",
        "code": "17500",
        "parent_code": "425"
    },
    "17503": {
        "name": "Diễn Phú",
        "type": "xa",
        "slug": "dien-phu",
        "name_with_type": "Xã Diễn Phú",
        "path": "Diễn Phú, Diễn Châu, Nghệ An",
        "path_with_type": "Xã Diễn Phú, Huyện Diễn Châu, Tỉnh Nghệ An",
        "code": "17503",
        "parent_code": "425"
    }
}