{
    "17827": {
        "name": "Quán Hành",
        "type": "thi-tran",
        "slug": "quan-hanh",
        "name_with_type": "Thị trấn Quán Hành",
        "path": "Quán Hành, Nghi Lộc, Nghệ An",
        "path_with_type": "Thị trấn Quán Hành, Huyện Nghi Lộc, Tỉnh Nghệ An",
        "code": "17827",
        "parent_code": "429"
    },
    "17830": {
        "name": "Nghi Văn",
        "type": "xa",
        "slug": "nghi-van",
        "name_with_type": "Xã Nghi Văn",
        "path": "Nghi Văn, Nghi Lộc, Nghệ An",
        "path_with_type": "Xã Nghi Văn, Huyện Nghi Lộc, Tỉnh Nghệ An",
        "code": "17830",
        "parent_code": "429"
    },
    "17833": {
        "name": "Nghi Yên",
        "type": "xa",
        "slug": "nghi-yen",
        "name_with_type": "Xã Nghi Yên",
        "path": "Nghi Yên, Nghi Lộc, Nghệ An",
        "path_with_type": "Xã Nghi Yên, Huyện Nghi Lộc, Tỉnh Nghệ An",
        "code": "17833",
        "parent_code": "429"
    },
    "17836": {
        "name": "Nghi Tiến",
        "type": "xa",
        "slug": "nghi-tien",
        "name_with_type": "Xã Nghi Tiến",
        "path": "Nghi Tiến, Nghi Lộc, Nghệ An",
        "path_with_type": "Xã Nghi Tiến, Huyện Nghi Lộc, Tỉnh Nghệ An",
        "code": "17836",
        "parent_code": "429"
    },
    "17839": {
        "name": "Nghi Hưng",
        "type": "xa",
        "slug": "nghi-hung",
        "name_with_type": "Xã Nghi Hưng",
        "path": "Nghi Hưng, Nghi Lộc, Nghệ An",
        "path_with_type": "Xã Nghi Hưng, Huyện Nghi Lộc, Tỉnh Nghệ An",
        "code": "17839",
        "parent_code": "429"
    },
    "17842": {
        "name": "Nghi Đồng",
        "type": "xa",
        "slug": "nghi-dong",
        "name_with_type": "Xã Nghi Đồng",
        "path": "Nghi Đồng, Nghi Lộc, Nghệ An",
        "path_with_type": "Xã Nghi Đồng, Huyện Nghi Lộc, Tỉnh Nghệ An",
        "code": "17842",
        "parent_code": "429"
    },
    "17845": {
        "name": "Nghi Thiết",
        "type": "xa",
        "slug": "nghi-thiet",
        "name_with_type": "Xã Nghi Thiết",
        "path": "Nghi Thiết, Nghi Lộc, Nghệ An",
        "path_with_type": "Xã Nghi Thiết, Huyện Nghi Lộc, Tỉnh Nghệ An",
        "code": "17845",
        "parent_code": "429"
    },
    "17848": {
        "name": "Nghi Lâm",
        "type": "xa",
        "slug": "nghi-lam",
        "name_with_type": "Xã Nghi Lâm",
        "path": "Nghi Lâm, Nghi Lộc, Nghệ An",
        "path_with_type": "Xã Nghi Lâm, Huyện Nghi Lộc, Tỉnh Nghệ An",
        "code": "17848",
        "parent_code": "429"
    },
    "17851": {
        "name": "Nghi Quang",
        "type": "xa",
        "slug": "nghi-quang",
        "name_with_type": "Xã Nghi Quang",
        "path": "Nghi Quang, Nghi Lộc, Nghệ An",
        "path_with_type": "Xã Nghi Quang, Huyện Nghi Lộc, Tỉnh Nghệ An",
        "code": "17851",
        "parent_code": "429"
    },
    "17854": {
        "name": "Nghi Kiều",
        "type": "xa",
        "slug": "nghi-kieu",
        "name_with_type": "Xã Nghi Kiều",
        "path": "Nghi Kiều, Nghi Lộc, Nghệ An",
        "path_with_type": "Xã Nghi Kiều, Huyện Nghi Lộc, Tỉnh Nghệ An",
        "code": "17854",
        "parent_code": "429"
    },
    "17857": {
        "name": "Nghi Mỹ",
        "type": "xa",
        "slug": "nghi-my",
        "name_with_type": "Xã Nghi Mỹ",
        "path": "Nghi Mỹ, Nghi Lộc, Nghệ An",
        "path_with_type": "Xã Nghi Mỹ, Huyện Nghi Lộc, Tỉnh Nghệ An",
        "code": "17857",
        "parent_code": "429"
    },
    "17860": {
        "name": "Nghi Phương",
        "type": "xa",
        "slug": "nghi-phuong",
        "name_with_type": "Xã Nghi Phương",
        "path": "Nghi Phương, Nghi Lộc, Nghệ An",
        "path_with_type": "Xã Nghi Phương, Huyện Nghi Lộc, Tỉnh Nghệ An",
        "code": "17860",
        "parent_code": "429"
    },
    "17863": {
        "name": "Nghi Thuận",
        "type": "xa",
        "slug": "nghi-thuan",
        "name_with_type": "Xã Nghi Thuận",
        "path": "Nghi Thuận, Nghi Lộc, Nghệ An",
        "path_with_type": "Xã Nghi Thuận, Huyện Nghi Lộc, Tỉnh Nghệ An",
        "code": "17863",
        "parent_code": "429"
    },
    "17866": {
        "name": "Nghi Long",
        "type": "xa",
        "slug": "nghi-long",
        "name_with_type": "Xã Nghi Long",
        "path": "Nghi Long, Nghi Lộc, Nghệ An",
        "path_with_type": "Xã Nghi Long, Huyện Nghi Lộc, Tỉnh Nghệ An",
        "code": "17866",
        "parent_code": "429"
    },
    "17869": {
        "name": "Nghi Xá",
        "type": "xa",
        "slug": "nghi-xa",
        "name_with_type": "Xã Nghi Xá",
        "path": "Nghi Xá, Nghi Lộc, Nghệ An",
        "path_with_type": "Xã Nghi Xá, Huyện Nghi Lộc, Tỉnh Nghệ An",
        "code": "17869",
        "parent_code": "429"
    },
    "17875": {
        "name": "Nghi Hoa",
        "type": "xa",
        "slug": "nghi-hoa",
        "name_with_type": "Xã Nghi Hoa",
        "path": "Nghi Hoa, Nghi Lộc, Nghệ An",
        "path_with_type": "Xã Nghi Hoa, Huyện Nghi Lộc, Tỉnh Nghệ An",
        "code": "17875",
        "parent_code": "429"
    },
    "17878": {
        "name": "Khánh Hợp",
        "type": "xa",
        "slug": "khanh-hop",
        "name_with_type": "Xã Khánh Hợp",
        "path": "Khánh Hợp, Nghi Lộc, Nghệ An",
        "path_with_type": "Xã Khánh Hợp, Huyện Nghi Lộc, Tỉnh Nghệ An",
        "code": "17878",
        "parent_code": "429"
    },
    "17881": {
        "name": "Nghi Thịnh",
        "type": "xa",
        "slug": "nghi-thinh",
        "name_with_type": "Xã Nghi Thịnh",
        "path": "Nghi Thịnh, Nghi Lộc, Nghệ An",
        "path_with_type": "Xã Nghi Thịnh, Huyện Nghi Lộc, Tỉnh Nghệ An",
        "code": "17881",
        "parent_code": "429"
    },
    "17884": {
        "name": "Nghi Công Bắc",
        "type": "xa",
        "slug": "nghi-cong-bac",
        "name_with_type": "Xã Nghi Công Bắc",
        "path": "Nghi Công Bắc, Nghi Lộc, Nghệ An",
        "path_with_type": "Xã Nghi Công Bắc, Huyện Nghi Lộc, Tỉnh Nghệ An",
        "code": "17884",
        "parent_code": "429"
    },
    "17887": {
        "name": "Nghi Công Nam",
        "type": "xa",
        "slug": "nghi-cong-nam",
        "name_with_type": "Xã Nghi Công Nam",
        "path": "Nghi Công Nam, Nghi Lộc, Nghệ An",
        "path_with_type": "Xã Nghi Công Nam, Huyện Nghi Lộc, Tỉnh Nghệ An",
        "code": "17887",
        "parent_code": "429"
    },
    "17890": {
        "name": "Nghi Thạch",
        "type": "xa",
        "slug": "nghi-thach",
        "name_with_type": "Xã Nghi Thạch",
        "path": "Nghi Thạch, Nghi Lộc, Nghệ An",
        "path_with_type": "Xã Nghi Thạch, Huyện Nghi Lộc, Tỉnh Nghệ An",
        "code": "17890",
        "parent_code": "429"
    },
    "17893": {
        "name": "Nghi Trung",
        "type": "xa",
        "slug": "nghi-trung",
        "name_with_type": "Xã Nghi Trung",
        "path": "Nghi Trung, Nghi Lộc, Nghệ An",
        "path_with_type": "Xã Nghi Trung, Huyện Nghi Lộc, Tỉnh Nghệ An",
        "code": "17893",
        "parent_code": "429"
    },
    "17896": {
        "name": "Nghi Trường",
        "type": "xa",
        "slug": "nghi-truong",
        "name_with_type": "Xã Nghi Trường",
        "path": "Nghi Trường, Nghi Lộc, Nghệ An",
        "path_with_type": "Xã Nghi Trường, Huyện Nghi Lộc, Tỉnh Nghệ An",
        "code": "17896",
        "parent_code": "429"
    },
    "17899": {
        "name": "Nghi Diên",
        "type": "xa",
        "slug": "nghi-dien",
        "name_with_type": "Xã Nghi Diên",
        "path": "Nghi Diên, Nghi Lộc, Nghệ An",
        "path_with_type": "Xã Nghi Diên, Huyện Nghi Lộc, Tỉnh Nghệ An",
        "code": "17899",
        "parent_code": "429"
    },
    "17902": {
        "name": "Nghi Phong",
        "type": "xa",
        "slug": "nghi-phong",
        "name_with_type": "Xã Nghi Phong",
        "path": "Nghi Phong, Nghi Lộc, Nghệ An",
        "path_with_type": "Xã Nghi Phong, Huyện Nghi Lộc, Tỉnh Nghệ An",
        "code": "17902",
        "parent_code": "429"
    },
    "17905": {
        "name": "Nghi Xuân",
        "type": "xa",
        "slug": "nghi-xuan",
        "name_with_type": "Xã Nghi Xuân",
        "path": "Nghi Xuân, Nghi Lộc, Nghệ An",
        "path_with_type": "Xã Nghi Xuân, Huyện Nghi Lộc, Tỉnh Nghệ An",
        "code": "17905",
        "parent_code": "429"
    },
    "17911": {
        "name": "Nghi Vạn",
        "type": "xa",
        "slug": "nghi-van",
        "name_with_type": "Xã Nghi Vạn",
        "path": "Nghi Vạn, Nghi Lộc, Nghệ An",
        "path_with_type": "Xã Nghi Vạn, Huyện Nghi Lộc, Tỉnh Nghệ An",
        "code": "17911",
        "parent_code": "429"
    },
    "17917": {
        "name": "Phúc Thọ",
        "type": "xa",
        "slug": "phuc-tho",
        "name_with_type": "Xã Phúc Thọ",
        "path": "Phúc Thọ, Nghi Lộc, Nghệ An",
        "path_with_type": "Xã Phúc Thọ, Huyện Nghi Lộc, Tỉnh Nghệ An",
        "code": "17917",
        "parent_code": "429"
    },
    "17926": {
        "name": "Nghi Thái",
        "type": "xa",
        "slug": "nghi-thai",
        "name_with_type": "Xã Nghi Thái",
        "path": "Nghi Thái, Nghi Lộc, Nghệ An",
        "path_with_type": "Xã Nghi Thái, Huyện Nghi Lộc, Tỉnh Nghệ An",
        "code": "17926",
        "parent_code": "429"
    }
}