{
    "18001": {
        "name": "Hưng Nguyên",
        "type": "thi-tran",
        "slug": "hung-nguyen",
        "name_with_type": "Thị trấn Hưng Nguyên",
        "path": "Hưng Nguyên, Hưng Nguyên, Nghệ An",
        "path_with_type": "Thị trấn Hưng Nguyên, Huyện Hưng Nguyên, Tỉnh Nghệ An",
        "code": "18001",
        "parent_code": "431"
    },
    "18004": {
        "name": "Hưng Trung",
        "type": "xa",
        "slug": "hung-trung",
        "name_with_type": "Xã Hưng Trung",
        "path": "Hưng Trung, Hưng Nguyên, Nghệ An",
        "path_with_type": "Xã Hưng Trung, Huyện Hưng Nguyên, Tỉnh Nghệ An",
        "code": "18004",
        "parent_code": "431"
    },
    "18007": {
        "name": "Hưng Yên",
        "type": "xa",
        "slug": "hung-yen",
        "name_with_type": "Xã Hưng Yên",
        "path": "Hưng Yên, Hưng Nguyên, Nghệ An",
        "path_with_type": "Xã Hưng Yên, Huyện Hưng Nguyên, Tỉnh Nghệ An",
        "code": "18007",
        "parent_code": "431"
    },
    "18008": {
        "name": "Hưng Yên Bắc",
        "type": "xa",
        "slug": "hung-yen-bac",
        "name_with_type": "Xã Hưng Yên Bắc",
        "path": "Hưng Yên Bắc, Hưng Nguyên, Nghệ An",
        "path_with_type": "Xã Hưng Yên Bắc, Huyện Hưng Nguyên, Tỉnh Nghệ An",
        "code": "18008",
        "parent_code": "431"
    },
    "18010": {
        "name": "Hưng Tây",
        "type": "xa",
        "slug": "hung-tay",
        "name_with_type": "Xã Hưng Tây",
        "path": "Hưng Tây, Hưng Nguyên, Nghệ An",
        "path_with_type": "Xã Hưng Tây, Huyện Hưng Nguyên, Tỉnh Nghệ An",
        "code": "18010",
        "parent_code": "431"
    },
    "18016": {
        "name": "Hưng Đạo",
        "type": "xa",
        "slug": "hung-dao",
        "name_with_type": "Xã Hưng Đạo",
        "path": "Hưng Đạo, Hưng Nguyên, Nghệ An",
        "path_with_type": "Xã Hưng Đạo, Huyện Hưng Nguyên, Tỉnh Nghệ An",
        "code": "18016",
        "parent_code": "431"
    },
    "18019": {
        "name": "Hưng Mỹ",
        "type": "xa",
        "slug": "hung-my",
        "name_with_type": "Xã Hưng Mỹ",
        "path": "Hưng Mỹ, Hưng Nguyên, Nghệ An",
        "path_with_type": "Xã Hưng Mỹ, Huyện Hưng Nguyên, Tỉnh Nghệ An",
        "code": "18019",
        "parent_code": "431"
    },
    "18022": {
        "name": "Hưng Thịnh",
        "type": "xa",
        "slug": "hung-thinh",
        "name_with_type": "Xã Hưng Thịnh",
        "path": "Hưng Thịnh, Hưng Nguyên, Nghệ An",
        "path_with_type": "Xã Hưng Thịnh, Huyện Hưng Nguyên, Tỉnh Nghệ An",
        "code": "18022",
        "parent_code": "431"
    },
    "18025": {
        "name": "Hưng Lĩnh",
        "type": "xa",
        "slug": "hung-linh",
        "name_with_type": "Xã Hưng Lĩnh",
        "path": "Hưng Lĩnh, Hưng Nguyên, Nghệ An",
        "path_with_type": "Xã Hưng Lĩnh, Huyện Hưng Nguyên, Tỉnh Nghệ An",
        "code": "18025",
        "parent_code": "431"
    },
    "18028": {
        "name": "Hưng Thông",
        "type": "xa",
        "slug": "hung-thong",
        "name_with_type": "Xã Hưng Thông",
        "path": "Hưng Thông, Hưng Nguyên, Nghệ An",
        "path_with_type": "Xã Hưng Thông, Huyện Hưng Nguyên, Tỉnh Nghệ An",
        "code": "18028",
        "parent_code": "431"
    },
    "18031": {
        "name": "Hưng Tân",
        "type": "xa",
        "slug": "hung-tan",
        "name_with_type": "Xã Hưng Tân",
        "path": "Hưng Tân, Hưng Nguyên, Nghệ An",
        "path_with_type": "Xã Hưng Tân, Huyện Hưng Nguyên, Tỉnh Nghệ An",
        "code": "18031",
        "parent_code": "431"
    },
    "18034": {
        "name": "Hưng Lợi",
        "type": "xa",
        "slug": "hung-loi",
        "name_with_type": "Xã Hưng Lợi",
        "path": "Hưng Lợi, Hưng Nguyên, Nghệ An",
        "path_with_type": "Xã Hưng Lợi, Huyện Hưng Nguyên, Tỉnh Nghệ An",
        "code": "18034",
        "parent_code": "431"
    },
    "18037": {
        "name": "Hưng Nghĩa",
        "type": "xa",
        "slug": "hung-nghia",
        "name_with_type": "Xã Hưng Nghĩa",
        "path": "Hưng Nghĩa, Hưng Nguyên, Nghệ An",
        "path_with_type": "Xã Hưng Nghĩa, Huyện Hưng Nguyên, Tỉnh Nghệ An",
        "code": "18037",
        "parent_code": "431"
    },
    "18040": {
        "name": "Hưng Phúc",
        "type": "xa",
        "slug": "hung-phuc",
        "name_with_type": "Xã Hưng Phúc",
        "path": "Hưng Phúc, Hưng Nguyên, Nghệ An",
        "path_with_type": "Xã Hưng Phúc, Huyện Hưng Nguyên, Tỉnh Nghệ An",
        "code": "18040",
        "parent_code": "431"
    },
    "18043": {
        "name": "Long Xá",
        "type": "xa",
        "slug": "long-xa",
        "name_with_type": "Xã Long Xá",
        "path": "Long Xá, Hưng Nguyên, Nghệ An",
        "path_with_type": "Xã Long Xá, Huyện Hưng Nguyên, Tỉnh Nghệ An",
        "code": "18043",
        "parent_code": "431"
    },
    "18052": {
        "name": "Châu Nhân",
        "type": "xa",
        "slug": "chau-nhan",
        "name_with_type": "Xã Châu Nhân",
        "path": "Châu Nhân, Hưng Nguyên, Nghệ An",
        "path_with_type": "Xã Châu Nhân, Huyện Hưng Nguyên, Tỉnh Nghệ An",
        "code": "18052",
        "parent_code": "431"
    },
    "18055": {
        "name": "Xuân Lam",
        "type": "xa",
        "slug": "xuan-lam",
        "name_with_type": "Xã Xuân Lam",
        "path": "Xuân Lam, Hưng Nguyên, Nghệ An",
        "path_with_type": "Xã Xuân Lam, Huyện Hưng Nguyên, Tỉnh Nghệ An",
        "code": "18055",
        "parent_code": "431"
    },
    "18064": {
        "name": "Hưng Thành",
        "type": "xa",
        "slug": "hung-thanh",
        "name_with_type": "Xã Hưng Thành",
        "path": "Hưng Thành, Hưng Nguyên, Nghệ An",
        "path_with_type": "Xã Hưng Thành, Huyện Hưng Nguyên, Tỉnh Nghệ An",
        "code": "18064",
        "parent_code": "431"
    }
}