{
    "18115": {
        "name": "Bắc Hồng",
        "type": "phuong",
        "slug": "bac-hong",
        "name_with_type": "Phường Bắc Hồng",
        "path": "Bắc Hồng, Hồng Lĩnh, Hà Tĩnh",
        "path_with_type": "Phường Bắc Hồng, Thị xã Hồng Lĩnh, Tỉnh Hà Tĩnh",
        "code": "18115",
        "parent_code": "437"
    },
    "18118": {
        "name": "Nam Hồng",
        "type": "phuong",
        "slug": "nam-hong",
        "name_with_type": "Phường Nam Hồng",
        "path": "Nam Hồng, Hồng Lĩnh, Hà Tĩnh",
        "path_with_type": "Phường Nam Hồng, Thị xã Hồng Lĩnh, Tỉnh Hà Tĩnh",
        "code": "18118",
        "parent_code": "437"
    },
    "18121": {
        "name": "Trung Lương",
        "type": "phuong",
        "slug": "trung-luong",
        "name_with_type": "Phường Trung Lương",
        "path": "Trung Lương, Hồng Lĩnh, Hà Tĩnh",
        "path_with_type": "Phường Trung Lương, Thị xã Hồng Lĩnh, Tỉnh Hà Tĩnh",
        "code": "18121",
        "parent_code": "437"
    },
    "18124": {
        "name": "Đức Thuận",
        "type": "phuong",
        "slug": "duc-thuan",
        "name_with_type": "Phường Đức Thuận",
        "path": "Đức Thuận, Hồng Lĩnh, Hà Tĩnh",
        "path_with_type": "Phường Đức Thuận, Thị xã Hồng Lĩnh, Tỉnh Hà Tĩnh",
        "code": "18124",
        "parent_code": "437"
    },
    "18127": {
        "name": "Đậu Liêu",
        "type": "phuong",
        "slug": "dau-lieu",
        "name_with_type": "Phường Đậu Liêu",
        "path": "Đậu Liêu, Hồng Lĩnh, Hà Tĩnh",
        "path_with_type": "Phường Đậu Liêu, Thị xã Hồng Lĩnh, Tỉnh Hà Tĩnh",
        "code": "18127",
        "parent_code": "437"
    },
    "18130": {
        "name": "Thuận Lộc",
        "type": "xa",
        "slug": "thuan-loc",
        "name_with_type": "Xã Thuận Lộc",
        "path": "Thuận Lộc, Hồng Lĩnh, Hà Tĩnh",
        "path_with_type": "Xã Thuận Lộc, Thị xã Hồng Lĩnh, Tỉnh Hà Tĩnh",
        "code": "18130",
        "parent_code": "437"
    }
}