{
    "18229": {
        "name": "Đức Thọ",
        "type": "thi-tran",
        "slug": "duc-tho",
        "name_with_type": "Thị trấn Đức Thọ",
        "path": "Đức Thọ, Đức Thọ, Hà Tĩnh",
        "path_with_type": "Thị trấn Đức Thọ, Huyện Đức Thọ, Tỉnh Hà Tĩnh",
        "code": "18229",
        "parent_code": "440"
    },
    "18235": {
        "name": "Quang Vĩnh",
        "type": "xa",
        "slug": "quang-vinh",
        "name_with_type": "Xã Quang Vĩnh",
        "path": "Quang Vĩnh, Đức Thọ, Hà Tĩnh",
        "path_with_type": "Xã Quang Vĩnh, Huyện Đức Thọ, Tỉnh Hà Tĩnh",
        "code": "18235",
        "parent_code": "440"
    },
    "18241": {
        "name": "Tùng Châu",
        "type": "xa",
        "slug": "tung-chau",
        "name_with_type": "Xã Tùng Châu",
        "path": "Tùng Châu, Đức Thọ, Hà Tĩnh",
        "path_with_type": "Xã Tùng Châu, Huyện Đức Thọ, Tỉnh Hà Tĩnh",
        "code": "18241",
        "parent_code": "440"
    },
    "18244": {
        "name": "Trường Sơn",
        "type": "xa",
        "slug": "truong-son",
        "name_with_type": "Xã Trường Sơn",
        "path": "Trường Sơn, Đức Thọ, Hà Tĩnh",
        "path_with_type": "Xã Trường Sơn, Huyện Đức Thọ, Tỉnh Hà Tĩnh",
        "code": "18244",
        "parent_code": "440"
    },
    "18247": {
        "name": "Liên Minh",
        "type": "xa",
        "slug": "lien-minh",
        "name_with_type": "Xã Liên Minh",
        "path": "Liên Minh, Đức Thọ, Hà Tĩnh",
        "path_with_type": "Xã Liên Minh, Huyện Đức Thọ, Tỉnh Hà Tĩnh",
        "code": "18247",
        "parent_code": "440"
    },
    "18253": {
        "name": "Yên Hồ",
        "type": "xa",
        "slug": "yen-ho",
        "name_with_type": "Xã Yên Hồ",
        "path": "Yên Hồ, Đức Thọ, Hà Tĩnh",
        "path_with_type": "Xã Yên Hồ, Huyện Đức Thọ, Tỉnh Hà Tĩnh",
        "code": "18253",
        "parent_code": "440"
    },
    "18259": {
        "name": "Tùng Ảnh",
        "type": "xa",
        "slug": "tung-anh",
        "name_with_type": "Xã Tùng Ảnh",
        "path": "Tùng Ảnh, Đức Thọ, Hà Tĩnh",
        "path_with_type": "Xã Tùng Ảnh, Huyện Đức Thọ, Tỉnh Hà Tĩnh",
        "code": "18259",
        "parent_code": "440"
    },
    "18262": {
        "name": "Bùi La Nhân",
        "type": "xa",
        "slug": "bui-la-nhan",
        "name_with_type": "Xã Bùi La Nhân",
        "path": "Bùi La Nhân, Đức Thọ, Hà Tĩnh",
        "path_with_type": "Xã Bùi La Nhân, Huyện Đức Thọ, Tỉnh Hà Tĩnh",
        "code": "18262",
        "parent_code": "440"
    },
    "18274": {
        "name": "Thanh Bình Thịnh",
        "type": "xa",
        "slug": "thanh-binh-thinh",
        "name_with_type": "Xã Thanh Bình Thịnh",
        "path": "Thanh Bình Thịnh, Đức Thọ, Hà Tĩnh",
        "path_with_type": "Xã Thanh Bình Thịnh, Huyện Đức Thọ, Tỉnh Hà Tĩnh",
        "code": "18274",
        "parent_code": "440"
    },
    "18277": {
        "name": "Lâm Trung Thủy",
        "type": "xa",
        "slug": "lam-trung-thuy",
        "name_with_type": "Xã Lâm Trung Thủy",
        "path": "Lâm Trung Thủy, Đức Thọ, Hà Tĩnh",
        "path_with_type": "Xã Lâm Trung Thủy, Huyện Đức Thọ, Tỉnh Hà Tĩnh",
        "code": "18277",
        "parent_code": "440"
    },
    "18280": {
        "name": "Hòa Lạc",
        "type": "xa",
        "slug": "hoa-lac",
        "name_with_type": "Xã Hòa Lạc",
        "path": "Hòa Lạc, Đức Thọ, Hà Tĩnh",
        "path_with_type": "Xã Hòa Lạc, Huyện Đức Thọ, Tỉnh Hà Tĩnh",
        "code": "18280",
        "parent_code": "440"
    },
    "18283": {
        "name": "Tân Dân",
        "type": "xa",
        "slug": "tan-dan",
        "name_with_type": "Xã Tân Dân",
        "path": "Tân Dân, Đức Thọ, Hà Tĩnh",
        "path_with_type": "Xã Tân Dân, Huyện Đức Thọ, Tỉnh Hà Tĩnh",
        "code": "18283",
        "parent_code": "440"
    },
    "18298": {
        "name": "An Dũng",
        "type": "xa",
        "slug": "an-dung",
        "name_with_type": "Xã An Dũng",
        "path": "An Dũng, Đức Thọ, Hà Tĩnh",
        "path_with_type": "Xã An Dũng, Huyện Đức Thọ, Tỉnh Hà Tĩnh",
        "code": "18298",
        "parent_code": "440"
    },
    "18304": {
        "name": "Đức Đồng",
        "type": "xa",
        "slug": "duc-dong",
        "name_with_type": "Xã Đức Đồng",
        "path": "Đức Đồng, Đức Thọ, Hà Tĩnh",
        "path_with_type": "Xã Đức Đồng, Huyện Đức Thọ, Tỉnh Hà Tĩnh",
        "code": "18304",
        "parent_code": "440"
    },
    "18307": {
        "name": "Đức Lạng",
        "type": "xa",
        "slug": "duc-lang",
        "name_with_type": "Xã Đức Lạng",
        "path": "Đức Lạng, Đức Thọ, Hà Tĩnh",
        "path_with_type": "Xã Đức Lạng, Huyện Đức Thọ, Tỉnh Hà Tĩnh",
        "code": "18307",
        "parent_code": "440"
    },
    "18310": {
        "name": "Tân Hương",
        "type": "xa",
        "slug": "tan-huong",
        "name_with_type": "Xã Tân Hương",
        "path": "Tân Hương, Đức Thọ, Hà Tĩnh",
        "path_with_type": "Xã Tân Hương, Huyện Đức Thọ, Tỉnh Hà Tĩnh",
        "code": "18310",
        "parent_code": "440"
    }
}