{
    "18406": {
        "name": "Nghèn",
        "type": "thi-tran",
        "slug": "nghen",
        "name_with_type": "Thị trấn Nghèn",
        "path": "Nghèn, Can Lộc, Hà Tĩnh",
        "path_with_type": "Thị trấn Nghèn, Huyện Can Lộc, Tỉnh Hà Tĩnh",
        "code": "18406",
        "parent_code": "443"
    },
    "18415": {
        "name": "Thiên Lộc",
        "type": "xa",
        "slug": "thien-loc",
        "name_with_type": "Xã Thiên Lộc",
        "path": "Thiên Lộc, Can Lộc, Hà Tĩnh",
        "path_with_type": "Xã Thiên Lộc, Huyện Can Lộc, Tỉnh Hà Tĩnh",
        "code": "18415",
        "parent_code": "443"
    },
    "18418": {
        "name": "Thuần Thiện",
        "type": "xa",
        "slug": "thuan-thien",
        "name_with_type": "Xã Thuần Thiện",
        "path": "Thuần Thiện, Can Lộc, Hà Tĩnh",
        "path_with_type": "Xã Thuần Thiện, Huyện Can Lộc, Tỉnh Hà Tĩnh",
        "code": "18418",
        "parent_code": "443"
    },
    "18427": {
        "name": "Vượng Lộc",
        "type": "xa",
        "slug": "vuong-loc",
        "name_with_type": "Xã Vượng Lộc",
        "path": "Vượng Lộc, Can Lộc, Hà Tĩnh",
        "path_with_type": "Xã Vượng Lộc, Huyện Can Lộc, Tỉnh Hà Tĩnh",
        "code": "18427",
        "parent_code": "443"
    },
    "18433": {
        "name": "Thanh Lộc",
        "type": "xa",
        "slug": "thanh-loc",
        "name_with_type": "Xã Thanh Lộc",
        "path": "Thanh Lộc, Can Lộc, Hà Tĩnh",
        "path_with_type": "Xã Thanh Lộc, Huyện Can Lộc, Tỉnh Hà Tĩnh",
        "code": "18433",
        "parent_code": "443"
    },
    "18436": {
        "name": "Kim Song Trường",
        "type": "xa",
        "slug": "kim-song-truong",
        "name_with_type": "Xã Kim Song Trường",
        "path": "Kim Song Trường, Can Lộc, Hà Tĩnh",
        "path_with_type": "Xã Kim Song Trường, Huyện Can Lộc, Tỉnh Hà Tĩnh",
        "code": "18436",
        "parent_code": "443"
    },
    "18439": {
        "name": "Thường Nga",
        "type": "xa",
        "slug": "thuong-nga",
        "name_with_type": "Xã Thường Nga",
        "path": "Thường Nga, Can Lộc, Hà Tĩnh",
        "path_with_type": "Xã Thường Nga, Huyện Can Lộc, Tỉnh Hà Tĩnh",
        "code": "18439",
        "parent_code": "443"
    },
    "18445": {
        "name": "Tùng Lộc",
        "type": "xa",
        "slug": "tung-loc",
        "name_with_type": "Xã Tùng Lộc",
        "path": "Tùng Lộc, Can Lộc, Hà Tĩnh",
        "path_with_type": "Xã Tùng Lộc, Huyện Can Lộc, Tỉnh Hà Tĩnh",
        "code": "18445",
        "parent_code": "443"
    },
    "18454": {
        "name": "Phú Lộc",
        "type": "xa",
        "slug": "phu-loc",
        "name_with_type": "Xã Phú Lộc",
        "path": "Phú Lộc, Can Lộc, Hà Tĩnh",
        "path_with_type": "Xã Phú Lộc, Huyện Can Lộc, Tỉnh Hà Tĩnh",
        "code": "18454",
        "parent_code": "443"
    },
    "18463": {
        "name": "Gia Hanh",
        "type": "xa",
        "slug": "gia-hanh",
        "name_with_type": "Xã Gia Hanh",
        "path": "Gia Hanh, Can Lộc, Hà Tĩnh",
        "path_with_type": "Xã Gia Hanh, Huyện Can Lộc, Tỉnh Hà Tĩnh",
        "code": "18463",
        "parent_code": "443"
    },
    "18466": {
        "name": "Khánh Vĩnh Yên",
        "type": "xa",
        "slug": "khanh-vinh-yen",
        "name_with_type": "Xã Khánh Vĩnh Yên",
        "path": "Khánh Vĩnh Yên, Can Lộc, Hà Tĩnh",
        "path_with_type": "Xã Khánh Vĩnh Yên, Huyện Can Lộc, Tỉnh Hà Tĩnh",
        "code": "18466",
        "parent_code": "443"
    },
    "18472": {
        "name": "Trung Lộc",
        "type": "xa",
        "slug": "trung-loc",
        "name_with_type": "Xã Trung Lộc",
        "path": "Trung Lộc, Can Lộc, Hà Tĩnh",
        "path_with_type": "Xã Trung Lộc, Huyện Can Lộc, Tỉnh Hà Tĩnh",
        "code": "18472",
        "parent_code": "443"
    },
    "18475": {
        "name": "Xuân Lộc",
        "type": "xa",
        "slug": "xuan-loc",
        "name_with_type": "Xã Xuân Lộc",
        "path": "Xuân Lộc, Can Lộc, Hà Tĩnh",
        "path_with_type": "Xã Xuân Lộc, Huyện Can Lộc, Tỉnh Hà Tĩnh",
        "code": "18475",
        "parent_code": "443"
    },
    "18478": {
        "name": "Thượng Lộc",
        "type": "xa",
        "slug": "thuong-loc",
        "name_with_type": "Xã Thượng Lộc",
        "path": "Thượng Lộc, Can Lộc, Hà Tĩnh",
        "path_with_type": "Xã Thượng Lộc, Huyện Can Lộc, Tỉnh Hà Tĩnh",
        "code": "18478",
        "parent_code": "443"
    },
    "18481": {
        "name": "Quang Lộc",
        "type": "xa",
        "slug": "quang-loc",
        "name_with_type": "Xã Quang Lộc",
        "path": "Quang Lộc, Can Lộc, Hà Tĩnh",
        "path_with_type": "Xã Quang Lộc, Huyện Can Lộc, Tỉnh Hà Tĩnh",
        "code": "18481",
        "parent_code": "443"
    },
    "18484": {
        "name": "Đồng Lộc",
        "type": "thi-tran",
        "slug": "dong-loc",
        "name_with_type": "Thị trấn Đồng Lộc",
        "path": "Đồng Lộc, Can Lộc, Hà Tĩnh",
        "path_with_type": "Thị trấn Đồng Lộc, Huyện Can Lộc, Tỉnh Hà Tĩnh",
        "code": "18484",
        "parent_code": "443"
    },
    "18487": {
        "name": "Mỹ Lộc",
        "type": "xa",
        "slug": "my-loc",
        "name_with_type": "Xã Mỹ Lộc",
        "path": "Mỹ Lộc, Can Lộc, Hà Tĩnh",
        "path_with_type": "Xã Mỹ Lộc, Huyện Can Lộc, Tỉnh Hà Tĩnh",
        "code": "18487",
        "parent_code": "443"
    },
    "18490": {
        "name": "Sơn Lộc",
        "type": "xa",
        "slug": "son-loc",
        "name_with_type": "Xã Sơn Lộc",
        "path": "Sơn Lộc, Can Lộc, Hà Tĩnh",
        "path_with_type": "Xã Sơn Lộc, Huyện Can Lộc, Tỉnh Hà Tĩnh",
        "code": "18490",
        "parent_code": "443"
    }
}