{
    "18853": {
        "name": "Hải Thành",
        "type": "phuong",
        "slug": "hai-thanh",
        "name_with_type": "Phường Hải Thành",
        "path": "Hải Thành, Đồng Hới, Quảng Bình",
        "path_with_type": "Phường Hải Thành, Thành Phố Đồng Hới, Tỉnh Quảng Bình",
        "code": "18853",
        "parent_code": "450"
    },
    "18856": {
        "name": "Đồng Phú",
        "type": "phuong",
        "slug": "dong-phu",
        "name_with_type": "Phường Đồng Phú",
        "path": "Đồng Phú, Đồng Hới, Quảng Bình",
        "path_with_type": "Phường Đồng Phú, Thành Phố Đồng Hới, Tỉnh Quảng Bình",
        "code": "18856",
        "parent_code": "450"
    },
    "18859": {
        "name": "Bắc Lý",
        "type": "phuong",
        "slug": "bac-ly",
        "name_with_type": "Phường Bắc Lý",
        "path": "Bắc Lý, Đồng Hới, Quảng Bình",
        "path_with_type": "Phường Bắc Lý, Thành Phố Đồng Hới, Tỉnh Quảng Bình",
        "code": "18859",
        "parent_code": "450"
    },
    "18865": {
        "name": "Nam Lý",
        "type": "phuong",
        "slug": "nam-ly",
        "name_with_type": "Phường Nam Lý",
        "path": "Nam Lý, Đồng Hới, Quảng Bình",
        "path_with_type": "Phường Nam Lý, Thành Phố Đồng Hới, Tỉnh Quảng Bình",
        "code": "18865",
        "parent_code": "450"
    },
    "18868": {
        "name": "Đồng Hải",
        "type": "phuong",
        "slug": "dong-hai",
        "name_with_type": "Phường Đồng Hải",
        "path": "Đồng Hải, Đồng Hới, Quảng Bình",
        "path_with_type": "Phường Đồng Hải, Thành Phố Đồng Hới, Tỉnh Quảng Bình",
        "code": "18868",
        "parent_code": "450"
    },
    "18871": {
        "name": "Đồng Sơn",
        "type": "phuong",
        "slug": "dong-son",
        "name_with_type": "Phường Đồng Sơn",
        "path": "Đồng Sơn, Đồng Hới, Quảng Bình",
        "path_with_type": "Phường Đồng Sơn, Thành Phố Đồng Hới, Tỉnh Quảng Bình",
        "code": "18871",
        "parent_code": "450"
    },
    "18874": {
        "name": "Phú Hải",
        "type": "phuong",
        "slug": "phu-hai",
        "name_with_type": "Phường Phú Hải",
        "path": "Phú Hải, Đồng Hới, Quảng Bình",
        "path_with_type": "Phường Phú Hải, Thành Phố Đồng Hới, Tỉnh Quảng Bình",
        "code": "18874",
        "parent_code": "450"
    },
    "18877": {
        "name": "Bắc Nghĩa",
        "type": "phuong",
        "slug": "bac-nghia",
        "name_with_type": "Phường Bắc Nghĩa",
        "path": "Bắc Nghĩa, Đồng Hới, Quảng Bình",
        "path_with_type": "Phường Bắc Nghĩa, Thành Phố Đồng Hới, Tỉnh Quảng Bình",
        "code": "18877",
        "parent_code": "450"
    },
    "18880": {
        "name": "Đức Ninh Đông",
        "type": "phuong",
        "slug": "duc-ninh-dong",
        "name_with_type": "Phường Đức Ninh Đông",
        "path": "Đức Ninh Đông, Đồng Hới, Quảng Bình",
        "path_with_type": "Phường Đức Ninh Đông, Thành Phố Đồng Hới, Tỉnh Quảng Bình",
        "code": "18880",
        "parent_code": "450"
    },
    "18883": {
        "name": "Quang Phú",
        "type": "xa",
        "slug": "quang-phu",
        "name_with_type": "Xã Quang Phú",
        "path": "Quang Phú, Đồng Hới, Quảng Bình",
        "path_with_type": "Xã Quang Phú, Thành Phố Đồng Hới, Tỉnh Quảng Bình",
        "code": "18883",
        "parent_code": "450"
    },
    "18886": {
        "name": "Lộc Ninh",
        "type": "xa",
        "slug": "loc-ninh",
        "name_with_type": "Xã Lộc Ninh",
        "path": "Lộc Ninh, Đồng Hới, Quảng Bình",
        "path_with_type": "Xã Lộc Ninh, Thành Phố Đồng Hới, Tỉnh Quảng Bình",
        "code": "18886",
        "parent_code": "450"
    },
    "18889": {
        "name": "Bảo Ninh",
        "type": "xa",
        "slug": "bao-ninh",
        "name_with_type": "Xã Bảo Ninh",
        "path": "Bảo Ninh, Đồng Hới, Quảng Bình",
        "path_with_type": "Xã Bảo Ninh, Thành Phố Đồng Hới, Tỉnh Quảng Bình",
        "code": "18889",
        "parent_code": "450"
    },
    "18892": {
        "name": "Nghĩa Ninh",
        "type": "xa",
        "slug": "nghia-ninh",
        "name_with_type": "Xã Nghĩa Ninh",
        "path": "Nghĩa Ninh, Đồng Hới, Quảng Bình",
        "path_with_type": "Xã Nghĩa Ninh, Thành Phố Đồng Hới, Tỉnh Quảng Bình",
        "code": "18892",
        "parent_code": "450"
    },
    "18895": {
        "name": "Thuận Đức",
        "type": "xa",
        "slug": "thuan-duc",
        "name_with_type": "Xã Thuận Đức",
        "path": "Thuận Đức, Đồng Hới, Quảng Bình",
        "path_with_type": "Xã Thuận Đức, Thành Phố Đồng Hới, Tỉnh Quảng Bình",
        "code": "18895",
        "parent_code": "450"
    },
    "18898": {
        "name": "Đức Ninh",
        "type": "xa",
        "slug": "duc-ninh",
        "name_with_type": "Xã Đức Ninh",
        "path": "Đức Ninh, Đồng Hới, Quảng Bình",
        "path_with_type": "Xã Đức Ninh, Thành Phố Đồng Hới, Tỉnh Quảng Bình",
        "code": "18898",
        "parent_code": "450"
    }
}