{
    "18901": {
        "name": "Quy Đạt",
        "type": "thi-tran",
        "slug": "quy-dat",
        "name_with_type": "Thị trấn Quy Đạt",
        "path": "Quy Đạt, Minh Hóa, Quảng Bình",
        "path_with_type": "Thị trấn Quy Đạt, Huyện Minh Hóa, Tỉnh Quảng Bình",
        "code": "18901",
        "parent_code": "452"
    },
    "18904": {
        "name": "Dân Hóa",
        "type": "xa",
        "slug": "dan-hoa",
        "name_with_type": "Xã Dân Hóa",
        "path": "Dân Hóa, Minh Hóa, Quảng Bình",
        "path_with_type": "Xã Dân Hóa, Huyện Minh Hóa, Tỉnh Quảng Bình",
        "code": "18904",
        "parent_code": "452"
    },
    "18907": {
        "name": "Trọng Hóa",
        "type": "xa",
        "slug": "trong-hoa",
        "name_with_type": "Xã Trọng Hóa",
        "path": "Trọng Hóa, Minh Hóa, Quảng Bình",
        "path_with_type": "Xã Trọng Hóa, Huyện Minh Hóa, Tỉnh Quảng Bình",
        "code": "18907",
        "parent_code": "452"
    },
    "18910": {
        "name": "Hóa Phúc",
        "type": "xa",
        "slug": "hoa-phuc",
        "name_with_type": "Xã Hóa Phúc",
        "path": "Hóa Phúc, Minh Hóa, Quảng Bình",
        "path_with_type": "Xã Hóa Phúc, Huyện Minh Hóa, Tỉnh Quảng Bình",
        "code": "18910",
        "parent_code": "452"
    },
    "18913": {
        "name": "Hồng Hóa",
        "type": "xa",
        "slug": "hong-hoa",
        "name_with_type": "Xã Hồng Hóa",
        "path": "Hồng Hóa, Minh Hóa, Quảng Bình",
        "path_with_type": "Xã Hồng Hóa, Huyện Minh Hóa, Tỉnh Quảng Bình",
        "code": "18913",
        "parent_code": "452"
    },
    "18916": {
        "name": "Hóa Thanh",
        "type": "xa",
        "slug": "hoa-thanh",
        "name_with_type": "Xã Hóa Thanh",
        "path": "Hóa Thanh, Minh Hóa, Quảng Bình",
        "path_with_type": "Xã Hóa Thanh, Huyện Minh Hóa, Tỉnh Quảng Bình",
        "code": "18916",
        "parent_code": "452"
    },
    "18919": {
        "name": "Hóa Tiến",
        "type": "xa",
        "slug": "hoa-tien",
        "name_with_type": "Xã Hóa Tiến",
        "path": "Hóa Tiến, Minh Hóa, Quảng Bình",
        "path_with_type": "Xã Hóa Tiến, Huyện Minh Hóa, Tỉnh Quảng Bình",
        "code": "18919",
        "parent_code": "452"
    },
    "18922": {
        "name": "Hóa Hợp",
        "type": "xa",
        "slug": "hoa-hop",
        "name_with_type": "Xã Hóa Hợp",
        "path": "Hóa Hợp, Minh Hóa, Quảng Bình",
        "path_with_type": "Xã Hóa Hợp, Huyện Minh Hóa, Tỉnh Quảng Bình",
        "code": "18922",
        "parent_code": "452"
    },
    "18925": {
        "name": "Xuân Hóa",
        "type": "xa",
        "slug": "xuan-hoa",
        "name_with_type": "Xã Xuân Hóa",
        "path": "Xuân Hóa, Minh Hóa, Quảng Bình",
        "path_with_type": "Xã Xuân Hóa, Huyện Minh Hóa, Tỉnh Quảng Bình",
        "code": "18925",
        "parent_code": "452"
    },
    "18928": {
        "name": "Yên Hóa",
        "type": "xa",
        "slug": "yen-hoa",
        "name_with_type": "Xã Yên Hóa",
        "path": "Yên Hóa, Minh Hóa, Quảng Bình",
        "path_with_type": "Xã Yên Hóa, Huyện Minh Hóa, Tỉnh Quảng Bình",
        "code": "18928",
        "parent_code": "452"
    },
    "18931": {
        "name": "Minh Hóa",
        "type": "xa",
        "slug": "minh-hoa",
        "name_with_type": "Xã Minh Hóa",
        "path": "Minh Hóa, Minh Hóa, Quảng Bình",
        "path_with_type": "Xã Minh Hóa, Huyện Minh Hóa, Tỉnh Quảng Bình",
        "code": "18931",
        "parent_code": "452"
    },
    "18934": {
        "name": "Tân Hóa",
        "type": "xa",
        "slug": "tan-hoa",
        "name_with_type": "Xã Tân Hóa",
        "path": "Tân Hóa, Minh Hóa, Quảng Bình",
        "path_with_type": "Xã Tân Hóa, Huyện Minh Hóa, Tỉnh Quảng Bình",
        "code": "18934",
        "parent_code": "452"
    },
    "18937": {
        "name": "Hóa Sơn",
        "type": "xa",
        "slug": "hoa-son",
        "name_with_type": "Xã Hóa Sơn",
        "path": "Hóa Sơn, Minh Hóa, Quảng Bình",
        "path_with_type": "Xã Hóa Sơn, Huyện Minh Hóa, Tỉnh Quảng Bình",
        "code": "18937",
        "parent_code": "452"
    },
    "18943": {
        "name": "Trung Hóa",
        "type": "xa",
        "slug": "trung-hoa",
        "name_with_type": "Xã Trung Hóa",
        "path": "Trung Hóa, Minh Hóa, Quảng Bình",
        "path_with_type": "Xã Trung Hóa, Huyện Minh Hóa, Tỉnh Quảng Bình",
        "code": "18943",
        "parent_code": "452"
    },
    "18946": {
        "name": "Thượng Hóa",
        "type": "xa",
        "slug": "thuong-hoa",
        "name_with_type": "Xã Thượng Hóa",
        "path": "Thượng Hóa, Minh Hóa, Quảng Bình",
        "path_with_type": "Xã Thượng Hóa, Huyện Minh Hóa, Tỉnh Quảng Bình",
        "code": "18946",
        "parent_code": "452"
    }
}