{
    "18949": {
        "name": "Đồng Lê",
        "type": "thi-tran",
        "slug": "dong-le",
        "name_with_type": "Thị trấn Đồng Lê",
        "path": "Đồng Lê, Tuyên Hóa, Quảng Bình",
        "path_with_type": "Thị trấn Đồng Lê, Huyện Tuyên Hóa, Tỉnh Quảng Bình",
        "code": "18949",
        "parent_code": "453"
    },
    "18952": {
        "name": "Hương Hóa",
        "type": "xa",
        "slug": "huong-hoa",
        "name_with_type": "Xã Hương Hóa",
        "path": "Hương Hóa, Tuyên Hóa, Quảng Bình",
        "path_with_type": "Xã Hương Hóa, Huyện Tuyên Hóa, Tỉnh Quảng Bình",
        "code": "18952",
        "parent_code": "453"
    },
    "18955": {
        "name": "Kim Hóa",
        "type": "xa",
        "slug": "kim-hoa",
        "name_with_type": "Xã Kim Hóa",
        "path": "Kim Hóa, Tuyên Hóa, Quảng Bình",
        "path_with_type": "Xã Kim Hóa, Huyện Tuyên Hóa, Tỉnh Quảng Bình",
        "code": "18955",
        "parent_code": "453"
    },
    "18958": {
        "name": "Thanh Hóa",
        "type": "xa",
        "slug": "thanh-hoa",
        "name_with_type": "Xã Thanh Hóa",
        "path": "Thanh Hóa, Tuyên Hóa, Quảng Bình",
        "path_with_type": "Xã Thanh Hóa, Huyện Tuyên Hóa, Tỉnh Quảng Bình",
        "code": "18958",
        "parent_code": "453"
    },
    "18961": {
        "name": "Thanh Thạch",
        "type": "xa",
        "slug": "thanh-thach",
        "name_with_type": "Xã Thanh Thạch",
        "path": "Thanh Thạch, Tuyên Hóa, Quảng Bình",
        "path_with_type": "Xã Thanh Thạch, Huyện Tuyên Hóa, Tỉnh Quảng Bình",
        "code": "18961",
        "parent_code": "453"
    },
    "18964": {
        "name": "Thuận Hóa",
        "type": "xa",
        "slug": "thuan-hoa",
        "name_with_type": "Xã Thuận Hóa",
        "path": "Thuận Hóa, Tuyên Hóa, Quảng Bình",
        "path_with_type": "Xã Thuận Hóa, Huyện Tuyên Hóa, Tỉnh Quảng Bình",
        "code": "18964",
        "parent_code": "453"
    },
    "18967": {
        "name": "Lâm Hóa",
        "type": "xa",
        "slug": "lam-hoa",
        "name_with_type": "Xã Lâm Hóa",
        "path": "Lâm Hóa, Tuyên Hóa, Quảng Bình",
        "path_with_type": "Xã Lâm Hóa, Huyện Tuyên Hóa, Tỉnh Quảng Bình",
        "code": "18967",
        "parent_code": "453"
    },
    "18970": {
        "name": "Lê Hóa",
        "type": "xa",
        "slug": "le-hoa",
        "name_with_type": "Xã Lê Hóa",
        "path": "Lê Hóa, Tuyên Hóa, Quảng Bình",
        "path_with_type": "Xã Lê Hóa, Huyện Tuyên Hóa, Tỉnh Quảng Bình",
        "code": "18970",
        "parent_code": "453"
    },
    "18973": {
        "name": "Sơn Hóa",
        "type": "xa",
        "slug": "son-hoa",
        "name_with_type": "Xã Sơn Hóa",
        "path": "Sơn Hóa, Tuyên Hóa, Quảng Bình",
        "path_with_type": "Xã Sơn Hóa, Huyện Tuyên Hóa, Tỉnh Quảng Bình",
        "code": "18973",
        "parent_code": "453"
    },
    "18976": {
        "name": "Đồng Hóa",
        "type": "xa",
        "slug": "dong-hoa",
        "name_with_type": "Xã Đồng Hóa",
        "path": "Đồng Hóa, Tuyên Hóa, Quảng Bình",
        "path_with_type": "Xã Đồng Hóa, Huyện Tuyên Hóa, Tỉnh Quảng Bình",
        "code": "18976",
        "parent_code": "453"
    },
    "18979": {
        "name": "Ngư Hóa",
        "type": "xa",
        "slug": "ngu-hoa",
        "name_with_type": "Xã Ngư Hóa",
        "path": "Ngư Hóa, Tuyên Hóa, Quảng Bình",
        "path_with_type": "Xã Ngư Hóa, Huyện Tuyên Hóa, Tỉnh Quảng Bình",
        "code": "18979",
        "parent_code": "453"
    },
    "18985": {
        "name": "Thạch Hóa",
        "type": "xa",
        "slug": "thach-hoa",
        "name_with_type": "Xã Thạch Hóa",
        "path": "Thạch Hóa, Tuyên Hóa, Quảng Bình",
        "path_with_type": "Xã Thạch Hóa, Huyện Tuyên Hóa, Tỉnh Quảng Bình",
        "code": "18985",
        "parent_code": "453"
    },
    "18988": {
        "name": "Đức Hóa",
        "type": "xa",
        "slug": "duc-hoa",
        "name_with_type": "Xã Đức Hóa",
        "path": "Đức Hóa, Tuyên Hóa, Quảng Bình",
        "path_with_type": "Xã Đức Hóa, Huyện Tuyên Hóa, Tỉnh Quảng Bình",
        "code": "18988",
        "parent_code": "453"
    },
    "18991": {
        "name": "Phong Hóa",
        "type": "xa",
        "slug": "phong-hoa",
        "name_with_type": "Xã Phong Hóa",
        "path": "Phong Hóa, Tuyên Hóa, Quảng Bình",
        "path_with_type": "Xã Phong Hóa, Huyện Tuyên Hóa, Tỉnh Quảng Bình",
        "code": "18991",
        "parent_code": "453"
    },
    "18994": {
        "name": "Mai Hóa",
        "type": "xa",
        "slug": "mai-hoa",
        "name_with_type": "Xã Mai Hóa",
        "path": "Mai Hóa, Tuyên Hóa, Quảng Bình",
        "path_with_type": "Xã Mai Hóa, Huyện Tuyên Hóa, Tỉnh Quảng Bình",
        "code": "18994",
        "parent_code": "453"
    },
    "18997": {
        "name": "Tiến Hóa",
        "type": "xa",
        "slug": "tien-hoa",
        "name_with_type": "Xã Tiến Hóa",
        "path": "Tiến Hóa, Tuyên Hóa, Quảng Bình",
        "path_with_type": "Xã Tiến Hóa, Huyện Tuyên Hóa, Tỉnh Quảng Bình",
        "code": "18997",
        "parent_code": "453"
    },
    "19000": {
        "name": "Châu Hóa",
        "type": "xa",
        "slug": "chau-hoa",
        "name_with_type": "Xã Châu Hóa",
        "path": "Châu Hóa, Tuyên Hóa, Quảng Bình",
        "path_with_type": "Xã Châu Hóa, Huyện Tuyên Hóa, Tỉnh Quảng Bình",
        "code": "19000",
        "parent_code": "453"
    },
    "19003": {
        "name": "Cao Quảng",
        "type": "xa",
        "slug": "cao-quang",
        "name_with_type": "Xã Cao Quảng",
        "path": "Cao Quảng, Tuyên Hóa, Quảng Bình",
        "path_with_type": "Xã Cao Quảng, Huyện Tuyên Hóa, Tỉnh Quảng Bình",
        "code": "19003",
        "parent_code": "453"
    },
    "19006": {
        "name": "Văn Hóa",
        "type": "xa",
        "slug": "van-hoa",
        "name_with_type": "Xã Văn Hóa",
        "path": "Văn Hóa, Tuyên Hóa, Quảng Bình",
        "path_with_type": "Xã Văn Hóa, Huyện Tuyên Hóa, Tỉnh Quảng Bình",
        "code": "19006",
        "parent_code": "453"
    }
}