{
    "19330": {
        "name": "Đông Giang",
        "type": "phuong",
        "slug": "dong-giang",
        "name_with_type": "Phường Đông Giang",
        "path": "Đông Giang, Đông Hà, Quảng Trị",
        "path_with_type": "Phường Đông Giang, Thành phố Đông Hà, Tỉnh Quảng Trị",
        "code": "19330",
        "parent_code": "461"
    },
    "19333": {
        "name": "1",
        "type": "phuong",
        "slug": "1",
        "name_with_type": "Phường 1",
        "path": "1, Đông Hà, Quảng Trị",
        "path_with_type": "Phường 1, Thành phố Đông Hà, Tỉnh Quảng Trị",
        "code": "19333",
        "parent_code": "461"
    },
    "19336": {
        "name": "Đông Lễ",
        "type": "phuong",
        "slug": "dong-le",
        "name_with_type": "Phường Đông Lễ",
        "path": "Đông Lễ, Đông Hà, Quảng Trị",
        "path_with_type": "Phường Đông Lễ, Thành phố Đông Hà, Tỉnh Quảng Trị",
        "code": "19336",
        "parent_code": "461"
    },
    "19339": {
        "name": "Đông Thanh",
        "type": "phuong",
        "slug": "dong-thanh",
        "name_with_type": "Phường Đông Thanh",
        "path": "Đông Thanh, Đông Hà, Quảng Trị",
        "path_with_type": "Phường Đông Thanh, Thành phố Đông Hà, Tỉnh Quảng Trị",
        "code": "19339",
        "parent_code": "461"
    },
    "19342": {
        "name": "2",
        "type": "phuong",
        "slug": "2",
        "name_with_type": "Phường 2",
        "path": "2, Đông Hà, Quảng Trị",
        "path_with_type": "Phường 2, Thành phố Đông Hà, Tỉnh Quảng Trị",
        "code": "19342",
        "parent_code": "461"
    },
    "19345": {
        "name": "4",
        "type": "phuong",
        "slug": "4",
        "name_with_type": "Phường 4",
        "path": "4, Đông Hà, Quảng Trị",
        "path_with_type": "Phường 4, Thành phố Đông Hà, Tỉnh Quảng Trị",
        "code": "19345",
        "parent_code": "461"
    },
    "19348": {
        "name": "5",
        "type": "phuong",
        "slug": "5",
        "name_with_type": "Phường 5",
        "path": "5, Đông Hà, Quảng Trị",
        "path_with_type": "Phường 5, Thành phố Đông Hà, Tỉnh Quảng Trị",
        "code": "19348",
        "parent_code": "461"
    },
    "19351": {
        "name": "Đông Lương",
        "type": "phuong",
        "slug": "dong-luong",
        "name_with_type": "Phường Đông Lương",
        "path": "Đông Lương, Đông Hà, Quảng Trị",
        "path_with_type": "Phường Đông Lương, Thành phố Đông Hà, Tỉnh Quảng Trị",
        "code": "19351",
        "parent_code": "461"
    },
    "19354": {
        "name": "3",
        "type": "phuong",
        "slug": "3",
        "name_with_type": "Phường 3",
        "path": "3, Đông Hà, Quảng Trị",
        "path_with_type": "Phường 3, Thành phố Đông Hà, Tỉnh Quảng Trị",
        "code": "19354",
        "parent_code": "461"
    }
}