{
    "19555": {
        "name": "Krông Klang",
        "type": "thi-tran",
        "slug": "krong-klang",
        "name_with_type": "Thị trấn Krông Klang",
        "path": "Krông Klang, Đa Krông, Quảng Trị",
        "path_with_type": "Thị trấn Krông Klang, Huyện Đa Krông, Tỉnh Quảng Trị",
        "code": "19555",
        "parent_code": "467"
    },
    "19558": {
        "name": "Mò Ó",
        "type": "xa",
        "slug": "mo-o",
        "name_with_type": "Xã Mò Ó",
        "path": "Mò Ó, Đa Krông, Quảng Trị",
        "path_with_type": "Xã Mò Ó, Huyện Đa Krông, Tỉnh Quảng Trị",
        "code": "19558",
        "parent_code": "467"
    },
    "19561": {
        "name": "Hướng Hiệp",
        "type": "xa",
        "slug": "huong-hiep",
        "name_with_type": "Xã Hướng Hiệp",
        "path": "Hướng Hiệp, Đa Krông, Quảng Trị",
        "path_with_type": "Xã Hướng Hiệp, Huyện Đa Krông, Tỉnh Quảng Trị",
        "code": "19561",
        "parent_code": "467"
    },
    "19564": {
        "name": "Đa Krông",
        "type": "xa",
        "slug": "da-krong",
        "name_with_type": "Xã Đa Krông",
        "path": "Đa Krông, Đa Krông, Quảng Trị",
        "path_with_type": "Xã Đa Krông, Huyện Đa Krông, Tỉnh Quảng Trị",
        "code": "19564",
        "parent_code": "467"
    },
    "19567": {
        "name": "Triệu Nguyên",
        "type": "xa",
        "slug": "trieu-nguyen",
        "name_with_type": "Xã Triệu Nguyên",
        "path": "Triệu Nguyên, Đa Krông, Quảng Trị",
        "path_with_type": "Xã Triệu Nguyên, Huyện Đa Krông, Tỉnh Quảng Trị",
        "code": "19567",
        "parent_code": "467"
    },
    "19570": {
        "name": "Ba Lòng",
        "type": "xa",
        "slug": "ba-long",
        "name_with_type": "Xã Ba Lòng",
        "path": "Ba Lòng, Đa Krông, Quảng Trị",
        "path_with_type": "Xã Ba Lòng, Huyện Đa Krông, Tỉnh Quảng Trị",
        "code": "19570",
        "parent_code": "467"
    },
    "19576": {
        "name": "Ba Nang",
        "type": "xa",
        "slug": "ba-nang",
        "name_with_type": "Xã Ba Nang",
        "path": "Ba Nang, Đa Krông, Quảng Trị",
        "path_with_type": "Xã Ba Nang, Huyện Đa Krông, Tỉnh Quảng Trị",
        "code": "19576",
        "parent_code": "467"
    },
    "19579": {
        "name": "Tà Long",
        "type": "xa",
        "slug": "ta-long",
        "name_with_type": "Xã Tà Long",
        "path": "Tà Long, Đa Krông, Quảng Trị",
        "path_with_type": "Xã Tà Long, Huyện Đa Krông, Tỉnh Quảng Trị",
        "code": "19579",
        "parent_code": "467"
    },
    "19582": {
        "name": "Húc Nghì",
        "type": "xa",
        "slug": "huc-nghi",
        "name_with_type": "Xã Húc Nghì",
        "path": "Húc Nghì, Đa Krông, Quảng Trị",
        "path_with_type": "Xã Húc Nghì, Huyện Đa Krông, Tỉnh Quảng Trị",
        "code": "19582",
        "parent_code": "467"
    },
    "19585": {
        "name": "A Vao",
        "type": "xa",
        "slug": "a-vao",
        "name_with_type": "Xã A Vao",
        "path": "A Vao, Đa Krông, Quảng Trị",
        "path_with_type": "Xã A Vao, Huyện Đa Krông, Tỉnh Quảng Trị",
        "code": "19585",
        "parent_code": "467"
    },
    "19588": {
        "name": "Tà Rụt",
        "type": "xa",
        "slug": "ta-rut",
        "name_with_type": "Xã Tà Rụt",
        "path": "Tà Rụt, Đa Krông, Quảng Trị",
        "path_with_type": "Xã Tà Rụt, Huyện Đa Krông, Tỉnh Quảng Trị",
        "code": "19588",
        "parent_code": "467"
    },
    "19591": {
        "name": "A Bung",
        "type": "xa",
        "slug": "a-bung",
        "name_with_type": "Xã A Bung",
        "path": "A Bung, Đa Krông, Quảng Trị",
        "path_with_type": "Xã A Bung, Huyện Đa Krông, Tỉnh Quảng Trị",
        "code": "19591",
        "parent_code": "467"
    },
    "19594": {
        "name": "A Ngo",
        "type": "xa",
        "slug": "a-ngo",
        "name_with_type": "Xã A Ngo",
        "path": "A Ngo, Đa Krông, Quảng Trị",
        "path_with_type": "Xã A Ngo, Huyện Đa Krông, Tỉnh Quảng Trị",
        "code": "19594",
        "parent_code": "467"
    }
}