{
    "19597": {
        "name": "Cam Lộ",
        "type": "thi-tran",
        "slug": "cam-lo",
        "name_with_type": "Thị trấn Cam Lộ",
        "path": "Cam Lộ, Cam Lộ, Quảng Trị",
        "path_with_type": "Thị trấn Cam Lộ, Huyện Cam Lộ, Tỉnh Quảng Trị",
        "code": "19597",
        "parent_code": "468"
    },
    "19600": {
        "name": "Cam Tuyền",
        "type": "xa",
        "slug": "cam-tuyen",
        "name_with_type": "Xã Cam Tuyền",
        "path": "Cam Tuyền, Cam Lộ, Quảng Trị",
        "path_with_type": "Xã Cam Tuyền, Huyện Cam Lộ, Tỉnh Quảng Trị",
        "code": "19600",
        "parent_code": "468"
    },
    "19603": {
        "name": "Thanh An",
        "type": "xa",
        "slug": "thanh-an",
        "name_with_type": "Xã Thanh An",
        "path": "Thanh An, Cam Lộ, Quảng Trị",
        "path_with_type": "Xã Thanh An, Huyện Cam Lộ, Tỉnh Quảng Trị",
        "code": "19603",
        "parent_code": "468"
    },
    "19606": {
        "name": "Cam Thủy",
        "type": "xa",
        "slug": "cam-thuy",
        "name_with_type": "Xã Cam Thủy",
        "path": "Cam Thủy, Cam Lộ, Quảng Trị",
        "path_with_type": "Xã Cam Thủy, Huyện Cam Lộ, Tỉnh Quảng Trị",
        "code": "19606",
        "parent_code": "468"
    },
    "19612": {
        "name": "Cam Thành",
        "type": "xa",
        "slug": "cam-thanh",
        "name_with_type": "Xã Cam Thành",
        "path": "Cam Thành, Cam Lộ, Quảng Trị",
        "path_with_type": "Xã Cam Thành, Huyện Cam Lộ, Tỉnh Quảng Trị",
        "code": "19612",
        "parent_code": "468"
    },
    "19615": {
        "name": "Cam Hiếu",
        "type": "xa",
        "slug": "cam-hieu",
        "name_with_type": "Xã Cam Hiếu",
        "path": "Cam Hiếu, Cam Lộ, Quảng Trị",
        "path_with_type": "Xã Cam Hiếu, Huyện Cam Lộ, Tỉnh Quảng Trị",
        "code": "19615",
        "parent_code": "468"
    },
    "19618": {
        "name": "Cam Chính",
        "type": "xa",
        "slug": "cam-chinh",
        "name_with_type": "Xã Cam Chính",
        "path": "Cam Chính, Cam Lộ, Quảng Trị",
        "path_with_type": "Xã Cam Chính, Huyện Cam Lộ, Tỉnh Quảng Trị",
        "code": "19618",
        "parent_code": "468"
    },
    "19621": {
        "name": "Cam Nghĩa",
        "type": "xa",
        "slug": "cam-nghia",
        "name_with_type": "Xã Cam Nghĩa",
        "path": "Cam Nghĩa, Cam Lộ, Quảng Trị",
        "path_with_type": "Xã Cam Nghĩa, Huyện Cam Lộ, Tỉnh Quảng Trị",
        "code": "19621",
        "parent_code": "468"
    }
}