{
    "19867": {
        "name": "Sịa",
        "type": "thi-tran",
        "slug": "sia",
        "name_with_type": "Thị trấn Sịa",
        "path": "Sịa, Quảng Điền, Thừa Thiên Huế",
        "path_with_type": "Thị trấn Sịa, Huyện Quảng Điền, Tỉnh Thừa Thiên Huế",
        "code": "19867",
        "parent_code": "477"
    },
    "19870": {
        "name": "Quảng Thái",
        "type": "xa",
        "slug": "quang-thai",
        "name_with_type": "Xã Quảng Thái",
        "path": "Quảng Thái, Quảng Điền, Thừa Thiên Huế",
        "path_with_type": "Xã Quảng Thái, Huyện Quảng Điền, Tỉnh Thừa Thiên Huế",
        "code": "19870",
        "parent_code": "477"
    },
    "19873": {
        "name": "Quảng Ngạn",
        "type": "xa",
        "slug": "quang-ngan",
        "name_with_type": "Xã Quảng Ngạn",
        "path": "Quảng Ngạn, Quảng Điền, Thừa Thiên Huế",
        "path_with_type": "Xã Quảng Ngạn, Huyện Quảng Điền, Tỉnh Thừa Thiên Huế",
        "code": "19873",
        "parent_code": "477"
    },
    "19876": {
        "name": "Quảng Lợi",
        "type": "xa",
        "slug": "quang-loi",
        "name_with_type": "Xã Quảng Lợi",
        "path": "Quảng Lợi, Quảng Điền, Thừa Thiên Huế",
        "path_with_type": "Xã Quảng Lợi, Huyện Quảng Điền, Tỉnh Thừa Thiên Huế",
        "code": "19876",
        "parent_code": "477"
    },
    "19879": {
        "name": "Quảng Công",
        "type": "xa",
        "slug": "quang-cong",
        "name_with_type": "Xã Quảng Công",
        "path": "Quảng Công, Quảng Điền, Thừa Thiên Huế",
        "path_with_type": "Xã Quảng Công, Huyện Quảng Điền, Tỉnh Thừa Thiên Huế",
        "code": "19879",
        "parent_code": "477"
    },
    "19882": {
        "name": "Quảng Phước",
        "type": "xa",
        "slug": "quang-phuoc",
        "name_with_type": "Xã Quảng Phước",
        "path": "Quảng Phước, Quảng Điền, Thừa Thiên Huế",
        "path_with_type": "Xã Quảng Phước, Huyện Quảng Điền, Tỉnh Thừa Thiên Huế",
        "code": "19882",
        "parent_code": "477"
    },
    "19885": {
        "name": "Quảng Vinh",
        "type": "xa",
        "slug": "quang-vinh",
        "name_with_type": "Xã Quảng Vinh",
        "path": "Quảng Vinh, Quảng Điền, Thừa Thiên Huế",
        "path_with_type": "Xã Quảng Vinh, Huyện Quảng Điền, Tỉnh Thừa Thiên Huế",
        "code": "19885",
        "parent_code": "477"
    },
    "19888": {
        "name": "Quảng An",
        "type": "xa",
        "slug": "quang-an",
        "name_with_type": "Xã Quảng An",
        "path": "Quảng An, Quảng Điền, Thừa Thiên Huế",
        "path_with_type": "Xã Quảng An, Huyện Quảng Điền, Tỉnh Thừa Thiên Huế",
        "code": "19888",
        "parent_code": "477"
    },
    "19891": {
        "name": "Quảng Thành",
        "type": "xa",
        "slug": "quang-thanh",
        "name_with_type": "Xã Quảng Thành",
        "path": "Quảng Thành, Quảng Điền, Thừa Thiên Huế",
        "path_with_type": "Xã Quảng Thành, Huyện Quảng Điền, Tỉnh Thừa Thiên Huế",
        "code": "19891",
        "parent_code": "477"
    },
    "19894": {
        "name": "Quảng Thọ",
        "type": "xa",
        "slug": "quang-tho",
        "name_with_type": "Xã Quảng Thọ",
        "path": "Quảng Thọ, Quảng Điền, Thừa Thiên Huế",
        "path_with_type": "Xã Quảng Thọ, Huyện Quảng Điền, Tỉnh Thừa Thiên Huế",
        "code": "19894",
        "parent_code": "477"
    },
    "19897": {
        "name": "Quảng Phú",
        "type": "xa",
        "slug": "quang-phu",
        "name_with_type": "Xã Quảng Phú",
        "path": "Quảng Phú, Quảng Điền, Thừa Thiên Huế",
        "path_with_type": "Xã Quảng Phú, Huyện Quảng Điền, Tỉnh Thừa Thiên Huế",
        "code": "19897",
        "parent_code": "477"
    }
}