{
    "20194": {
        "name": "Hòa Hiệp Bắc",
        "type": "phuong",
        "slug": "hoa-hiep-bac",
        "name_with_type": "Phường Hòa Hiệp Bắc",
        "path": "Hòa Hiệp Bắc, Liên Chiểu, Đà Nẵng",
        "path_with_type": "Phường Hòa Hiệp Bắc, Quận Liên Chiểu, Thành phố Đà Nẵng",
        "code": "20194",
        "parent_code": "490"
    },
    "20195": {
        "name": "Hòa Hiệp Nam",
        "type": "phuong",
        "slug": "hoa-hiep-nam",
        "name_with_type": "Phường Hòa Hiệp Nam",
        "path": "Hòa Hiệp Nam, Liên Chiểu, Đà Nẵng",
        "path_with_type": "Phường Hòa Hiệp Nam, Quận Liên Chiểu, Thành phố Đà Nẵng",
        "code": "20195",
        "parent_code": "490"
    },
    "20197": {
        "name": "Hòa Khánh Bắc",
        "type": "phuong",
        "slug": "hoa-khanh-bac",
        "name_with_type": "Phường Hòa Khánh Bắc",
        "path": "Hòa Khánh Bắc, Liên Chiểu, Đà Nẵng",
        "path_with_type": "Phường Hòa Khánh Bắc, Quận Liên Chiểu, Thành phố Đà Nẵng",
        "code": "20197",
        "parent_code": "490"
    },
    "20198": {
        "name": "Hòa Khánh Nam",
        "type": "phuong",
        "slug": "hoa-khanh-nam",
        "name_with_type": "Phường Hòa Khánh Nam",
        "path": "Hòa Khánh Nam, Liên Chiểu, Đà Nẵng",
        "path_with_type": "Phường Hòa Khánh Nam, Quận Liên Chiểu, Thành phố Đà Nẵng",
        "code": "20198",
        "parent_code": "490"
    },
    "20200": {
        "name": "Hòa Minh",
        "type": "phuong",
        "slug": "hoa-minh",
        "name_with_type": "Phường Hòa Minh",
        "path": "Hòa Minh, Liên Chiểu, Đà Nẵng",
        "path_with_type": "Phường Hòa Minh, Quận Liên Chiểu, Thành phố Đà Nẵng",
        "code": "20200",
        "parent_code": "490"
    }
}