{
    "20284": {
        "name": "Mỹ An",
        "type": "phuong",
        "slug": "my-an",
        "name_with_type": "Phường Mỹ An",
        "path": "Mỹ An, Ngũ Hành Sơn, Đà Nẵng",
        "path_with_type": "Phường Mỹ An, Quận Ngũ Hành Sơn, Thành phố Đà Nẵng",
        "code": "20284",
        "parent_code": "494"
    },
    "20285": {
        "name": "Khuê Mỹ",
        "type": "phuong",
        "slug": "khue-my",
        "name_with_type": "Phường Khuê Mỹ",
        "path": "Khuê Mỹ, Ngũ Hành Sơn, Đà Nẵng",
        "path_with_type": "Phường Khuê Mỹ, Quận Ngũ Hành Sơn, Thành phố Đà Nẵng",
        "code": "20285",
        "parent_code": "494"
    },
    "20287": {
        "name": "Hoà Quý",
        "type": "phuong",
        "slug": "hoa-quy",
        "name_with_type": "Phường Hoà Quý",
        "path": "Hoà Quý, Ngũ Hành Sơn, Đà Nẵng",
        "path_with_type": "Phường Hoà Quý, Quận Ngũ Hành Sơn, Thành phố Đà Nẵng",
        "code": "20287",
        "parent_code": "494"
    },
    "20290": {
        "name": "Hoà Hải",
        "type": "phuong",
        "slug": "hoa-hai",
        "name_with_type": "Phường Hoà Hải",
        "path": "Hoà Hải, Ngũ Hành Sơn, Đà Nẵng",
        "path_with_type": "Phường Hoà Hải, Quận Ngũ Hành Sơn, Thành phố Đà Nẵng",
        "code": "20290",
        "parent_code": "494"
    }
}