{
    "20335": {
        "name": "Tân Thạnh",
        "type": "phuong",
        "slug": "tan-thanh",
        "name_with_type": "Phường Tân Thạnh",
        "path": "Tân Thạnh, Tam Kỳ, Quảng Nam",
        "path_with_type": "Phường Tân Thạnh, Thành phố Tam Kỳ, Tỉnh Quảng Nam",
        "code": "20335",
        "parent_code": "502"
    },
    "20338": {
        "name": "Phước Hòa",
        "type": "phuong",
        "slug": "phuoc-hoa",
        "name_with_type": "Phường Phước Hòa",
        "path": "Phước Hòa, Tam Kỳ, Quảng Nam",
        "path_with_type": "Phường Phước Hòa, Thành phố Tam Kỳ, Tỉnh Quảng Nam",
        "code": "20338",
        "parent_code": "502"
    },
    "20341": {
        "name": "An Mỹ",
        "type": "phuong",
        "slug": "an-my",
        "name_with_type": "Phường An Mỹ",
        "path": "An Mỹ, Tam Kỳ, Quảng Nam",
        "path_with_type": "Phường An Mỹ, Thành phố Tam Kỳ, Tỉnh Quảng Nam",
        "code": "20341",
        "parent_code": "502"
    },
    "20344": {
        "name": "Hòa Hương",
        "type": "phuong",
        "slug": "hoa-huong",
        "name_with_type": "Phường Hòa Hương",
        "path": "Hòa Hương, Tam Kỳ, Quảng Nam",
        "path_with_type": "Phường Hòa Hương, Thành phố Tam Kỳ, Tỉnh Quảng Nam",
        "code": "20344",
        "parent_code": "502"
    },
    "20347": {
        "name": "An Xuân",
        "type": "phuong",
        "slug": "an-xuan",
        "name_with_type": "Phường An Xuân",
        "path": "An Xuân, Tam Kỳ, Quảng Nam",
        "path_with_type": "Phường An Xuân, Thành phố Tam Kỳ, Tỉnh Quảng Nam",
        "code": "20347",
        "parent_code": "502"
    },
    "20350": {
        "name": "An Sơn",
        "type": "phuong",
        "slug": "an-son",
        "name_with_type": "Phường An Sơn",
        "path": "An Sơn, Tam Kỳ, Quảng Nam",
        "path_with_type": "Phường An Sơn, Thành phố Tam Kỳ, Tỉnh Quảng Nam",
        "code": "20350",
        "parent_code": "502"
    },
    "20353": {
        "name": "Trường Xuân",
        "type": "phuong",
        "slug": "truong-xuan",
        "name_with_type": "Phường Trường Xuân",
        "path": "Trường Xuân, Tam Kỳ, Quảng Nam",
        "path_with_type": "Phường Trường Xuân, Thành phố Tam Kỳ, Tỉnh Quảng Nam",
        "code": "20353",
        "parent_code": "502"
    },
    "20356": {
        "name": "An Phú",
        "type": "phuong",
        "slug": "an-phu",
        "name_with_type": "Phường An Phú",
        "path": "An Phú, Tam Kỳ, Quảng Nam",
        "path_with_type": "Phường An Phú, Thành phố Tam Kỳ, Tỉnh Quảng Nam",
        "code": "20356",
        "parent_code": "502"
    },
    "20359": {
        "name": "Tam Thanh",
        "type": "xa",
        "slug": "tam-thanh",
        "name_with_type": "Xã Tam Thanh",
        "path": "Tam Thanh, Tam Kỳ, Quảng Nam",
        "path_with_type": "Xã Tam Thanh, Thành phố Tam Kỳ, Tỉnh Quảng Nam",
        "code": "20359",
        "parent_code": "502"
    },
    "20362": {
        "name": "Tam Thăng",
        "type": "xa",
        "slug": "tam-thang",
        "name_with_type": "Xã Tam Thăng",
        "path": "Tam Thăng, Tam Kỳ, Quảng Nam",
        "path_with_type": "Xã Tam Thăng, Thành phố Tam Kỳ, Tỉnh Quảng Nam",
        "code": "20362",
        "parent_code": "502"
    },
    "20371": {
        "name": "Tam Phú",
        "type": "xa",
        "slug": "tam-phu",
        "name_with_type": "Xã Tam Phú",
        "path": "Tam Phú, Tam Kỳ, Quảng Nam",
        "path_with_type": "Xã Tam Phú, Thành phố Tam Kỳ, Tỉnh Quảng Nam",
        "code": "20371",
        "parent_code": "502"
    },
    "20375": {
        "name": "Hoà Thuận",
        "type": "phuong",
        "slug": "hoa-thuan",
        "name_with_type": "Phường Hoà Thuận",
        "path": "Hoà Thuận, Tam Kỳ, Quảng Nam",
        "path_with_type": "Phường Hoà Thuận, Thành phố Tam Kỳ, Tỉnh Quảng Nam",
        "code": "20375",
        "parent_code": "502"
    },
    "20389": {
        "name": "Tam Ngọc",
        "type": "xa",
        "slug": "tam-ngoc",
        "name_with_type": "Xã Tam Ngọc",
        "path": "Tam Ngọc, Tam Kỳ, Quảng Nam",
        "path_with_type": "Xã Tam Ngọc, Thành phố Tam Kỳ, Tỉnh Quảng Nam",
        "code": "20389",
        "parent_code": "502"
    }
}