{
    "20398": {
        "name": "Minh An",
        "type": "phuong",
        "slug": "minh-an",
        "name_with_type": "Phường Minh An",
        "path": "Minh An, Hội An, Quảng Nam",
        "path_with_type": "Phường Minh An, Thành phố Hội An, Tỉnh Quảng Nam",
        "code": "20398",
        "parent_code": "503"
    },
    "20401": {
        "name": "Tân An",
        "type": "phuong",
        "slug": "tan-an",
        "name_with_type": "Phường Tân An",
        "path": "Tân An, Hội An, Quảng Nam",
        "path_with_type": "Phường Tân An, Thành phố Hội An, Tỉnh Quảng Nam",
        "code": "20401",
        "parent_code": "503"
    },
    "20404": {
        "name": "Cẩm Phô",
        "type": "phuong",
        "slug": "cam-pho",
        "name_with_type": "Phường Cẩm Phô",
        "path": "Cẩm Phô, Hội An, Quảng Nam",
        "path_with_type": "Phường Cẩm Phô, Thành phố Hội An, Tỉnh Quảng Nam",
        "code": "20404",
        "parent_code": "503"
    },
    "20407": {
        "name": "Thanh Hà",
        "type": "phuong",
        "slug": "thanh-ha",
        "name_with_type": "Phường Thanh Hà",
        "path": "Thanh Hà, Hội An, Quảng Nam",
        "path_with_type": "Phường Thanh Hà, Thành phố Hội An, Tỉnh Quảng Nam",
        "code": "20407",
        "parent_code": "503"
    },
    "20410": {
        "name": "Sơn Phong",
        "type": "phuong",
        "slug": "son-phong",
        "name_with_type": "Phường Sơn Phong",
        "path": "Sơn Phong, Hội An, Quảng Nam",
        "path_with_type": "Phường Sơn Phong, Thành phố Hội An, Tỉnh Quảng Nam",
        "code": "20410",
        "parent_code": "503"
    },
    "20413": {
        "name": "Cẩm Châu",
        "type": "phuong",
        "slug": "cam-chau",
        "name_with_type": "Phường Cẩm Châu",
        "path": "Cẩm Châu, Hội An, Quảng Nam",
        "path_with_type": "Phường Cẩm Châu, Thành phố Hội An, Tỉnh Quảng Nam",
        "code": "20413",
        "parent_code": "503"
    },
    "20416": {
        "name": "Cửa Đại",
        "type": "phuong",
        "slug": "cua-dai",
        "name_with_type": "Phường Cửa Đại",
        "path": "Cửa Đại, Hội An, Quảng Nam",
        "path_with_type": "Phường Cửa Đại, Thành phố Hội An, Tỉnh Quảng Nam",
        "code": "20416",
        "parent_code": "503"
    },
    "20419": {
        "name": "Cẩm An",
        "type": "phuong",
        "slug": "cam-an",
        "name_with_type": "Phường Cẩm An",
        "path": "Cẩm An, Hội An, Quảng Nam",
        "path_with_type": "Phường Cẩm An, Thành phố Hội An, Tỉnh Quảng Nam",
        "code": "20419",
        "parent_code": "503"
    },
    "20422": {
        "name": "Cẩm Hà",
        "type": "xa",
        "slug": "cam-ha",
        "name_with_type": "Xã Cẩm Hà",
        "path": "Cẩm Hà, Hội An, Quảng Nam",
        "path_with_type": "Xã Cẩm Hà, Thành phố Hội An, Tỉnh Quảng Nam",
        "code": "20422",
        "parent_code": "503"
    },
    "20425": {
        "name": "Cẩm Kim",
        "type": "xa",
        "slug": "cam-kim",
        "name_with_type": "Xã Cẩm Kim",
        "path": "Cẩm Kim, Hội An, Quảng Nam",
        "path_with_type": "Xã Cẩm Kim, Thành phố Hội An, Tỉnh Quảng Nam",
        "code": "20425",
        "parent_code": "503"
    },
    "20428": {
        "name": "Cẩm Nam",
        "type": "phuong",
        "slug": "cam-nam",
        "name_with_type": "Phường Cẩm Nam",
        "path": "Cẩm Nam, Hội An, Quảng Nam",
        "path_with_type": "Phường Cẩm Nam, Thành phố Hội An, Tỉnh Quảng Nam",
        "code": "20428",
        "parent_code": "503"
    },
    "20431": {
        "name": "Cẩm Thanh",
        "type": "xa",
        "slug": "cam-thanh",
        "name_with_type": "Xã Cẩm Thanh",
        "path": "Cẩm Thanh, Hội An, Quảng Nam",
        "path_with_type": "Xã Cẩm Thanh, Thành phố Hội An, Tỉnh Quảng Nam",
        "code": "20431",
        "parent_code": "503"
    },
    "20434": {
        "name": "Tân Hiệp",
        "type": "xa",
        "slug": "tan-hiep",
        "name_with_type": "Xã Tân Hiệp",
        "path": "Tân Hiệp, Hội An, Quảng Nam",
        "path_with_type": "Xã Tân Hiệp, Thành phố Hội An, Tỉnh Quảng Nam",
        "code": "20434",
        "parent_code": "503"
    }
}