{
    "20599": {
        "name": "Nam Phước",
        "type": "thi-tran",
        "slug": "nam-phuoc",
        "name_with_type": "Thị trấn Nam Phước",
        "path": "Nam Phước, Duy Xuyên, Quảng Nam",
        "path_with_type": "Thị trấn Nam Phước, Huyện Duy Xuyên, Tỉnh Quảng Nam",
        "code": "20599",
        "parent_code": "508"
    },
    "20602": {
        "name": "Duy Thu",
        "type": "xa",
        "slug": "duy-thu",
        "name_with_type": "Xã Duy Thu",
        "path": "Duy Thu, Duy Xuyên, Quảng Nam",
        "path_with_type": "Xã Duy Thu, Huyện Duy Xuyên, Tỉnh Quảng Nam",
        "code": "20602",
        "parent_code": "508"
    },
    "20605": {
        "name": "Duy Phú",
        "type": "xa",
        "slug": "duy-phu",
        "name_with_type": "Xã Duy Phú",
        "path": "Duy Phú, Duy Xuyên, Quảng Nam",
        "path_with_type": "Xã Duy Phú, Huyện Duy Xuyên, Tỉnh Quảng Nam",
        "code": "20605",
        "parent_code": "508"
    },
    "20608": {
        "name": "Duy Tân",
        "type": "xa",
        "slug": "duy-tan",
        "name_with_type": "Xã Duy Tân",
        "path": "Duy Tân, Duy Xuyên, Quảng Nam",
        "path_with_type": "Xã Duy Tân, Huyện Duy Xuyên, Tỉnh Quảng Nam",
        "code": "20608",
        "parent_code": "508"
    },
    "20611": {
        "name": "Duy Hòa",
        "type": "xa",
        "slug": "duy-hoa",
        "name_with_type": "Xã Duy Hòa",
        "path": "Duy Hòa, Duy Xuyên, Quảng Nam",
        "path_with_type": "Xã Duy Hòa, Huyện Duy Xuyên, Tỉnh Quảng Nam",
        "code": "20611",
        "parent_code": "508"
    },
    "20614": {
        "name": "Duy Châu",
        "type": "xa",
        "slug": "duy-chau",
        "name_with_type": "Xã Duy Châu",
        "path": "Duy Châu, Duy Xuyên, Quảng Nam",
        "path_with_type": "Xã Duy Châu, Huyện Duy Xuyên, Tỉnh Quảng Nam",
        "code": "20614",
        "parent_code": "508"
    },
    "20617": {
        "name": "Duy Trinh",
        "type": "xa",
        "slug": "duy-trinh",
        "name_with_type": "Xã Duy Trinh",
        "path": "Duy Trinh, Duy Xuyên, Quảng Nam",
        "path_with_type": "Xã Duy Trinh, Huyện Duy Xuyên, Tỉnh Quảng Nam",
        "code": "20617",
        "parent_code": "508"
    },
    "20620": {
        "name": "Duy Sơn",
        "type": "xa",
        "slug": "duy-son",
        "name_with_type": "Xã Duy Sơn",
        "path": "Duy Sơn, Duy Xuyên, Quảng Nam",
        "path_with_type": "Xã Duy Sơn, Huyện Duy Xuyên, Tỉnh Quảng Nam",
        "code": "20620",
        "parent_code": "508"
    },
    "20623": {
        "name": "Duy Trung",
        "type": "xa",
        "slug": "duy-trung",
        "name_with_type": "Xã Duy Trung",
        "path": "Duy Trung, Duy Xuyên, Quảng Nam",
        "path_with_type": "Xã Duy Trung, Huyện Duy Xuyên, Tỉnh Quảng Nam",
        "code": "20623",
        "parent_code": "508"
    },
    "20626": {
        "name": "Duy Phước",
        "type": "xa",
        "slug": "duy-phuoc",
        "name_with_type": "Xã Duy Phước",
        "path": "Duy Phước, Duy Xuyên, Quảng Nam",
        "path_with_type": "Xã Duy Phước, Huyện Duy Xuyên, Tỉnh Quảng Nam",
        "code": "20626",
        "parent_code": "508"
    },
    "20629": {
        "name": "Duy Thành",
        "type": "xa",
        "slug": "duy-thanh",
        "name_with_type": "Xã Duy Thành",
        "path": "Duy Thành, Duy Xuyên, Quảng Nam",
        "path_with_type": "Xã Duy Thành, Huyện Duy Xuyên, Tỉnh Quảng Nam",
        "code": "20629",
        "parent_code": "508"
    },
    "20632": {
        "name": "Duy Vinh",
        "type": "xa",
        "slug": "duy-vinh",
        "name_with_type": "Xã Duy Vinh",
        "path": "Duy Vinh, Duy Xuyên, Quảng Nam",
        "path_with_type": "Xã Duy Vinh, Huyện Duy Xuyên, Tỉnh Quảng Nam",
        "code": "20632",
        "parent_code": "508"
    },
    "20635": {
        "name": "Duy Nghĩa",
        "type": "xa",
        "slug": "duy-nghia",
        "name_with_type": "Xã Duy Nghĩa",
        "path": "Duy Nghĩa, Duy Xuyên, Quảng Nam",
        "path_with_type": "Xã Duy Nghĩa, Huyện Duy Xuyên, Tỉnh Quảng Nam",
        "code": "20635",
        "parent_code": "508"
    },
    "20638": {
        "name": "Duy Hải",
        "type": "xa",
        "slug": "duy-hai",
        "name_with_type": "Xã Duy Hải",
        "path": "Duy Hải, Duy Xuyên, Quảng Nam",
        "path_with_type": "Xã Duy Hải, Huyện Duy Xuyên, Tỉnh Quảng Nam",
        "code": "20638",
        "parent_code": "508"
    }
}