{
    "20722": {
        "name": "Khâm Đức",
        "type": "thi-tran",
        "slug": "kham-duc",
        "name_with_type": "Thị trấn Khâm Đức",
        "path": "Khâm Đức, Phước Sơn, Quảng Nam",
        "path_with_type": "Thị trấn Khâm Đức, Huyện Phước Sơn, Tỉnh Quảng Nam",
        "code": "20722",
        "parent_code": "511"
    },
    "20725": {
        "name": "Phước Xuân",
        "type": "xa",
        "slug": "phuoc-xuan",
        "name_with_type": "Xã Phước Xuân",
        "path": "Phước Xuân, Phước Sơn, Quảng Nam",
        "path_with_type": "Xã Phước Xuân, Huyện Phước Sơn, Tỉnh Quảng Nam",
        "code": "20725",
        "parent_code": "511"
    },
    "20728": {
        "name": "Phước Hiệp",
        "type": "xa",
        "slug": "phuoc-hiep",
        "name_with_type": "Xã Phước Hiệp",
        "path": "Phước Hiệp, Phước Sơn, Quảng Nam",
        "path_with_type": "Xã Phước Hiệp, Huyện Phước Sơn, Tỉnh Quảng Nam",
        "code": "20728",
        "parent_code": "511"
    },
    "20729": {
        "name": "Phước Hoà",
        "type": "xa",
        "slug": "phuoc-hoa",
        "name_with_type": "Xã Phước Hoà",
        "path": "Phước Hoà, Phước Sơn, Quảng Nam",
        "path_with_type": "Xã Phước Hoà, Huyện Phước Sơn, Tỉnh Quảng Nam",
        "code": "20729",
        "parent_code": "511"
    },
    "20731": {
        "name": "Phước Đức",
        "type": "xa",
        "slug": "phuoc-duc",
        "name_with_type": "Xã Phước Đức",
        "path": "Phước Đức, Phước Sơn, Quảng Nam",
        "path_with_type": "Xã Phước Đức, Huyện Phước Sơn, Tỉnh Quảng Nam",
        "code": "20731",
        "parent_code": "511"
    },
    "20734": {
        "name": "Phước Năng",
        "type": "xa",
        "slug": "phuoc-nang",
        "name_with_type": "Xã Phước Năng",
        "path": "Phước Năng, Phước Sơn, Quảng Nam",
        "path_with_type": "Xã Phước Năng, Huyện Phước Sơn, Tỉnh Quảng Nam",
        "code": "20734",
        "parent_code": "511"
    },
    "20737": {
        "name": "Phước Mỹ",
        "type": "xa",
        "slug": "phuoc-my",
        "name_with_type": "Xã Phước Mỹ",
        "path": "Phước Mỹ, Phước Sơn, Quảng Nam",
        "path_with_type": "Xã Phước Mỹ, Huyện Phước Sơn, Tỉnh Quảng Nam",
        "code": "20737",
        "parent_code": "511"
    },
    "20740": {
        "name": "Phước Chánh",
        "type": "xa",
        "slug": "phuoc-chanh",
        "name_with_type": "Xã Phước Chánh",
        "path": "Phước Chánh, Phước Sơn, Quảng Nam",
        "path_with_type": "Xã Phước Chánh, Huyện Phước Sơn, Tỉnh Quảng Nam",
        "code": "20740",
        "parent_code": "511"
    },
    "20743": {
        "name": "Phước Công",
        "type": "xa",
        "slug": "phuoc-cong",
        "name_with_type": "Xã Phước Công",
        "path": "Phước Công, Phước Sơn, Quảng Nam",
        "path_with_type": "Xã Phước Công, Huyện Phước Sơn, Tỉnh Quảng Nam",
        "code": "20743",
        "parent_code": "511"
    },
    "20746": {
        "name": "Phước Kim",
        "type": "xa",
        "slug": "phuoc-kim",
        "name_with_type": "Xã Phước Kim",
        "path": "Phước Kim, Phước Sơn, Quảng Nam",
        "path_with_type": "Xã Phước Kim, Huyện Phước Sơn, Tỉnh Quảng Nam",
        "code": "20746",
        "parent_code": "511"
    },
    "20749": {
        "name": "Phước Lộc",
        "type": "xa",
        "slug": "phuoc-loc",
        "name_with_type": "Xã Phước Lộc",
        "path": "Phước Lộc, Phước Sơn, Quảng Nam",
        "path_with_type": "Xã Phước Lộc, Huyện Phước Sơn, Tỉnh Quảng Nam",
        "code": "20749",
        "parent_code": "511"
    },
    "20752": {
        "name": "Phước Thành",
        "type": "xa",
        "slug": "phuoc-thanh",
        "name_with_type": "Xã Phước Thành",
        "path": "Phước Thành, Phước Sơn, Quảng Nam",
        "path_with_type": "Xã Phước Thành, Huyện Phước Sơn, Tỉnh Quảng Nam",
        "code": "20752",
        "parent_code": "511"
    }
}