{
    "20791": {
        "name": "Hà Lam",
        "type": "thi-tran",
        "slug": "ha-lam",
        "name_with_type": "Thị trấn Hà Lam",
        "path": "Hà Lam, Thăng Bình, Quảng Nam",
        "path_with_type": "Thị trấn Hà Lam, Huyện Thăng Bình, Tỉnh Quảng Nam",
        "code": "20791",
        "parent_code": "513"
    },
    "20794": {
        "name": "Bình Dương",
        "type": "xa",
        "slug": "binh-duong",
        "name_with_type": "Xã Bình Dương",
        "path": "Bình Dương, Thăng Bình, Quảng Nam",
        "path_with_type": "Xã Bình Dương, Huyện Thăng Bình, Tỉnh Quảng Nam",
        "code": "20794",
        "parent_code": "513"
    },
    "20797": {
        "name": "Bình Giang",
        "type": "xa",
        "slug": "binh-giang",
        "name_with_type": "Xã Bình Giang",
        "path": "Bình Giang, Thăng Bình, Quảng Nam",
        "path_with_type": "Xã Bình Giang, Huyện Thăng Bình, Tỉnh Quảng Nam",
        "code": "20797",
        "parent_code": "513"
    },
    "20800": {
        "name": "Bình Nguyên",
        "type": "xa",
        "slug": "binh-nguyen",
        "name_with_type": "Xã Bình Nguyên",
        "path": "Bình Nguyên, Thăng Bình, Quảng Nam",
        "path_with_type": "Xã Bình Nguyên, Huyện Thăng Bình, Tỉnh Quảng Nam",
        "code": "20800",
        "parent_code": "513"
    },
    "20803": {
        "name": "Bình Phục",
        "type": "xa",
        "slug": "binh-phuc",
        "name_with_type": "Xã Bình Phục",
        "path": "Bình Phục, Thăng Bình, Quảng Nam",
        "path_with_type": "Xã Bình Phục, Huyện Thăng Bình, Tỉnh Quảng Nam",
        "code": "20803",
        "parent_code": "513"
    },
    "20806": {
        "name": "Bình Triều",
        "type": "xa",
        "slug": "binh-trieu",
        "name_with_type": "Xã Bình Triều",
        "path": "Bình Triều, Thăng Bình, Quảng Nam",
        "path_with_type": "Xã Bình Triều, Huyện Thăng Bình, Tỉnh Quảng Nam",
        "code": "20806",
        "parent_code": "513"
    },
    "20809": {
        "name": "Bình Đào",
        "type": "xa",
        "slug": "binh-dao",
        "name_with_type": "Xã Bình Đào",
        "path": "Bình Đào, Thăng Bình, Quảng Nam",
        "path_with_type": "Xã Bình Đào, Huyện Thăng Bình, Tỉnh Quảng Nam",
        "code": "20809",
        "parent_code": "513"
    },
    "20812": {
        "name": "Bình Minh",
        "type": "xa",
        "slug": "binh-minh",
        "name_with_type": "Xã Bình Minh",
        "path": "Bình Minh, Thăng Bình, Quảng Nam",
        "path_with_type": "Xã Bình Minh, Huyện Thăng Bình, Tỉnh Quảng Nam",
        "code": "20812",
        "parent_code": "513"
    },
    "20815": {
        "name": "Bình Lãnh",
        "type": "xa",
        "slug": "binh-lanh",
        "name_with_type": "Xã Bình Lãnh",
        "path": "Bình Lãnh, Thăng Bình, Quảng Nam",
        "path_with_type": "Xã Bình Lãnh, Huyện Thăng Bình, Tỉnh Quảng Nam",
        "code": "20815",
        "parent_code": "513"
    },
    "20818": {
        "name": "Bình Trị",
        "type": "xa",
        "slug": "binh-tri",
        "name_with_type": "Xã Bình Trị",
        "path": "Bình Trị, Thăng Bình, Quảng Nam",
        "path_with_type": "Xã Bình Trị, Huyện Thăng Bình, Tỉnh Quảng Nam",
        "code": "20818",
        "parent_code": "513"
    },
    "20821": {
        "name": "Bình Định Bắc",
        "type": "xa",
        "slug": "binh-dinh-bac",
        "name_with_type": "Xã Bình Định Bắc",
        "path": "Bình Định Bắc, Thăng Bình, Quảng Nam",
        "path_with_type": "Xã Bình Định Bắc, Huyện Thăng Bình, Tỉnh Quảng Nam",
        "code": "20821",
        "parent_code": "513"
    },
    "20822": {
        "name": "Bình Định Nam",
        "type": "xa",
        "slug": "binh-dinh-nam",
        "name_with_type": "Xã Bình Định Nam",
        "path": "Bình Định Nam, Thăng Bình, Quảng Nam",
        "path_with_type": "Xã Bình Định Nam, Huyện Thăng Bình, Tỉnh Quảng Nam",
        "code": "20822",
        "parent_code": "513"
    },
    "20824": {
        "name": "Bình Quý",
        "type": "xa",
        "slug": "binh-quy",
        "name_with_type": "Xã Bình Quý",
        "path": "Bình Quý, Thăng Bình, Quảng Nam",
        "path_with_type": "Xã Bình Quý, Huyện Thăng Bình, Tỉnh Quảng Nam",
        "code": "20824",
        "parent_code": "513"
    },
    "20827": {
        "name": "Bình Phú",
        "type": "xa",
        "slug": "binh-phu",
        "name_with_type": "Xã Bình Phú",
        "path": "Bình Phú, Thăng Bình, Quảng Nam",
        "path_with_type": "Xã Bình Phú, Huyện Thăng Bình, Tỉnh Quảng Nam",
        "code": "20827",
        "parent_code": "513"
    },
    "20830": {
        "name": "Bình Chánh",
        "type": "xa",
        "slug": "binh-chanh",
        "name_with_type": "Xã Bình Chánh",
        "path": "Bình Chánh, Thăng Bình, Quảng Nam",
        "path_with_type": "Xã Bình Chánh, Huyện Thăng Bình, Tỉnh Quảng Nam",
        "code": "20830",
        "parent_code": "513"
    },
    "20833": {
        "name": "Bình Tú",
        "type": "xa",
        "slug": "binh-tu",
        "name_with_type": "Xã Bình Tú",
        "path": "Bình Tú, Thăng Bình, Quảng Nam",
        "path_with_type": "Xã Bình Tú, Huyện Thăng Bình, Tỉnh Quảng Nam",
        "code": "20833",
        "parent_code": "513"
    },
    "20836": {
        "name": "Bình Sa",
        "type": "xa",
        "slug": "binh-sa",
        "name_with_type": "Xã Bình Sa",
        "path": "Bình Sa, Thăng Bình, Quảng Nam",
        "path_with_type": "Xã Bình Sa, Huyện Thăng Bình, Tỉnh Quảng Nam",
        "code": "20836",
        "parent_code": "513"
    },
    "20839": {
        "name": "Bình Hải",
        "type": "xa",
        "slug": "binh-hai",
        "name_with_type": "Xã Bình Hải",
        "path": "Bình Hải, Thăng Bình, Quảng Nam",
        "path_with_type": "Xã Bình Hải, Huyện Thăng Bình, Tỉnh Quảng Nam",
        "code": "20839",
        "parent_code": "513"
    },
    "20842": {
        "name": "Bình Quế",
        "type": "xa",
        "slug": "binh-que",
        "name_with_type": "Xã Bình Quế",
        "path": "Bình Quế, Thăng Bình, Quảng Nam",
        "path_with_type": "Xã Bình Quế, Huyện Thăng Bình, Tỉnh Quảng Nam",
        "code": "20842",
        "parent_code": "513"
    },
    "20845": {
        "name": "Bình An",
        "type": "xa",
        "slug": "binh-an",
        "name_with_type": "Xã Bình An",
        "path": "Bình An, Thăng Bình, Quảng Nam",
        "path_with_type": "Xã Bình An, Huyện Thăng Bình, Tỉnh Quảng Nam",
        "code": "20845",
        "parent_code": "513"
    },
    "20848": {
        "name": "Bình Trung",
        "type": "xa",
        "slug": "binh-trung",
        "name_with_type": "Xã Bình Trung",
        "path": "Bình Trung, Thăng Bình, Quảng Nam",
        "path_with_type": "Xã Bình Trung, Huyện Thăng Bình, Tỉnh Quảng Nam",
        "code": "20848",
        "parent_code": "513"
    },
    "20851": {
        "name": "Bình Nam",
        "type": "xa",
        "slug": "binh-nam",
        "name_with_type": "Xã Bình Nam",
        "path": "Bình Nam, Thăng Bình, Quảng Nam",
        "path_with_type": "Xã Bình Nam, Huyện Thăng Bình, Tỉnh Quảng Nam",
        "code": "20851",
        "parent_code": "513"
    }
}