{
    "21145": {
        "name": "Trà Thanh",
        "type": "xa",
        "slug": "tra-thanh",
        "name_with_type": "Xã Trà Thanh",
        "path": "Trà Thanh, Tây Trà, Quảng Ngãi",
        "path_with_type": "Xã Trà Thanh, Huyện Tây Trà, Tỉnh Quảng Ngãi",
        "code": "21145",
        "parent_code": "526"
    },
    "21148": {
        "name": "Trà Khê",
        "type": "xa",
        "slug": "tra-khe",
        "name_with_type": "Xã Trà Khê",
        "path": "Trà Khê, Tây Trà, Quảng Ngãi",
        "path_with_type": "Xã Trà Khê, Huyện Tây Trà, Tỉnh Quảng Ngãi",
        "code": "21148",
        "parent_code": "526"
    },
    "21151": {
        "name": "Trà Quân",
        "type": "xa",
        "slug": "tra-quan",
        "name_with_type": "Xã Trà Quân",
        "path": "Trà Quân, Tây Trà, Quảng Ngãi",
        "path_with_type": "Xã Trà Quân, Huyện Tây Trà, Tỉnh Quảng Ngãi",
        "code": "21151",
        "parent_code": "526"
    },
    "21154": {
        "name": "Trà Phong",
        "type": "xa",
        "slug": "tra-phong",
        "name_with_type": "Xã Trà Phong",
        "path": "Trà Phong, Tây Trà, Quảng Ngãi",
        "path_with_type": "Xã Trà Phong, Huyện Tây Trà, Tỉnh Quảng Ngãi",
        "code": "21154",
        "parent_code": "526"
    },
    "21157": {
        "name": "Trà Lãnh",
        "type": "xa",
        "slug": "tra-lanh",
        "name_with_type": "Xã Trà Lãnh",
        "path": "Trà Lãnh, Tây Trà, Quảng Ngãi",
        "path_with_type": "Xã Trà Lãnh, Huyện Tây Trà, Tỉnh Quảng Ngãi",
        "code": "21157",
        "parent_code": "526"
    },
    "21160": {
        "name": "Trà Nham",
        "type": "xa",
        "slug": "tra-nham",
        "name_with_type": "Xã Trà Nham",
        "path": "Trà Nham, Tây Trà, Quảng Ngãi",
        "path_with_type": "Xã Trà Nham, Huyện Tây Trà, Tỉnh Quảng Ngãi",
        "code": "21160",
        "parent_code": "526"
    },
    "21163": {
        "name": "Trà Xinh",
        "type": "xa",
        "slug": "tra-xinh",
        "name_with_type": "Xã Trà Xinh",
        "path": "Trà Xinh, Tây Trà, Quảng Ngãi",
        "path_with_type": "Xã Trà Xinh, Huyện Tây Trà, Tỉnh Quảng Ngãi",
        "code": "21163",
        "parent_code": "526"
    },
    "21166": {
        "name": "Trà Thọ",
        "type": "xa",
        "slug": "tra-tho",
        "name_with_type": "Xã Trà Thọ",
        "path": "Trà Thọ, Tây Trà, Quảng Ngãi",
        "path_with_type": "Xã Trà Thọ, Huyện Tây Trà, Tỉnh Quảng Ngãi",
        "code": "21166",
        "parent_code": "526"
    },
    "21169": {
        "name": "Trà Trung",
        "type": "xa",
        "slug": "tra-trung",
        "name_with_type": "Xã Trà Trung",
        "path": "Trà Trung, Tây Trà, Quảng Ngãi",
        "path_with_type": "Xã Trà Trung, Huyện Tây Trà, Tỉnh Quảng Ngãi",
        "code": "21169",
        "parent_code": "526"
    }
}