{
    "21235": {
        "name": "La Hà",
        "type": "thi-tran",
        "slug": "la-ha",
        "name_with_type": "Thị trấn La Hà",
        "path": "La Hà, Tư Nghĩa, Quảng Ngãi",
        "path_with_type": "Thị trấn La Hà, Huyện Tư Nghĩa, Tỉnh Quảng Ngãi",
        "code": "21235",
        "parent_code": "528"
    },
    "21238": {
        "name": "Sông Vệ",
        "type": "thi-tran",
        "slug": "song-ve",
        "name_with_type": "Thị trấn Sông Vệ",
        "path": "Sông Vệ, Tư Nghĩa, Quảng Ngãi",
        "path_with_type": "Thị trấn Sông Vệ, Huyện Tư Nghĩa, Tỉnh Quảng Ngãi",
        "code": "21238",
        "parent_code": "528"
    },
    "21241": {
        "name": "Nghĩa Lâm",
        "type": "xa",
        "slug": "nghia-lam",
        "name_with_type": "Xã Nghĩa Lâm",
        "path": "Nghĩa Lâm, Tư Nghĩa, Quảng Ngãi",
        "path_with_type": "Xã Nghĩa Lâm, Huyện Tư Nghĩa, Tỉnh Quảng Ngãi",
        "code": "21241",
        "parent_code": "528"
    },
    "21244": {
        "name": "Nghĩa Thắng",
        "type": "xa",
        "slug": "nghia-thang",
        "name_with_type": "Xã Nghĩa Thắng",
        "path": "Nghĩa Thắng, Tư Nghĩa, Quảng Ngãi",
        "path_with_type": "Xã Nghĩa Thắng, Huyện Tư Nghĩa, Tỉnh Quảng Ngãi",
        "code": "21244",
        "parent_code": "528"
    },
    "21247": {
        "name": "Nghĩa Thuận",
        "type": "xa",
        "slug": "nghia-thuan",
        "name_with_type": "Xã Nghĩa Thuận",
        "path": "Nghĩa Thuận, Tư Nghĩa, Quảng Ngãi",
        "path_with_type": "Xã Nghĩa Thuận, Huyện Tư Nghĩa, Tỉnh Quảng Ngãi",
        "code": "21247",
        "parent_code": "528"
    },
    "21250": {
        "name": "Nghĩa Kỳ",
        "type": "xa",
        "slug": "nghia-ky",
        "name_with_type": "Xã Nghĩa Kỳ",
        "path": "Nghĩa Kỳ, Tư Nghĩa, Quảng Ngãi",
        "path_with_type": "Xã Nghĩa Kỳ, Huyện Tư Nghĩa, Tỉnh Quảng Ngãi",
        "code": "21250",
        "parent_code": "528"
    },
    "21259": {
        "name": "Nghĩa Sơn",
        "type": "xa",
        "slug": "nghia-son",
        "name_with_type": "Xã Nghĩa Sơn",
        "path": "Nghĩa Sơn, Tư Nghĩa, Quảng Ngãi",
        "path_with_type": "Xã Nghĩa Sơn, Huyện Tư Nghĩa, Tỉnh Quảng Ngãi",
        "code": "21259",
        "parent_code": "528"
    },
    "21268": {
        "name": "Nghĩa Hòa",
        "type": "xa",
        "slug": "nghia-hoa",
        "name_with_type": "Xã Nghĩa Hòa",
        "path": "Nghĩa Hòa, Tư Nghĩa, Quảng Ngãi",
        "path_with_type": "Xã Nghĩa Hòa, Huyện Tư Nghĩa, Tỉnh Quảng Ngãi",
        "code": "21268",
        "parent_code": "528"
    },
    "21271": {
        "name": "Nghĩa Điền",
        "type": "xa",
        "slug": "nghia-dien",
        "name_with_type": "Xã Nghĩa Điền",
        "path": "Nghĩa Điền, Tư Nghĩa, Quảng Ngãi",
        "path_with_type": "Xã Nghĩa Điền, Huyện Tư Nghĩa, Tỉnh Quảng Ngãi",
        "code": "21271",
        "parent_code": "528"
    },
    "21274": {
        "name": "Nghĩa Thương",
        "type": "xa",
        "slug": "nghia-thuong",
        "name_with_type": "Xã Nghĩa Thương",
        "path": "Nghĩa Thương, Tư Nghĩa, Quảng Ngãi",
        "path_with_type": "Xã Nghĩa Thương, Huyện Tư Nghĩa, Tỉnh Quảng Ngãi",
        "code": "21274",
        "parent_code": "528"
    },
    "21277": {
        "name": "Nghĩa Trung",
        "type": "xa",
        "slug": "nghia-trung",
        "name_with_type": "Xã Nghĩa Trung",
        "path": "Nghĩa Trung, Tư Nghĩa, Quảng Ngãi",
        "path_with_type": "Xã Nghĩa Trung, Huyện Tư Nghĩa, Tỉnh Quảng Ngãi",
        "code": "21277",
        "parent_code": "528"
    },
    "21280": {
        "name": "Nghĩa Hiệp",
        "type": "xa",
        "slug": "nghia-hiep",
        "name_with_type": "Xã Nghĩa Hiệp",
        "path": "Nghĩa Hiệp, Tư Nghĩa, Quảng Ngãi",
        "path_with_type": "Xã Nghĩa Hiệp, Huyện Tư Nghĩa, Tỉnh Quảng Ngãi",
        "code": "21280",
        "parent_code": "528"
    },
    "21283": {
        "name": "Nghĩa Phương",
        "type": "xa",
        "slug": "nghia-phuong",
        "name_with_type": "Xã Nghĩa Phương",
        "path": "Nghĩa Phương, Tư Nghĩa, Quảng Ngãi",
        "path_with_type": "Xã Nghĩa Phương, Huyện Tư Nghĩa, Tỉnh Quảng Ngãi",
        "code": "21283",
        "parent_code": "528"
    },
    "21286": {
        "name": "Nghĩa Mỹ",
        "type": "xa",
        "slug": "nghia-my",
        "name_with_type": "Xã Nghĩa Mỹ",
        "path": "Nghĩa Mỹ, Tư Nghĩa, Quảng Ngãi",
        "path_with_type": "Xã Nghĩa Mỹ, Huyện Tư Nghĩa, Tỉnh Quảng Ngãi",
        "code": "21286",
        "parent_code": "528"
    }
}