{
    "21331": {
        "name": "Sơn Bua",
        "type": "xa",
        "slug": "son-bua",
        "name_with_type": "Xã Sơn Bua",
        "path": "Sơn Bua, Sơn Tây, Quảng Ngãi",
        "path_with_type": "Xã Sơn Bua, Huyện Sơn Tây, Tỉnh Quảng Ngãi",
        "code": "21331",
        "parent_code": "530"
    },
    "21334": {
        "name": "Sơn Mùa",
        "type": "xa",
        "slug": "son-mua",
        "name_with_type": "Xã Sơn Mùa",
        "path": "Sơn Mùa, Sơn Tây, Quảng Ngãi",
        "path_with_type": "Xã Sơn Mùa, Huyện Sơn Tây, Tỉnh Quảng Ngãi",
        "code": "21334",
        "parent_code": "530"
    },
    "21335": {
        "name": "Sơn Liên",
        "type": "xa",
        "slug": "son-lien",
        "name_with_type": "Xã Sơn Liên",
        "path": "Sơn Liên, Sơn Tây, Quảng Ngãi",
        "path_with_type": "Xã Sơn Liên, Huyện Sơn Tây, Tỉnh Quảng Ngãi",
        "code": "21335",
        "parent_code": "530"
    },
    "21337": {
        "name": "Sơn Tân",
        "type": "xa",
        "slug": "son-tan",
        "name_with_type": "Xã Sơn Tân",
        "path": "Sơn Tân, Sơn Tây, Quảng Ngãi",
        "path_with_type": "Xã Sơn Tân, Huyện Sơn Tây, Tỉnh Quảng Ngãi",
        "code": "21337",
        "parent_code": "530"
    },
    "21338": {
        "name": "Sơn Màu",
        "type": "xa",
        "slug": "son-mau",
        "name_with_type": "Xã Sơn Màu",
        "path": "Sơn Màu, Sơn Tây, Quảng Ngãi",
        "path_with_type": "Xã Sơn Màu, Huyện Sơn Tây, Tỉnh Quảng Ngãi",
        "code": "21338",
        "parent_code": "530"
    },
    "21340": {
        "name": "Sơn Dung",
        "type": "xa",
        "slug": "son-dung",
        "name_with_type": "Xã Sơn Dung",
        "path": "Sơn Dung, Sơn Tây, Quảng Ngãi",
        "path_with_type": "Xã Sơn Dung, Huyện Sơn Tây, Tỉnh Quảng Ngãi",
        "code": "21340",
        "parent_code": "530"
    },
    "21341": {
        "name": "Sơn Long",
        "type": "xa",
        "slug": "son-long",
        "name_with_type": "Xã Sơn Long",
        "path": "Sơn Long, Sơn Tây, Quảng Ngãi",
        "path_with_type": "Xã Sơn Long, Huyện Sơn Tây, Tỉnh Quảng Ngãi",
        "code": "21341",
        "parent_code": "530"
    },
    "21343": {
        "name": "Sơn Tinh",
        "type": "xa",
        "slug": "son-tinh",
        "name_with_type": "Xã Sơn Tinh",
        "path": "Sơn Tinh, Sơn Tây, Quảng Ngãi",
        "path_with_type": "Xã Sơn Tinh, Huyện Sơn Tây, Tỉnh Quảng Ngãi",
        "code": "21343",
        "parent_code": "530"
    },
    "21346": {
        "name": "Sơn Lập",
        "type": "xa",
        "slug": "son-lap",
        "name_with_type": "Xã Sơn Lập",
        "path": "Sơn Lập, Sơn Tây, Quảng Ngãi",
        "path_with_type": "Xã Sơn Lập, Huyện Sơn Tây, Tỉnh Quảng Ngãi",
        "code": "21346",
        "parent_code": "530"
    }
}