{
    "21349": {
        "name": "Long Sơn",
        "type": "xa",
        "slug": "long-son",
        "name_with_type": "Xã Long Sơn",
        "path": "Long Sơn, Minh Long, Quảng Ngãi",
        "path_with_type": "Xã Long Sơn, Huyện Minh Long, Tỉnh Quảng Ngãi",
        "code": "21349",
        "parent_code": "531"
    },
    "21352": {
        "name": "Long Mai",
        "type": "xa",
        "slug": "long-mai",
        "name_with_type": "Xã Long Mai",
        "path": "Long Mai, Minh Long, Quảng Ngãi",
        "path_with_type": "Xã Long Mai, Huyện Minh Long, Tỉnh Quảng Ngãi",
        "code": "21352",
        "parent_code": "531"
    },
    "21355": {
        "name": "Thanh An",
        "type": "xa",
        "slug": "thanh-an",
        "name_with_type": "Xã Thanh An",
        "path": "Thanh An, Minh Long, Quảng Ngãi",
        "path_with_type": "Xã Thanh An, Huyện Minh Long, Tỉnh Quảng Ngãi",
        "code": "21355",
        "parent_code": "531"
    },
    "21358": {
        "name": "Long Môn",
        "type": "xa",
        "slug": "long-mon",
        "name_with_type": "Xã Long Môn",
        "path": "Long Môn, Minh Long, Quảng Ngãi",
        "path_with_type": "Xã Long Môn, Huyện Minh Long, Tỉnh Quảng Ngãi",
        "code": "21358",
        "parent_code": "531"
    },
    "21361": {
        "name": "Long Hiệp",
        "type": "xa",
        "slug": "long-hiep",
        "name_with_type": "Xã Long Hiệp",
        "path": "Long Hiệp, Minh Long, Quảng Ngãi",
        "path_with_type": "Xã Long Hiệp, Huyện Minh Long, Tỉnh Quảng Ngãi",
        "code": "21361",
        "parent_code": "531"
    }
}