{
    "21609": {
        "name": "An Lão",
        "type": "thi-tran",
        "slug": "an-lao",
        "name_with_type": "Thị trấn An Lão",
        "path": "An Lão, An Lão, Bình Định",
        "path_with_type": "Thị trấn An Lão, Huyện An Lão, Tỉnh Bình Định",
        "code": "21609",
        "parent_code": "542"
    },
    "21610": {
        "name": "An Hưng",
        "type": "xa",
        "slug": "an-hung",
        "name_with_type": "Xã An Hưng",
        "path": "An Hưng, An Lão, Bình Định",
        "path_with_type": "Xã An Hưng, Huyện An Lão, Tỉnh Bình Định",
        "code": "21610",
        "parent_code": "542"
    },
    "21613": {
        "name": "An Trung",
        "type": "xa",
        "slug": "an-trung",
        "name_with_type": "Xã An Trung",
        "path": "An Trung, An Lão, Bình Định",
        "path_with_type": "Xã An Trung, Huyện An Lão, Tỉnh Bình Định",
        "code": "21613",
        "parent_code": "542"
    },
    "21616": {
        "name": "An Dũng",
        "type": "xa",
        "slug": "an-dung",
        "name_with_type": "Xã An Dũng",
        "path": "An Dũng, An Lão, Bình Định",
        "path_with_type": "Xã An Dũng, Huyện An Lão, Tỉnh Bình Định",
        "code": "21616",
        "parent_code": "542"
    },
    "21619": {
        "name": "An Vinh",
        "type": "xa",
        "slug": "an-vinh",
        "name_with_type": "Xã An Vinh",
        "path": "An Vinh, An Lão, Bình Định",
        "path_with_type": "Xã An Vinh, Huyện An Lão, Tỉnh Bình Định",
        "code": "21619",
        "parent_code": "542"
    },
    "21622": {
        "name": "An Toàn",
        "type": "xa",
        "slug": "an-toan",
        "name_with_type": "Xã An Toàn",
        "path": "An Toàn, An Lão, Bình Định",
        "path_with_type": "Xã An Toàn, Huyện An Lão, Tỉnh Bình Định",
        "code": "21622",
        "parent_code": "542"
    },
    "21625": {
        "name": "An Tân",
        "type": "xa",
        "slug": "an-tan",
        "name_with_type": "Xã An Tân",
        "path": "An Tân, An Lão, Bình Định",
        "path_with_type": "Xã An Tân, Huyện An Lão, Tỉnh Bình Định",
        "code": "21625",
        "parent_code": "542"
    },
    "21628": {
        "name": "An Hòa",
        "type": "xa",
        "slug": "an-hoa",
        "name_with_type": "Xã An Hòa",
        "path": "An Hòa, An Lão, Bình Định",
        "path_with_type": "Xã An Hòa, Huyện An Lão, Tỉnh Bình Định",
        "code": "21628",
        "parent_code": "542"
    },
    "21631": {
        "name": "An Quang",
        "type": "xa",
        "slug": "an-quang",
        "name_with_type": "Xã An Quang",
        "path": "An Quang, An Lão, Bình Định",
        "path_with_type": "Xã An Quang, Huyện An Lão, Tỉnh Bình Định",
        "code": "21631",
        "parent_code": "542"
    },
    "21634": {
        "name": "An Nghĩa",
        "type": "xa",
        "slug": "an-nghia",
        "name_with_type": "Xã An Nghĩa",
        "path": "An Nghĩa, An Lão, Bình Định",
        "path_with_type": "Xã An Nghĩa, Huyện An Lão, Tỉnh Bình Định",
        "code": "21634",
        "parent_code": "542"
    }
}