{
    "21637": {
        "name": "Tam Quan",
        "type": "phuong",
        "slug": "tam-quan",
        "name_with_type": "Phường Tam Quan",
        "path": "Tam Quan, Hoài Nhơn, Bình Định",
        "path_with_type": "Phường Tam Quan, Thị xã Hoài Nhơn, Tỉnh Bình Định",
        "code": "21637",
        "parent_code": "543"
    },
    "21640": {
        "name": "Bồng Sơn",
        "type": "phuong",
        "slug": "bong-son",
        "name_with_type": "Phường Bồng Sơn",
        "path": "Bồng Sơn, Hoài Nhơn, Bình Định",
        "path_with_type": "Phường Bồng Sơn, Thị xã Hoài Nhơn, Tỉnh Bình Định",
        "code": "21640",
        "parent_code": "543"
    },
    "21643": {
        "name": "Hoài Sơn",
        "type": "xa",
        "slug": "hoai-son",
        "name_with_type": "Xã Hoài Sơn",
        "path": "Hoài Sơn, Hoài Nhơn, Bình Định",
        "path_with_type": "Xã Hoài Sơn, Thị xã Hoài Nhơn, Tỉnh Bình Định",
        "code": "21643",
        "parent_code": "543"
    },
    "21646": {
        "name": "Hoài Châu Bắc",
        "type": "xa",
        "slug": "hoai-chau-bac",
        "name_with_type": "Xã Hoài Châu Bắc",
        "path": "Hoài Châu Bắc, Hoài Nhơn, Bình Định",
        "path_with_type": "Xã Hoài Châu Bắc, Thị xã Hoài Nhơn, Tỉnh Bình Định",
        "code": "21646",
        "parent_code": "543"
    },
    "21649": {
        "name": "Hoài Châu",
        "type": "xa",
        "slug": "hoai-chau",
        "name_with_type": "Xã Hoài Châu",
        "path": "Hoài Châu, Hoài Nhơn, Bình Định",
        "path_with_type": "Xã Hoài Châu, Thị xã Hoài Nhơn, Tỉnh Bình Định",
        "code": "21649",
        "parent_code": "543"
    },
    "21652": {
        "name": "Hoài Phú",
        "type": "xa",
        "slug": "hoai-phu",
        "name_with_type": "Xã Hoài Phú",
        "path": "Hoài Phú, Hoài Nhơn, Bình Định",
        "path_with_type": "Xã Hoài Phú, Thị xã Hoài Nhơn, Tỉnh Bình Định",
        "code": "21652",
        "parent_code": "543"
    },
    "21655": {
        "name": "Tam Quan Bắc",
        "type": "phuong",
        "slug": "tam-quan-bac",
        "name_with_type": "Phường Tam Quan Bắc",
        "path": "Tam Quan Bắc, Hoài Nhơn, Bình Định",
        "path_with_type": "Phường Tam Quan Bắc, Thị xã Hoài Nhơn, Tỉnh Bình Định",
        "code": "21655",
        "parent_code": "543"
    },
    "21658": {
        "name": "Tam Quan Nam",
        "type": "phuong",
        "slug": "tam-quan-nam",
        "name_with_type": "Phường Tam Quan Nam",
        "path": "Tam Quan Nam, Hoài Nhơn, Bình Định",
        "path_with_type": "Phường Tam Quan Nam, Thị xã Hoài Nhơn, Tỉnh Bình Định",
        "code": "21658",
        "parent_code": "543"
    },
    "21661": {
        "name": "Hoài Hảo",
        "type": "phuong",
        "slug": "hoai-hao",
        "name_with_type": "Phường Hoài Hảo",
        "path": "Hoài Hảo, Hoài Nhơn, Bình Định",
        "path_with_type": "Phường Hoài Hảo, Thị xã Hoài Nhơn, Tỉnh Bình Định",
        "code": "21661",
        "parent_code": "543"
    },
    "21664": {
        "name": "Hoài Thanh Tây",
        "type": "phuong",
        "slug": "hoai-thanh-tay",
        "name_with_type": "Phường Hoài Thanh Tây",
        "path": "Hoài Thanh Tây, Hoài Nhơn, Bình Định",
        "path_with_type": "Phường Hoài Thanh Tây, Thị xã Hoài Nhơn, Tỉnh Bình Định",
        "code": "21664",
        "parent_code": "543"
    },
    "21667": {
        "name": "Hoài Thanh",
        "type": "phuong",
        "slug": "hoai-thanh",
        "name_with_type": "Phường Hoài Thanh",
        "path": "Hoài Thanh, Hoài Nhơn, Bình Định",
        "path_with_type": "Phường Hoài Thanh, Thị xã Hoài Nhơn, Tỉnh Bình Định",
        "code": "21667",
        "parent_code": "543"
    },
    "21670": {
        "name": "Hoài Hương",
        "type": "phuong",
        "slug": "hoai-huong",
        "name_with_type": "Phường Hoài Hương",
        "path": "Hoài Hương, Hoài Nhơn, Bình Định",
        "path_with_type": "Phường Hoài Hương, Thị xã Hoài Nhơn, Tỉnh Bình Định",
        "code": "21670",
        "parent_code": "543"
    },
    "21673": {
        "name": "Hoài Tân",
        "type": "phuong",
        "slug": "hoai-tan",
        "name_with_type": "Phường Hoài Tân",
        "path": "Hoài Tân, Hoài Nhơn, Bình Định",
        "path_with_type": "Phường Hoài Tân, Thị xã Hoài Nhơn, Tỉnh Bình Định",
        "code": "21673",
        "parent_code": "543"
    },
    "21676": {
        "name": "Hoài Hải",
        "type": "xa",
        "slug": "hoai-hai",
        "name_with_type": "Xã Hoài Hải",
        "path": "Hoài Hải, Hoài Nhơn, Bình Định",
        "path_with_type": "Xã Hoài Hải, Thị xã Hoài Nhơn, Tỉnh Bình Định",
        "code": "21676",
        "parent_code": "543"
    },
    "21679": {
        "name": "Hoài Xuân",
        "type": "phuong",
        "slug": "hoai-xuan",
        "name_with_type": "Phường Hoài Xuân",
        "path": "Hoài Xuân, Hoài Nhơn, Bình Định",
        "path_with_type": "Phường Hoài Xuân, Thị xã Hoài Nhơn, Tỉnh Bình Định",
        "code": "21679",
        "parent_code": "543"
    },
    "21682": {
        "name": "Hoài Mỹ",
        "type": "xa",
        "slug": "hoai-my",
        "name_with_type": "Xã Hoài Mỹ",
        "path": "Hoài Mỹ, Hoài Nhơn, Bình Định",
        "path_with_type": "Xã Hoài Mỹ, Thị xã Hoài Nhơn, Tỉnh Bình Định",
        "code": "21682",
        "parent_code": "543"
    },
    "21685": {
        "name": "Hoài Đức",
        "type": "phuong",
        "slug": "hoai-duc",
        "name_with_type": "Phường Hoài Đức",
        "path": "Hoài Đức, Hoài Nhơn, Bình Định",
        "path_with_type": "Phường Hoài Đức, Thị xã Hoài Nhơn, Tỉnh Bình Định",
        "code": "21685",
        "parent_code": "543"
    }
}