{
    "21786": {
        "name": "Vĩnh Thạnh",
        "type": "thi-tran",
        "slug": "vinh-thanh",
        "name_with_type": "Thị trấn Vĩnh Thạnh",
        "path": "Vĩnh Thạnh, Vĩnh Thạnh, Bình Định",
        "path_with_type": "Thị trấn Vĩnh Thạnh, Huyện Vĩnh Thạnh, Tỉnh Bình Định",
        "code": "21786",
        "parent_code": "546"
    },
    "21787": {
        "name": "Vĩnh Sơn",
        "type": "xa",
        "slug": "vinh-son",
        "name_with_type": "Xã Vĩnh Sơn",
        "path": "Vĩnh Sơn, Vĩnh Thạnh, Bình Định",
        "path_with_type": "Xã Vĩnh Sơn, Huyện Vĩnh Thạnh, Tỉnh Bình Định",
        "code": "21787",
        "parent_code": "546"
    },
    "21790": {
        "name": "Vĩnh Kim",
        "type": "xa",
        "slug": "vinh-kim",
        "name_with_type": "Xã Vĩnh Kim",
        "path": "Vĩnh Kim, Vĩnh Thạnh, Bình Định",
        "path_with_type": "Xã Vĩnh Kim, Huyện Vĩnh Thạnh, Tỉnh Bình Định",
        "code": "21790",
        "parent_code": "546"
    },
    "21796": {
        "name": "Vĩnh Hiệp",
        "type": "xa",
        "slug": "vinh-hiep",
        "name_with_type": "Xã Vĩnh Hiệp",
        "path": "Vĩnh Hiệp, Vĩnh Thạnh, Bình Định",
        "path_with_type": "Xã Vĩnh Hiệp, Huyện Vĩnh Thạnh, Tỉnh Bình Định",
        "code": "21796",
        "parent_code": "546"
    },
    "21799": {
        "name": "Vĩnh Hảo",
        "type": "xa",
        "slug": "vinh-hao",
        "name_with_type": "Xã Vĩnh Hảo",
        "path": "Vĩnh Hảo, Vĩnh Thạnh, Bình Định",
        "path_with_type": "Xã Vĩnh Hảo, Huyện Vĩnh Thạnh, Tỉnh Bình Định",
        "code": "21799",
        "parent_code": "546"
    },
    "21801": {
        "name": "Vĩnh Hòa",
        "type": "xa",
        "slug": "vinh-hoa",
        "name_with_type": "Xã Vĩnh Hòa",
        "path": "Vĩnh Hòa, Vĩnh Thạnh, Bình Định",
        "path_with_type": "Xã Vĩnh Hòa, Huyện Vĩnh Thạnh, Tỉnh Bình Định",
        "code": "21801",
        "parent_code": "546"
    },
    "21802": {
        "name": "Vĩnh Thịnh",
        "type": "xa",
        "slug": "vinh-thinh",
        "name_with_type": "Xã Vĩnh Thịnh",
        "path": "Vĩnh Thịnh, Vĩnh Thạnh, Bình Định",
        "path_with_type": "Xã Vĩnh Thịnh, Huyện Vĩnh Thạnh, Tỉnh Bình Định",
        "code": "21802",
        "parent_code": "546"
    },
    "21804": {
        "name": "Vĩnh Thuận",
        "type": "xa",
        "slug": "vinh-thuan",
        "name_with_type": "Xã Vĩnh Thuận",
        "path": "Vĩnh Thuận, Vĩnh Thạnh, Bình Định",
        "path_with_type": "Xã Vĩnh Thuận, Huyện Vĩnh Thạnh, Tỉnh Bình Định",
        "code": "21804",
        "parent_code": "546"
    },
    "21805": {
        "name": "Vĩnh Quang",
        "type": "xa",
        "slug": "vinh-quang",
        "name_with_type": "Xã Vĩnh Quang",
        "path": "Vĩnh Quang, Vĩnh Thạnh, Bình Định",
        "path_with_type": "Xã Vĩnh Quang, Huyện Vĩnh Thạnh, Tỉnh Bình Định",
        "code": "21805",
        "parent_code": "546"
    }
}