{
    "21808": {
        "name": "Phú Phong",
        "type": "thi-tran",
        "slug": "phu-phong",
        "name_with_type": "Thị trấn Phú Phong",
        "path": "Phú Phong, Tây Sơn, Bình Định",
        "path_with_type": "Thị trấn Phú Phong, Huyện Tây Sơn, Tỉnh Bình Định",
        "code": "21808",
        "parent_code": "547"
    },
    "21811": {
        "name": "Bình Tân",
        "type": "xa",
        "slug": "binh-tan",
        "name_with_type": "Xã Bình Tân",
        "path": "Bình Tân, Tây Sơn, Bình Định",
        "path_with_type": "Xã Bình Tân, Huyện Tây Sơn, Tỉnh Bình Định",
        "code": "21811",
        "parent_code": "547"
    },
    "21814": {
        "name": "Tây Thuận",
        "type": "xa",
        "slug": "tay-thuan",
        "name_with_type": "Xã Tây Thuận",
        "path": "Tây Thuận, Tây Sơn, Bình Định",
        "path_with_type": "Xã Tây Thuận, Huyện Tây Sơn, Tỉnh Bình Định",
        "code": "21814",
        "parent_code": "547"
    },
    "21817": {
        "name": "Bình Thuận",
        "type": "xa",
        "slug": "binh-thuan",
        "name_with_type": "Xã Bình Thuận",
        "path": "Bình Thuận, Tây Sơn, Bình Định",
        "path_with_type": "Xã Bình Thuận, Huyện Tây Sơn, Tỉnh Bình Định",
        "code": "21817",
        "parent_code": "547"
    },
    "21820": {
        "name": "Tây Giang",
        "type": "xa",
        "slug": "tay-giang",
        "name_with_type": "Xã Tây Giang",
        "path": "Tây Giang, Tây Sơn, Bình Định",
        "path_with_type": "Xã Tây Giang, Huyện Tây Sơn, Tỉnh Bình Định",
        "code": "21820",
        "parent_code": "547"
    },
    "21823": {
        "name": "Bình Thành",
        "type": "xa",
        "slug": "binh-thanh",
        "name_with_type": "Xã Bình Thành",
        "path": "Bình Thành, Tây Sơn, Bình Định",
        "path_with_type": "Xã Bình Thành, Huyện Tây Sơn, Tỉnh Bình Định",
        "code": "21823",
        "parent_code": "547"
    },
    "21826": {
        "name": "Tây An",
        "type": "xa",
        "slug": "tay-an",
        "name_with_type": "Xã Tây An",
        "path": "Tây An, Tây Sơn, Bình Định",
        "path_with_type": "Xã Tây An, Huyện Tây Sơn, Tỉnh Bình Định",
        "code": "21826",
        "parent_code": "547"
    },
    "21829": {
        "name": "Bình Hòa",
        "type": "xa",
        "slug": "binh-hoa",
        "name_with_type": "Xã Bình Hòa",
        "path": "Bình Hòa, Tây Sơn, Bình Định",
        "path_with_type": "Xã Bình Hòa, Huyện Tây Sơn, Tỉnh Bình Định",
        "code": "21829",
        "parent_code": "547"
    },
    "21832": {
        "name": "Tây Bình",
        "type": "xa",
        "slug": "tay-binh",
        "name_with_type": "Xã Tây Bình",
        "path": "Tây Bình, Tây Sơn, Bình Định",
        "path_with_type": "Xã Tây Bình, Huyện Tây Sơn, Tỉnh Bình Định",
        "code": "21832",
        "parent_code": "547"
    },
    "21835": {
        "name": "Bình Tường",
        "type": "xa",
        "slug": "binh-tuong",
        "name_with_type": "Xã Bình Tường",
        "path": "Bình Tường, Tây Sơn, Bình Định",
        "path_with_type": "Xã Bình Tường, Huyện Tây Sơn, Tỉnh Bình Định",
        "code": "21835",
        "parent_code": "547"
    },
    "21838": {
        "name": "Tây Vinh",
        "type": "xa",
        "slug": "tay-vinh",
        "name_with_type": "Xã Tây Vinh",
        "path": "Tây Vinh, Tây Sơn, Bình Định",
        "path_with_type": "Xã Tây Vinh, Huyện Tây Sơn, Tỉnh Bình Định",
        "code": "21838",
        "parent_code": "547"
    },
    "21841": {
        "name": "Vĩnh An",
        "type": "xa",
        "slug": "vinh-an",
        "name_with_type": "Xã Vĩnh An",
        "path": "Vĩnh An, Tây Sơn, Bình Định",
        "path_with_type": "Xã Vĩnh An, Huyện Tây Sơn, Tỉnh Bình Định",
        "code": "21841",
        "parent_code": "547"
    },
    "21844": {
        "name": "Tây Xuân",
        "type": "xa",
        "slug": "tay-xuan",
        "name_with_type": "Xã Tây Xuân",
        "path": "Tây Xuân, Tây Sơn, Bình Định",
        "path_with_type": "Xã Tây Xuân, Huyện Tây Sơn, Tỉnh Bình Định",
        "code": "21844",
        "parent_code": "547"
    },
    "21847": {
        "name": "Bình Nghi",
        "type": "xa",
        "slug": "binh-nghi",
        "name_with_type": "Xã Bình Nghi",
        "path": "Bình Nghi, Tây Sơn, Bình Định",
        "path_with_type": "Xã Bình Nghi, Huyện Tây Sơn, Tỉnh Bình Định",
        "code": "21847",
        "parent_code": "547"
    },
    "21850": {
        "name": "Tây Phú",
        "type": "xa",
        "slug": "tay-phu",
        "name_with_type": "Xã Tây Phú",
        "path": "Tây Phú, Tây Sơn, Bình Định",
        "path_with_type": "Xã Tây Phú, Huyện Tây Sơn, Tỉnh Bình Định",
        "code": "21850",
        "parent_code": "547"
    }
}