{
    "21853": {
        "name": "Ngô Mây",
        "type": "thi-tran",
        "slug": "ngo-may",
        "name_with_type": "Thị trấn Ngô Mây",
        "path": "Ngô Mây, Phù Cát, Bình Định",
        "path_with_type": "Thị trấn Ngô Mây, Huyện Phù Cát, Tỉnh Bình Định",
        "code": "21853",
        "parent_code": "548"
    },
    "21856": {
        "name": "Cát Sơn",
        "type": "xa",
        "slug": "cat-son",
        "name_with_type": "Xã Cát Sơn",
        "path": "Cát Sơn, Phù Cát, Bình Định",
        "path_with_type": "Xã Cát Sơn, Huyện Phù Cát, Tỉnh Bình Định",
        "code": "21856",
        "parent_code": "548"
    },
    "21859": {
        "name": "Cát Minh",
        "type": "xa",
        "slug": "cat-minh",
        "name_with_type": "Xã Cát Minh",
        "path": "Cát Minh, Phù Cát, Bình Định",
        "path_with_type": "Xã Cát Minh, Huyện Phù Cát, Tỉnh Bình Định",
        "code": "21859",
        "parent_code": "548"
    },
    "21862": {
        "name": "Cát Khánh",
        "type": "xa",
        "slug": "cat-khanh",
        "name_with_type": "Xã Cát Khánh",
        "path": "Cát Khánh, Phù Cát, Bình Định",
        "path_with_type": "Xã Cát Khánh, Huyện Phù Cát, Tỉnh Bình Định",
        "code": "21862",
        "parent_code": "548"
    },
    "21865": {
        "name": "Cát Tài",
        "type": "xa",
        "slug": "cat-tai",
        "name_with_type": "Xã Cát Tài",
        "path": "Cát Tài, Phù Cát, Bình Định",
        "path_with_type": "Xã Cát Tài, Huyện Phù Cát, Tỉnh Bình Định",
        "code": "21865",
        "parent_code": "548"
    },
    "21868": {
        "name": "Cát Lâm",
        "type": "xa",
        "slug": "cat-lam",
        "name_with_type": "Xã Cát Lâm",
        "path": "Cát Lâm, Phù Cát, Bình Định",
        "path_with_type": "Xã Cát Lâm, Huyện Phù Cát, Tỉnh Bình Định",
        "code": "21868",
        "parent_code": "548"
    },
    "21871": {
        "name": "Cát Hanh",
        "type": "xa",
        "slug": "cat-hanh",
        "name_with_type": "Xã Cát Hanh",
        "path": "Cát Hanh, Phù Cát, Bình Định",
        "path_with_type": "Xã Cát Hanh, Huyện Phù Cát, Tỉnh Bình Định",
        "code": "21871",
        "parent_code": "548"
    },
    "21874": {
        "name": "Cát Thành",
        "type": "xa",
        "slug": "cat-thanh",
        "name_with_type": "Xã Cát Thành",
        "path": "Cát Thành, Phù Cát, Bình Định",
        "path_with_type": "Xã Cát Thành, Huyện Phù Cát, Tỉnh Bình Định",
        "code": "21874",
        "parent_code": "548"
    },
    "21877": {
        "name": "Cát Trinh",
        "type": "xa",
        "slug": "cat-trinh",
        "name_with_type": "Xã Cát Trinh",
        "path": "Cát Trinh, Phù Cát, Bình Định",
        "path_with_type": "Xã Cát Trinh, Huyện Phù Cát, Tỉnh Bình Định",
        "code": "21877",
        "parent_code": "548"
    },
    "21880": {
        "name": "Cát Hải",
        "type": "xa",
        "slug": "cat-hai",
        "name_with_type": "Xã Cát Hải",
        "path": "Cát Hải, Phù Cát, Bình Định",
        "path_with_type": "Xã Cát Hải, Huyện Phù Cát, Tỉnh Bình Định",
        "code": "21880",
        "parent_code": "548"
    },
    "21883": {
        "name": "Cát Hiệp",
        "type": "xa",
        "slug": "cat-hiep",
        "name_with_type": "Xã Cát Hiệp",
        "path": "Cát Hiệp, Phù Cát, Bình Định",
        "path_with_type": "Xã Cát Hiệp, Huyện Phù Cát, Tỉnh Bình Định",
        "code": "21883",
        "parent_code": "548"
    },
    "21886": {
        "name": "Cát Nhơn",
        "type": "xa",
        "slug": "cat-nhon",
        "name_with_type": "Xã Cát Nhơn",
        "path": "Cát Nhơn, Phù Cát, Bình Định",
        "path_with_type": "Xã Cát Nhơn, Huyện Phù Cát, Tỉnh Bình Định",
        "code": "21886",
        "parent_code": "548"
    },
    "21889": {
        "name": "Cát Hưng",
        "type": "xa",
        "slug": "cat-hung",
        "name_with_type": "Xã Cát Hưng",
        "path": "Cát Hưng, Phù Cát, Bình Định",
        "path_with_type": "Xã Cát Hưng, Huyện Phù Cát, Tỉnh Bình Định",
        "code": "21889",
        "parent_code": "548"
    },
    "21892": {
        "name": "Cát Tường",
        "type": "xa",
        "slug": "cat-tuong",
        "name_with_type": "Xã Cát Tường",
        "path": "Cát Tường, Phù Cát, Bình Định",
        "path_with_type": "Xã Cát Tường, Huyện Phù Cát, Tỉnh Bình Định",
        "code": "21892",
        "parent_code": "548"
    },
    "21895": {
        "name": "Cát Tân",
        "type": "xa",
        "slug": "cat-tan",
        "name_with_type": "Xã Cát Tân",
        "path": "Cát Tân, Phù Cát, Bình Định",
        "path_with_type": "Xã Cát Tân, Huyện Phù Cát, Tỉnh Bình Định",
        "code": "21895",
        "parent_code": "548"
    },
    "21898": {
        "name": "Cát Tiến",
        "type": "thi-tran",
        "slug": "cat-tien",
        "name_with_type": "Thị trấn Cát Tiến",
        "path": "Cát Tiến, Phù Cát, Bình Định",
        "path_with_type": "Thị trấn Cát Tiến, Huyện Phù Cát, Tỉnh Bình Định",
        "code": "21898",
        "parent_code": "548"
    },
    "21901": {
        "name": "Cát Thắng",
        "type": "xa",
        "slug": "cat-thang",
        "name_with_type": "Xã Cát Thắng",
        "path": "Cát Thắng, Phù Cát, Bình Định",
        "path_with_type": "Xã Cát Thắng, Huyện Phù Cát, Tỉnh Bình Định",
        "code": "21901",
        "parent_code": "548"
    },
    "21904": {
        "name": "Cát Chánh",
        "type": "xa",
        "slug": "cat-chanh",
        "name_with_type": "Xã Cát Chánh",
        "path": "Cát Chánh, Phù Cát, Bình Định",
        "path_with_type": "Xã Cát Chánh, Huyện Phù Cát, Tỉnh Bình Định",
        "code": "21904",
        "parent_code": "548"
    }
}