{
    "21994": {
        "name": "Vân Canh",
        "type": "thi-tran",
        "slug": "van-canh",
        "name_with_type": "Thị trấn Vân Canh",
        "path": "Vân Canh, Vân Canh, Bình Định",
        "path_with_type": "Thị trấn Vân Canh, Huyện Vân Canh, Tỉnh Bình Định",
        "code": "21994",
        "parent_code": "551"
    },
    "21997": {
        "name": "Canh Liên",
        "type": "xa",
        "slug": "canh-lien",
        "name_with_type": "Xã Canh Liên",
        "path": "Canh Liên, Vân Canh, Bình Định",
        "path_with_type": "Xã Canh Liên, Huyện Vân Canh, Tỉnh Bình Định",
        "code": "21997",
        "parent_code": "551"
    },
    "22000": {
        "name": "Canh Hiệp",
        "type": "xa",
        "slug": "canh-hiep",
        "name_with_type": "Xã Canh Hiệp",
        "path": "Canh Hiệp, Vân Canh, Bình Định",
        "path_with_type": "Xã Canh Hiệp, Huyện Vân Canh, Tỉnh Bình Định",
        "code": "22000",
        "parent_code": "551"
    },
    "22003": {
        "name": "Canh Vinh",
        "type": "xa",
        "slug": "canh-vinh",
        "name_with_type": "Xã Canh Vinh",
        "path": "Canh Vinh, Vân Canh, Bình Định",
        "path_with_type": "Xã Canh Vinh, Huyện Vân Canh, Tỉnh Bình Định",
        "code": "22003",
        "parent_code": "551"
    },
    "22006": {
        "name": "Canh Hiển",
        "type": "xa",
        "slug": "canh-hien",
        "name_with_type": "Xã Canh Hiển",
        "path": "Canh Hiển, Vân Canh, Bình Định",
        "path_with_type": "Xã Canh Hiển, Huyện Vân Canh, Tỉnh Bình Định",
        "code": "22006",
        "parent_code": "551"
    },
    "22009": {
        "name": "Canh Thuận",
        "type": "xa",
        "slug": "canh-thuan",
        "name_with_type": "Xã Canh Thuận",
        "path": "Canh Thuận, Vân Canh, Bình Định",
        "path_with_type": "Xã Canh Thuận, Huyện Vân Canh, Tỉnh Bình Định",
        "code": "22009",
        "parent_code": "551"
    },
    "22012": {
        "name": "Canh Hòa",
        "type": "xa",
        "slug": "canh-hoa",
        "name_with_type": "Xã Canh Hòa",
        "path": "Canh Hòa, Vân Canh, Bình Định",
        "path_with_type": "Xã Canh Hòa, Huyện Vân Canh, Tỉnh Bình Định",
        "code": "22012",
        "parent_code": "551"
    }
}