{
    "22243": {
        "name": "Hòa Thành",
        "type": "xa",
        "slug": "hoa-thanh",
        "name_with_type": "Xã Hòa Thành",
        "path": "Hòa Thành, Đông Hòa, Phú Yên",
        "path_with_type": "Xã Hòa Thành, Thị xã Đông Hòa, Tỉnh Phú Yên",
        "code": "22243",
        "parent_code": "564"
    },
    "22246": {
        "name": "Hòa Hiệp Bắc",
        "type": "phuong",
        "slug": "hoa-hiep-bac",
        "name_with_type": "Phường Hòa Hiệp Bắc",
        "path": "Hòa Hiệp Bắc, Đông Hòa, Phú Yên",
        "path_with_type": "Phường Hòa Hiệp Bắc, Thị xã Đông Hòa, Tỉnh Phú Yên",
        "code": "22246",
        "parent_code": "564"
    },
    "22258": {
        "name": "Hoà Vinh",
        "type": "phuong",
        "slug": "hoa-vinh",
        "name_with_type": "Phường Hoà Vinh",
        "path": "Hoà Vinh, Đông Hòa, Phú Yên",
        "path_with_type": "Phường Hoà Vinh, Thị xã Đông Hòa, Tỉnh Phú Yên",
        "code": "22258",
        "parent_code": "564"
    },
    "22261": {
        "name": "Hoà Hiệp Trung",
        "type": "phuong",
        "slug": "hoa-hiep-trung",
        "name_with_type": "Phường Hoà Hiệp Trung",
        "path": "Hoà Hiệp Trung, Đông Hòa, Phú Yên",
        "path_with_type": "Phường Hoà Hiệp Trung, Thị xã Đông Hòa, Tỉnh Phú Yên",
        "code": "22261",
        "parent_code": "564"
    },
    "22267": {
        "name": "Hòa Tân Đông",
        "type": "xa",
        "slug": "hoa-tan-dong",
        "name_with_type": "Xã Hòa Tân Đông",
        "path": "Hòa Tân Đông, Đông Hòa, Phú Yên",
        "path_with_type": "Xã Hòa Tân Đông, Thị xã Đông Hòa, Tỉnh Phú Yên",
        "code": "22267",
        "parent_code": "564"
    },
    "22279": {
        "name": "Hòa Xuân Tây",
        "type": "phuong",
        "slug": "hoa-xuan-tay",
        "name_with_type": "Phường Hòa Xuân Tây",
        "path": "Hòa Xuân Tây, Đông Hòa, Phú Yên",
        "path_with_type": "Phường Hòa Xuân Tây, Thị xã Đông Hòa, Tỉnh Phú Yên",
        "code": "22279",
        "parent_code": "564"
    },
    "22282": {
        "name": "Hòa Hiệp Nam",
        "type": "phuong",
        "slug": "hoa-hiep-nam",
        "name_with_type": "Phường Hòa Hiệp Nam",
        "path": "Hòa Hiệp Nam, Đông Hòa, Phú Yên",
        "path_with_type": "Phường Hòa Hiệp Nam, Thị xã Đông Hòa, Tỉnh Phú Yên",
        "code": "22282",
        "parent_code": "564"
    },
    "22291": {
        "name": "Hòa Xuân Đông",
        "type": "xa",
        "slug": "hoa-xuan-dong",
        "name_with_type": "Xã Hòa Xuân Đông",
        "path": "Hòa Xuân Đông, Đông Hòa, Phú Yên",
        "path_with_type": "Xã Hòa Xuân Đông, Thị xã Đông Hòa, Tỉnh Phú Yên",
        "code": "22291",
        "parent_code": "564"
    },
    "22297": {
        "name": "Hòa Tâm",
        "type": "xa",
        "slug": "hoa-tam",
        "name_with_type": "Xã Hòa Tâm",
        "path": "Hòa Tâm, Đông Hòa, Phú Yên",
        "path_with_type": "Xã Hòa Tâm, Thị xã Đông Hòa, Tỉnh Phú Yên",
        "code": "22297",
        "parent_code": "564"
    },
    "22300": {
        "name": "Hòa Xuân Nam",
        "type": "xa",
        "slug": "hoa-xuan-nam",
        "name_with_type": "Xã Hòa Xuân Nam",
        "path": "Hòa Xuân Nam, Đông Hòa, Phú Yên",
        "path_with_type": "Xã Hòa Xuân Nam, Thị xã Đông Hòa, Tỉnh Phú Yên",
        "code": "22300",
        "parent_code": "564"
    }
}