{
    "22408": {
        "name": "Cam Nghĩa",
        "type": "phuong",
        "slug": "cam-nghia",
        "name_with_type": "Phường Cam Nghĩa",
        "path": "Cam Nghĩa, Cam Ranh, Khánh Hòa",
        "path_with_type": "Phường Cam Nghĩa, Thành phố Cam Ranh, Tỉnh Khánh Hòa",
        "code": "22408",
        "parent_code": "569"
    },
    "22411": {
        "name": "Cam Phúc Bắc",
        "type": "phuong",
        "slug": "cam-phuc-bac",
        "name_with_type": "Phường Cam Phúc Bắc",
        "path": "Cam Phúc Bắc, Cam Ranh, Khánh Hòa",
        "path_with_type": "Phường Cam Phúc Bắc, Thành phố Cam Ranh, Tỉnh Khánh Hòa",
        "code": "22411",
        "parent_code": "569"
    },
    "22414": {
        "name": "Cam Phúc Nam",
        "type": "phuong",
        "slug": "cam-phuc-nam",
        "name_with_type": "Phường Cam Phúc Nam",
        "path": "Cam Phúc Nam, Cam Ranh, Khánh Hòa",
        "path_with_type": "Phường Cam Phúc Nam, Thành phố Cam Ranh, Tỉnh Khánh Hòa",
        "code": "22414",
        "parent_code": "569"
    },
    "22417": {
        "name": "Cam Lộc",
        "type": "phuong",
        "slug": "cam-loc",
        "name_with_type": "Phường Cam Lộc",
        "path": "Cam Lộc, Cam Ranh, Khánh Hòa",
        "path_with_type": "Phường Cam Lộc, Thành phố Cam Ranh, Tỉnh Khánh Hòa",
        "code": "22417",
        "parent_code": "569"
    },
    "22420": {
        "name": "Cam Phú",
        "type": "phuong",
        "slug": "cam-phu",
        "name_with_type": "Phường Cam Phú",
        "path": "Cam Phú, Cam Ranh, Khánh Hòa",
        "path_with_type": "Phường Cam Phú, Thành phố Cam Ranh, Tỉnh Khánh Hòa",
        "code": "22420",
        "parent_code": "569"
    },
    "22423": {
        "name": "Ba Ngòi",
        "type": "phuong",
        "slug": "ba-ngoi",
        "name_with_type": "Phường Ba Ngòi",
        "path": "Ba Ngòi, Cam Ranh, Khánh Hòa",
        "path_with_type": "Phường Ba Ngòi, Thành phố Cam Ranh, Tỉnh Khánh Hòa",
        "code": "22423",
        "parent_code": "569"
    },
    "22426": {
        "name": "Cam Thuận",
        "type": "phuong",
        "slug": "cam-thuan",
        "name_with_type": "Phường Cam Thuận",
        "path": "Cam Thuận, Cam Ranh, Khánh Hòa",
        "path_with_type": "Phường Cam Thuận, Thành phố Cam Ranh, Tỉnh Khánh Hòa",
        "code": "22426",
        "parent_code": "569"
    },
    "22429": {
        "name": "Cam Lợi",
        "type": "phuong",
        "slug": "cam-loi",
        "name_with_type": "Phường Cam Lợi",
        "path": "Cam Lợi, Cam Ranh, Khánh Hòa",
        "path_with_type": "Phường Cam Lợi, Thành phố Cam Ranh, Tỉnh Khánh Hòa",
        "code": "22429",
        "parent_code": "569"
    },
    "22432": {
        "name": "Cam Linh",
        "type": "phuong",
        "slug": "cam-linh",
        "name_with_type": "Phường Cam Linh",
        "path": "Cam Linh, Cam Ranh, Khánh Hòa",
        "path_with_type": "Phường Cam Linh, Thành phố Cam Ranh, Tỉnh Khánh Hòa",
        "code": "22432",
        "parent_code": "569"
    },
    "22468": {
        "name": "Cam Thành Nam",
        "type": "xa",
        "slug": "cam-thanh-nam",
        "name_with_type": "Xã Cam Thành Nam",
        "path": "Cam Thành Nam, Cam Ranh, Khánh Hòa",
        "path_with_type": "Xã Cam Thành Nam, Thành phố Cam Ranh, Tỉnh Khánh Hòa",
        "code": "22468",
        "parent_code": "569"
    },
    "22474": {
        "name": "Cam Phước Đông",
        "type": "xa",
        "slug": "cam-phuoc-dong",
        "name_with_type": "Xã Cam Phước Đông",
        "path": "Cam Phước Đông, Cam Ranh, Khánh Hòa",
        "path_with_type": "Xã Cam Phước Đông, Thành phố Cam Ranh, Tỉnh Khánh Hòa",
        "code": "22474",
        "parent_code": "569"
    },
    "22477": {
        "name": "Cam Thịnh Tây",
        "type": "xa",
        "slug": "cam-thinh-tay",
        "name_with_type": "Xã Cam Thịnh Tây",
        "path": "Cam Thịnh Tây, Cam Ranh, Khánh Hòa",
        "path_with_type": "Xã Cam Thịnh Tây, Thành phố Cam Ranh, Tỉnh Khánh Hòa",
        "code": "22477",
        "parent_code": "569"
    },
    "22480": {
        "name": "Cam Thịnh Đông",
        "type": "xa",
        "slug": "cam-thinh-dong",
        "name_with_type": "Xã Cam Thịnh Đông",
        "path": "Cam Thịnh Đông, Cam Ranh, Khánh Hòa",
        "path_with_type": "Xã Cam Thịnh Đông, Thành phố Cam Ranh, Tỉnh Khánh Hòa",
        "code": "22480",
        "parent_code": "569"
    },
    "22483": {
        "name": "Cam Lập",
        "type": "xa",
        "slug": "cam-lap",
        "name_with_type": "Xã Cam Lập",
        "path": "Cam Lập, Cam Ranh, Khánh Hòa",
        "path_with_type": "Xã Cam Lập, Thành phố Cam Ranh, Tỉnh Khánh Hòa",
        "code": "22483",
        "parent_code": "569"
    },
    "22486": {
        "name": "Cam Bình",
        "type": "xa",
        "slug": "cam-binh",
        "name_with_type": "Xã Cam Bình",
        "path": "Cam Bình, Cam Ranh, Khánh Hòa",
        "path_with_type": "Xã Cam Bình, Thành phố Cam Ranh, Tỉnh Khánh Hòa",
        "code": "22486",
        "parent_code": "569"
    }
}