{
    "22489": {
        "name": "Vạn Giã",
        "type": "thi-tran",
        "slug": "van-gia",
        "name_with_type": "Thị trấn Vạn Giã",
        "path": "Vạn Giã, Vạn Ninh, Khánh Hòa",
        "path_with_type": "Thị trấn Vạn Giã, Huyện Vạn Ninh, Tỉnh Khánh Hòa",
        "code": "22489",
        "parent_code": "571"
    },
    "22492": {
        "name": "Đại Lãnh",
        "type": "xa",
        "slug": "dai-lanh",
        "name_with_type": "Xã Đại Lãnh",
        "path": "Đại Lãnh, Vạn Ninh, Khánh Hòa",
        "path_with_type": "Xã Đại Lãnh, Huyện Vạn Ninh, Tỉnh Khánh Hòa",
        "code": "22492",
        "parent_code": "571"
    },
    "22495": {
        "name": "Vạn Phước",
        "type": "xa",
        "slug": "van-phuoc",
        "name_with_type": "Xã Vạn Phước",
        "path": "Vạn Phước, Vạn Ninh, Khánh Hòa",
        "path_with_type": "Xã Vạn Phước, Huyện Vạn Ninh, Tỉnh Khánh Hòa",
        "code": "22495",
        "parent_code": "571"
    },
    "22498": {
        "name": "Vạn Long",
        "type": "xa",
        "slug": "van-long",
        "name_with_type": "Xã Vạn Long",
        "path": "Vạn Long, Vạn Ninh, Khánh Hòa",
        "path_with_type": "Xã Vạn Long, Huyện Vạn Ninh, Tỉnh Khánh Hòa",
        "code": "22498",
        "parent_code": "571"
    },
    "22501": {
        "name": "Vạn Bình",
        "type": "xa",
        "slug": "van-binh",
        "name_with_type": "Xã Vạn Bình",
        "path": "Vạn Bình, Vạn Ninh, Khánh Hòa",
        "path_with_type": "Xã Vạn Bình, Huyện Vạn Ninh, Tỉnh Khánh Hòa",
        "code": "22501",
        "parent_code": "571"
    },
    "22504": {
        "name": "Vạn Thọ",
        "type": "xa",
        "slug": "van-tho",
        "name_with_type": "Xã Vạn Thọ",
        "path": "Vạn Thọ, Vạn Ninh, Khánh Hòa",
        "path_with_type": "Xã Vạn Thọ, Huyện Vạn Ninh, Tỉnh Khánh Hòa",
        "code": "22504",
        "parent_code": "571"
    },
    "22507": {
        "name": "Vạn Khánh",
        "type": "xa",
        "slug": "van-khanh",
        "name_with_type": "Xã Vạn Khánh",
        "path": "Vạn Khánh, Vạn Ninh, Khánh Hòa",
        "path_with_type": "Xã Vạn Khánh, Huyện Vạn Ninh, Tỉnh Khánh Hòa",
        "code": "22507",
        "parent_code": "571"
    },
    "22510": {
        "name": "Vạn Phú",
        "type": "xa",
        "slug": "van-phu",
        "name_with_type": "Xã Vạn Phú",
        "path": "Vạn Phú, Vạn Ninh, Khánh Hòa",
        "path_with_type": "Xã Vạn Phú, Huyện Vạn Ninh, Tỉnh Khánh Hòa",
        "code": "22510",
        "parent_code": "571"
    },
    "22513": {
        "name": "Vạn Lương",
        "type": "xa",
        "slug": "van-luong",
        "name_with_type": "Xã Vạn Lương",
        "path": "Vạn Lương, Vạn Ninh, Khánh Hòa",
        "path_with_type": "Xã Vạn Lương, Huyện Vạn Ninh, Tỉnh Khánh Hòa",
        "code": "22513",
        "parent_code": "571"
    },
    "22516": {
        "name": "Vạn Thắng",
        "type": "xa",
        "slug": "van-thang",
        "name_with_type": "Xã Vạn Thắng",
        "path": "Vạn Thắng, Vạn Ninh, Khánh Hòa",
        "path_with_type": "Xã Vạn Thắng, Huyện Vạn Ninh, Tỉnh Khánh Hòa",
        "code": "22516",
        "parent_code": "571"
    },
    "22519": {
        "name": "Vạn Thạnh",
        "type": "xa",
        "slug": "van-thanh",
        "name_with_type": "Xã Vạn Thạnh",
        "path": "Vạn Thạnh, Vạn Ninh, Khánh Hòa",
        "path_with_type": "Xã Vạn Thạnh, Huyện Vạn Ninh, Tỉnh Khánh Hòa",
        "code": "22519",
        "parent_code": "571"
    },
    "22522": {
        "name": "Xuân Sơn",
        "type": "xa",
        "slug": "xuan-son",
        "name_with_type": "Xã Xuân Sơn",
        "path": "Xuân Sơn, Vạn Ninh, Khánh Hòa",
        "path_with_type": "Xã Xuân Sơn, Huyện Vạn Ninh, Tỉnh Khánh Hòa",
        "code": "22522",
        "parent_code": "571"
    },
    "22525": {
        "name": "Vạn Hưng",
        "type": "xa",
        "slug": "van-hung",
        "name_with_type": "Xã Vạn Hưng",
        "path": "Vạn Hưng, Vạn Ninh, Khánh Hòa",
        "path_with_type": "Xã Vạn Hưng, Huyện Vạn Ninh, Tỉnh Khánh Hòa",
        "code": "22525",
        "parent_code": "571"
    }
}