{
    "22651": {
        "name": "Diên Khánh",
        "type": "thi-tran",
        "slug": "dien-khanh",
        "name_with_type": "Thị trấn Diên Khánh",
        "path": "Diên Khánh, Diên Khánh, Khánh Hòa",
        "path_with_type": "Thị trấn Diên Khánh, Huyện Diên Khánh, Tỉnh Khánh Hòa",
        "code": "22651",
        "parent_code": "574"
    },
    "22654": {
        "name": "Diên Lâm",
        "type": "xa",
        "slug": "dien-lam",
        "name_with_type": "Xã Diên Lâm",
        "path": "Diên Lâm, Diên Khánh, Khánh Hòa",
        "path_with_type": "Xã Diên Lâm, Huyện Diên Khánh, Tỉnh Khánh Hòa",
        "code": "22654",
        "parent_code": "574"
    },
    "22657": {
        "name": "Diên Điền",
        "type": "xa",
        "slug": "dien-dien",
        "name_with_type": "Xã Diên Điền",
        "path": "Diên Điền, Diên Khánh, Khánh Hòa",
        "path_with_type": "Xã Diên Điền, Huyện Diên Khánh, Tỉnh Khánh Hòa",
        "code": "22657",
        "parent_code": "574"
    },
    "22660": {
        "name": "Diên Xuân",
        "type": "xa",
        "slug": "dien-xuan",
        "name_with_type": "Xã Diên Xuân",
        "path": "Diên Xuân, Diên Khánh, Khánh Hòa",
        "path_with_type": "Xã Diên Xuân, Huyện Diên Khánh, Tỉnh Khánh Hòa",
        "code": "22660",
        "parent_code": "574"
    },
    "22663": {
        "name": "Diên Sơn",
        "type": "xa",
        "slug": "dien-son",
        "name_with_type": "Xã Diên Sơn",
        "path": "Diên Sơn, Diên Khánh, Khánh Hòa",
        "path_with_type": "Xã Diên Sơn, Huyện Diên Khánh, Tỉnh Khánh Hòa",
        "code": "22663",
        "parent_code": "574"
    },
    "22666": {
        "name": "Diên Đồng",
        "type": "xa",
        "slug": "dien-dong",
        "name_with_type": "Xã Diên Đồng",
        "path": "Diên Đồng, Diên Khánh, Khánh Hòa",
        "path_with_type": "Xã Diên Đồng, Huyện Diên Khánh, Tỉnh Khánh Hòa",
        "code": "22666",
        "parent_code": "574"
    },
    "22669": {
        "name": "Diên Phú",
        "type": "xa",
        "slug": "dien-phu",
        "name_with_type": "Xã Diên Phú",
        "path": "Diên Phú, Diên Khánh, Khánh Hòa",
        "path_with_type": "Xã Diên Phú, Huyện Diên Khánh, Tỉnh Khánh Hòa",
        "code": "22669",
        "parent_code": "574"
    },
    "22672": {
        "name": "Diên Thọ",
        "type": "xa",
        "slug": "dien-tho",
        "name_with_type": "Xã Diên Thọ",
        "path": "Diên Thọ, Diên Khánh, Khánh Hòa",
        "path_with_type": "Xã Diên Thọ, Huyện Diên Khánh, Tỉnh Khánh Hòa",
        "code": "22672",
        "parent_code": "574"
    },
    "22675": {
        "name": "Diên Phước",
        "type": "xa",
        "slug": "dien-phuoc",
        "name_with_type": "Xã Diên Phước",
        "path": "Diên Phước, Diên Khánh, Khánh Hòa",
        "path_with_type": "Xã Diên Phước, Huyện Diên Khánh, Tỉnh Khánh Hòa",
        "code": "22675",
        "parent_code": "574"
    },
    "22678": {
        "name": "Diên Lạc",
        "type": "xa",
        "slug": "dien-lac",
        "name_with_type": "Xã Diên Lạc",
        "path": "Diên Lạc, Diên Khánh, Khánh Hòa",
        "path_with_type": "Xã Diên Lạc, Huyện Diên Khánh, Tỉnh Khánh Hòa",
        "code": "22678",
        "parent_code": "574"
    },
    "22681": {
        "name": "Diên Tân",
        "type": "xa",
        "slug": "dien-tan",
        "name_with_type": "Xã Diên Tân",
        "path": "Diên Tân, Diên Khánh, Khánh Hòa",
        "path_with_type": "Xã Diên Tân, Huyện Diên Khánh, Tỉnh Khánh Hòa",
        "code": "22681",
        "parent_code": "574"
    },
    "22684": {
        "name": "Diên Hòa",
        "type": "xa",
        "slug": "dien-hoa",
        "name_with_type": "Xã Diên Hòa",
        "path": "Diên Hòa, Diên Khánh, Khánh Hòa",
        "path_with_type": "Xã Diên Hòa, Huyện Diên Khánh, Tỉnh Khánh Hòa",
        "code": "22684",
        "parent_code": "574"
    },
    "22687": {
        "name": "Diên Thạnh",
        "type": "xa",
        "slug": "dien-thanh",
        "name_with_type": "Xã Diên Thạnh",
        "path": "Diên Thạnh, Diên Khánh, Khánh Hòa",
        "path_with_type": "Xã Diên Thạnh, Huyện Diên Khánh, Tỉnh Khánh Hòa",
        "code": "22687",
        "parent_code": "574"
    },
    "22690": {
        "name": "Diên Toàn",
        "type": "xa",
        "slug": "dien-toan",
        "name_with_type": "Xã Diên Toàn",
        "path": "Diên Toàn, Diên Khánh, Khánh Hòa",
        "path_with_type": "Xã Diên Toàn, Huyện Diên Khánh, Tỉnh Khánh Hòa",
        "code": "22690",
        "parent_code": "574"
    },
    "22693": {
        "name": "Diên An",
        "type": "xa",
        "slug": "dien-an",
        "name_with_type": "Xã Diên An",
        "path": "Diên An, Diên Khánh, Khánh Hòa",
        "path_with_type": "Xã Diên An, Huyện Diên Khánh, Tỉnh Khánh Hòa",
        "code": "22693",
        "parent_code": "574"
    },
    "22696": {
        "name": "Bình Lộc",
        "type": "xa",
        "slug": "binh-loc",
        "name_with_type": "Xã Bình Lộc",
        "path": "Bình Lộc, Diên Khánh, Khánh Hòa",
        "path_with_type": "Xã Bình Lộc, Huyện Diên Khánh, Tỉnh Khánh Hòa",
        "code": "22696",
        "parent_code": "574"
    },
    "22702": {
        "name": "Suối Hiệp",
        "type": "xa",
        "slug": "suoi-hiep",
        "name_with_type": "Xã Suối Hiệp",
        "path": "Suối Hiệp, Diên Khánh, Khánh Hòa",
        "path_with_type": "Xã Suối Hiệp, Huyện Diên Khánh, Tỉnh Khánh Hòa",
        "code": "22702",
        "parent_code": "574"
    },
    "22705": {
        "name": "Suối Tiên",
        "type": "xa",
        "slug": "suoi-tien",
        "name_with_type": "Xã Suối Tiên",
        "path": "Suối Tiên, Diên Khánh, Khánh Hòa",
        "path_with_type": "Xã Suối Tiên, Huyện Diên Khánh, Tỉnh Khánh Hòa",
        "code": "22705",
        "parent_code": "574"
    }
}