{
    "22738": {
        "name": "Đô Vinh",
        "type": "phuong",
        "slug": "do-vinh",
        "name_with_type": "Phường Đô Vinh",
        "path": "Đô Vinh, Phan Rang-Tháp Chàm, Ninh Thuận",
        "path_with_type": "Phường Đô Vinh, Thành phố Phan Rang-Tháp Chàm, Tỉnh Ninh Thuận",
        "code": "22738",
        "parent_code": "582"
    },
    "22741": {
        "name": "Phước Mỹ",
        "type": "phuong",
        "slug": "phuoc-my",
        "name_with_type": "Phường Phước Mỹ",
        "path": "Phước Mỹ, Phan Rang-Tháp Chàm, Ninh Thuận",
        "path_with_type": "Phường Phước Mỹ, Thành phố Phan Rang-Tháp Chàm, Tỉnh Ninh Thuận",
        "code": "22741",
        "parent_code": "582"
    },
    "22744": {
        "name": "Bảo An",
        "type": "phuong",
        "slug": "bao-an",
        "name_with_type": "Phường Bảo An",
        "path": "Bảo An, Phan Rang-Tháp Chàm, Ninh Thuận",
        "path_with_type": "Phường Bảo An, Thành phố Phan Rang-Tháp Chàm, Tỉnh Ninh Thuận",
        "code": "22744",
        "parent_code": "582"
    },
    "22747": {
        "name": "Phủ Hà",
        "type": "phuong",
        "slug": "phu-ha",
        "name_with_type": "Phường Phủ Hà",
        "path": "Phủ Hà, Phan Rang-Tháp Chàm, Ninh Thuận",
        "path_with_type": "Phường Phủ Hà, Thành phố Phan Rang-Tháp Chàm, Tỉnh Ninh Thuận",
        "code": "22747",
        "parent_code": "582"
    },
    "22750": {
        "name": "Thanh Sơn",
        "type": "phuong",
        "slug": "thanh-son",
        "name_with_type": "Phường Thanh Sơn",
        "path": "Thanh Sơn, Phan Rang-Tháp Chàm, Ninh Thuận",
        "path_with_type": "Phường Thanh Sơn, Thành phố Phan Rang-Tháp Chàm, Tỉnh Ninh Thuận",
        "code": "22750",
        "parent_code": "582"
    },
    "22753": {
        "name": "Mỹ Hương",
        "type": "phuong",
        "slug": "my-huong",
        "name_with_type": "Phường Mỹ Hương",
        "path": "Mỹ Hương, Phan Rang-Tháp Chàm, Ninh Thuận",
        "path_with_type": "Phường Mỹ Hương, Thành phố Phan Rang-Tháp Chàm, Tỉnh Ninh Thuận",
        "code": "22753",
        "parent_code": "582"
    },
    "22756": {
        "name": "Tấn Tài",
        "type": "phuong",
        "slug": "tan-tai",
        "name_with_type": "Phường Tấn Tài",
        "path": "Tấn Tài, Phan Rang-Tháp Chàm, Ninh Thuận",
        "path_with_type": "Phường Tấn Tài, Thành phố Phan Rang-Tháp Chàm, Tỉnh Ninh Thuận",
        "code": "22756",
        "parent_code": "582"
    },
    "22759": {
        "name": "Kinh Dinh",
        "type": "phuong",
        "slug": "kinh-dinh",
        "name_with_type": "Phường Kinh Dinh",
        "path": "Kinh Dinh, Phan Rang-Tháp Chàm, Ninh Thuận",
        "path_with_type": "Phường Kinh Dinh, Thành phố Phan Rang-Tháp Chàm, Tỉnh Ninh Thuận",
        "code": "22759",
        "parent_code": "582"
    },
    "22762": {
        "name": "Đạo Long",
        "type": "phuong",
        "slug": "dao-long",
        "name_with_type": "Phường Đạo Long",
        "path": "Đạo Long, Phan Rang-Tháp Chàm, Ninh Thuận",
        "path_with_type": "Phường Đạo Long, Thành phố Phan Rang-Tháp Chàm, Tỉnh Ninh Thuận",
        "code": "22762",
        "parent_code": "582"
    },
    "22765": {
        "name": "Đài Sơn",
        "type": "phuong",
        "slug": "dai-son",
        "name_with_type": "Phường Đài Sơn",
        "path": "Đài Sơn, Phan Rang-Tháp Chàm, Ninh Thuận",
        "path_with_type": "Phường Đài Sơn, Thành phố Phan Rang-Tháp Chàm, Tỉnh Ninh Thuận",
        "code": "22765",
        "parent_code": "582"
    },
    "22768": {
        "name": "Đông Hải",
        "type": "phuong",
        "slug": "dong-hai",
        "name_with_type": "Phường Đông Hải",
        "path": "Đông Hải, Phan Rang-Tháp Chàm, Ninh Thuận",
        "path_with_type": "Phường Đông Hải, Thành phố Phan Rang-Tháp Chàm, Tỉnh Ninh Thuận",
        "code": "22768",
        "parent_code": "582"
    },
    "22771": {
        "name": "Mỹ Đông",
        "type": "phuong",
        "slug": "my-dong",
        "name_with_type": "Phường Mỹ Đông",
        "path": "Mỹ Đông, Phan Rang-Tháp Chàm, Ninh Thuận",
        "path_with_type": "Phường Mỹ Đông, Thành phố Phan Rang-Tháp Chàm, Tỉnh Ninh Thuận",
        "code": "22771",
        "parent_code": "582"
    },
    "22774": {
        "name": "Thành Hải",
        "type": "xa",
        "slug": "thanh-hai",
        "name_with_type": "Xã Thành Hải",
        "path": "Thành Hải, Phan Rang-Tháp Chàm, Ninh Thuận",
        "path_with_type": "Xã Thành Hải, Thành phố Phan Rang-Tháp Chàm, Tỉnh Ninh Thuận",
        "code": "22774",
        "parent_code": "582"
    },
    "22777": {
        "name": "Văn Hải",
        "type": "phuong",
        "slug": "van-hai",
        "name_with_type": "Phường Văn Hải",
        "path": "Văn Hải, Phan Rang-Tháp Chàm, Ninh Thuận",
        "path_with_type": "Phường Văn Hải, Thành phố Phan Rang-Tháp Chàm, Tỉnh Ninh Thuận",
        "code": "22777",
        "parent_code": "582"
    },
    "22779": {
        "name": "Mỹ Bình",
        "type": "phuong",
        "slug": "my-binh",
        "name_with_type": "Phường Mỹ Bình",
        "path": "Mỹ Bình, Phan Rang-Tháp Chàm, Ninh Thuận",
        "path_with_type": "Phường Mỹ Bình, Thành phố Phan Rang-Tháp Chàm, Tỉnh Ninh Thuận",
        "code": "22779",
        "parent_code": "582"
    },
    "22780": {
        "name": "Mỹ Hải",
        "type": "phuong",
        "slug": "my-hai",
        "name_with_type": "Phường Mỹ Hải",
        "path": "Mỹ Hải, Phan Rang-Tháp Chàm, Ninh Thuận",
        "path_with_type": "Phường Mỹ Hải, Thành phố Phan Rang-Tháp Chàm, Tỉnh Ninh Thuận",
        "code": "22780",
        "parent_code": "582"
    }
}